0 verbose cli C:\Program Files\nodejs\node.exe C:\Program Files\nodejs\node_modules\npm\bin\npm-cli.js
1 info using npm@10.9.3
2 info using node@v22.19.0
3 silly config load:file:C:\Program Files\nodejs\node_modules\npm\npmrc
4 silly config load:file:C:\Users\kemo1\OneDrive\Documenten\wts\Frontend-main\Frontend-main\.npmrc
5 silly config load:file:C:\Users\kemo1\.npmrc
6 silly config load:file:C:\Users\kemo1\AppData\Roaming\npm\etc\npmrc
7 verbose title npm install
8 verbose argv "install" "--cache" ".\\.npm-cache"
9 verbose logfile logs-max:10 dir:C:\Users\kemo1\OneDrive\Documenten\wts\Frontend-main\Frontend-main\.npm-cache\_logs\2026-05-12T07_29_11_533Z-
10 verbose logfile C:\Users\kemo1\OneDrive\Documenten\wts\Frontend-main\Frontend-main\.npm-cache\_logs\2026-05-12T07_29_11_533Z-debug-0.log
11 silly logfile done cleaning log files
12 silly packumentCache heap:4345298944 maxSize:1086324736 maxEntrySize:543162368
13 silly idealTree buildDeps
14 silly reify mark retired [
14 silly reify   'C:\\Users\\kemo1\\OneDrive\\Documenten\\wts\\Frontend-main\\Frontend-main\\node_modules\\acorn'
14 silly reify ]
15 silly reify mark retired [
15 silly reify   'C:\\Users\\kemo1\\OneDrive\\Documenten\\wts\\Frontend-main\\Frontend-main\\node_modules\\acorn-jsx'
15 silly reify ]
16 silly reify mark retired [
16 silly reify   'C:\\Users\\kemo1\\OneDrive\\Documenten\\wts\\Frontend-main\\Frontend-main\\node_modules\\ajv'
16 silly reify ]
17 silly reify mark retired [
17 silly reify   'C:\\Users\\kemo1\\OneDrive\\Documenten\\wts\\Frontend-main\\Frontend-main\\node_modules\\ansi-styles'
17 silly reify ]
18 silly reify mark retired [
18 silly reify   'C:\\Users\\kemo1\\OneDrive\\Documenten\\wts\\Frontend-main\\Frontend-main\\node_modules\\any-promise'
18 silly reify ]
19 silly reify mark retired [
19 silly reify   'C:\\Users\\kemo1\\OneDrive\\Documenten\\wts\\Frontend-main\\Frontend-main\\node_modules\\anymatch'
19 silly reify ]
20 silly reify mark retired [
20 silly reify   'C:\\Users\\kemo1\\OneDrive\\Documenten\\wts\\Frontend-main\\Frontend-main\\node_modules\\arg'
20 silly reify ]
21 silly reify mark retired [
21 silly reify   'C:\\Users\\kemo1\\OneDrive\\Documenten\\wts\\Frontend-main\\Frontend-main\\node_modules\\argparse'
21 silly reify ]
22 silly reify mark retired [
22 silly reify   'C:\\Users\\kemo1\\OneDrive\\Documenten\\wts\\Frontend-main\\Frontend-main\\node_modules\\aria-query'
22 silly reify ]
23 silly reify mark retired [
23 silly reify   'C:\\Users\\kemo1\\OneDrive\\Documenten\\wts\\Frontend-main\\Frontend-main\\node_modules\\array-buffer-byte-length'
23 silly reify ]
24 silly reify mark retired [
24 silly reify   'C:\\Users\\kemo1\\OneDrive\\Documenten\\wts\\Frontend-main\\Frontend-main\\node_modules\\array-includes'
24 silly reify ]
25 silly reify mark retired [
25 silly reify   'C:\\Users\\kemo1\\OneDrive\\Documenten\\wts\\Frontend-main\\Frontend-main\\node_modules\\array.prototype.findlast'
25 silly reify ]
26 silly reify mark retired [
26 silly reify   'C:\\Users\\kemo1\\OneDrive\\Documenten\\wts\\Frontend-main\\Frontend-main\\node_modules\\array.prototype.flat'
26 silly reify ]
27 silly reify mark retired [
27 silly reify   'C:\\Users\\kemo1\\OneDrive\\Documenten\\wts\\Frontend-main\\Frontend-main\\node_modules\\array.prototype.findlastindex'
27 silly reify ]
28 silly reify mark retired [
28 silly reify   'C:\\Users\\kemo1\\OneDrive\\Documenten\\wts\\Frontend-main\\Frontend-main\\node_modules\\array.prototype.flatmap'
28 silly reify ]
29 silly reify mark retired [
29 silly reify   'C:\\Users\\kemo1\\OneDrive\\Documenten\\wts\\Frontend-main\\Frontend-main\\node_modules\\array.prototype.tosorted'
29 silly reify ]
30 silly reify mark retired [
30 silly reify   'C:\\Users\\kemo1\\OneDrive\\Documenten\\wts\\Frontend-main\\Frontend-main\\node_modules\\arraybuffer.prototype.slice'
30 silly reify ]
31 silly reify mark retired [
31 silly reify   'C:\\Users\\kemo1\\OneDrive\\Documenten\\wts\\Frontend-main\\Frontend-main\\node_modules\\ast-types-flow'
31 silly reify ]
32 silly reify mark retired [
32 silly reify   'C:\\Users\\kemo1\\OneDrive\\Documenten\\wts\\Frontend-main\\Frontend-main\\node_modules\\async-function'
32 silly reify ]
33 silly reify mark retired [
33 silly reify   'C:\\Users\\kemo1\\OneDrive\\Documenten\\wts\\Frontend-main\\Frontend-main\\node_modules\\autoprefixer'
33 silly reify ]
34 silly reify mark retired [
34 silly reify   'C:\\Users\\kemo1\\OneDrive\\Documenten\\wts\\Frontend-main\\Frontend-main\\node_modules\\available-typed-arrays'
34 silly reify ]
35 silly reify mark retired [
35 silly reify   'C:\\Users\\kemo1\\OneDrive\\Documenten\\wts\\Frontend-main\\Frontend-main\\node_modules\\axe-core'
35 silly reify ]
36 silly reify mark retired [
36 silly reify   'C:\\Users\\kemo1\\OneDrive\\Documenten\\wts\\Frontend-main\\Frontend-main\\node_modules\\axobject-query'
36 silly reify ]
37 silly reify mark retired [
37 silly reify   'C:\\Users\\kemo1\\OneDrive\\Documenten\\wts\\Frontend-main\\Frontend-main\\node_modules\\balanced-match'
37 silly reify ]
38 silly reify mark retired [
38 silly reify   'C:\\Users\\kemo1\\OneDrive\\Documenten\\wts\\Frontend-main\\Frontend-main\\node_modules\\baseline-browser-mapping'
38 silly reify ]
39 silly reify mark retired [
39 silly reify   'C:\\Users\\kemo1\\OneDrive\\Documenten\\wts\\Frontend-main\\Frontend-main\\node_modules\\brace-expansion'
39 silly reify ]
40 silly reify mark retired [
40 silly reify   'C:\\Users\\kemo1\\OneDrive\\Documenten\\wts\\Frontend-main\\Frontend-main\\node_modules\\binary-extensions'
40 silly reify ]
41 silly reify mark retired [
41 silly reify   'C:\\Users\\kemo1\\OneDrive\\Documenten\\wts\\Frontend-main\\Frontend-main\\node_modules\\browserslist'
41 silly reify ]
42 silly reify mark retired [
42 silly reify   'C:\\Users\\kemo1\\OneDrive\\Documenten\\wts\\Frontend-main\\Frontend-main\\node_modules\\braces'
42 silly reify ]
43 silly reify mark retired [
43 silly reify   'C:\\Users\\kemo1\\OneDrive\\Documenten\\wts\\Frontend-main\\Frontend-main\\node_modules\\call-bind'
43 silly reify ]
44 silly reify mark retired [
44 silly reify   'C:\\Users\\kemo1\\OneDrive\\Documenten\\wts\\Frontend-main\\Frontend-main\\node_modules\\call-bind-apply-helpers'
44 silly reify ]
45 silly reify mark retired [
45 silly reify   'C:\\Users\\kemo1\\OneDrive\\Documenten\\wts\\Frontend-main\\Frontend-main\\node_modules\\call-bound'
45 silly reify ]
46 silly reify mark retired [
46 silly reify   'C:\\Users\\kemo1\\OneDrive\\Documenten\\wts\\Frontend-main\\Frontend-main\\node_modules\\callsites'
46 silly reify ]
47 silly reify mark retired [
47 silly reify   'C:\\Users\\kemo1\\OneDrive\\Documenten\\wts\\Frontend-main\\Frontend-main\\node_modules\\camelcase-css'
47 silly reify ]
48 silly reify mark retired [
48 silly reify   'C:\\Users\\kemo1\\OneDrive\\Documenten\\wts\\Frontend-main\\Frontend-main\\node_modules\\chalk'
48 silly reify ]
49 silly reify mark retired [
49 silly reify   'C:\\Users\\kemo1\\OneDrive\\Documenten\\wts\\Frontend-main\\Frontend-main\\node_modules\\chokidar'
49 silly reify ]
50 silly reify mark retired [
50 silly reify   'C:\\Users\\kemo1\\OneDrive\\Documenten\\wts\\Frontend-main\\Frontend-main\\node_modules\\caniuse-lite'
50 silly reify ]
51 silly reify mark retired [
51 silly reify   'C:\\Users\\kemo1\\OneDrive\\Documenten\\wts\\Frontend-main\\Frontend-main\\node_modules\\client-only'
51 silly reify ]
52 silly reify mark retired [
52 silly reify   'C:\\Users\\kemo1\\OneDrive\\Documenten\\wts\\Frontend-main\\Frontend-main\\node_modules\\clsx'
52 silly reify ]
53 silly reify mark retired [
53 silly reify   'C:\\Users\\kemo1\\OneDrive\\Documenten\\wts\\Frontend-main\\Frontend-main\\node_modules\\color-convert'
53 silly reify ]
54 silly reify mark retired [
54 silly reify   'C:\\Users\\kemo1\\OneDrive\\Documenten\\wts\\Frontend-main\\Frontend-main\\node_modules\\color-name'
54 silly reify ]
55 silly reify mark retired [
55 silly reify   'C:\\Users\\kemo1\\OneDrive\\Documenten\\wts\\Frontend-main\\Frontend-main\\node_modules\\commander'
55 silly reify ]
56 silly reify mark retired [
56 silly reify   'C:\\Users\\kemo1\\OneDrive\\Documenten\\wts\\Frontend-main\\Frontend-main\\node_modules\\concat-map'
56 silly reify ]
57 silly reify mark retired [
57 silly reify   'C:\\Users\\kemo1\\OneDrive\\Documenten\\wts\\Frontend-main\\Frontend-main\\node_modules\\convert-source-map'
57 silly reify ]
58 silly reify mark retired [
58 silly reify   'C:\\Users\\kemo1\\OneDrive\\Documenten\\wts\\Frontend-main\\Frontend-main\\node_modules\\cross-spawn'
58 silly reify ]
59 silly reify mark retired [
59 silly reify   'C:\\Users\\kemo1\\OneDrive\\Documenten\\wts\\Frontend-main\\Frontend-main\\node_modules\\cssesc'
59 silly reify ]
60 silly reify mark retired [
60 silly reify   'C:\\Users\\kemo1\\OneDrive\\Documenten\\wts\\Frontend-main\\Frontend-main\\node_modules\\csstype'
60 silly reify ]
61 silly reify mark retired [
61 silly reify   'C:\\Users\\kemo1\\OneDrive\\Documenten\\wts\\Frontend-main\\Frontend-main\\node_modules\\damerau-levenshtein'
61 silly reify ]
62 silly reify mark retired [
62 silly reify   'C:\\Users\\kemo1\\OneDrive\\Documenten\\wts\\Frontend-main\\Frontend-main\\node_modules\\data-view-buffer'
62 silly reify ]
63 silly reify mark retired [
63 silly reify   'C:\\Users\\kemo1\\OneDrive\\Documenten\\wts\\Frontend-main\\Frontend-main\\node_modules\\data-view-byte-length'
63 silly reify ]
64 silly reify mark retired [
64 silly reify   'C:\\Users\\kemo1\\OneDrive\\Documenten\\wts\\Frontend-main\\Frontend-main\\node_modules\\debug'
64 silly reify ]
65 silly reify mark retired [
65 silly reify   'C:\\Users\\kemo1\\OneDrive\\Documenten\\wts\\Frontend-main\\Frontend-main\\node_modules\\data-view-byte-offset'
65 silly reify ]
66 silly reify mark retired [
66 silly reify   'C:\\Users\\kemo1\\OneDrive\\Documenten\\wts\\Frontend-main\\Frontend-main\\node_modules\\deep-is'
66 silly reify ]
67 silly reify mark retired [
67 silly reify   'C:\\Users\\kemo1\\OneDrive\\Documenten\\wts\\Frontend-main\\Frontend-main\\node_modules\\define-data-property'
67 silly reify ]
68 silly reify mark retired [
68 silly reify   'C:\\Users\\kemo1\\OneDrive\\Documenten\\wts\\Frontend-main\\Frontend-main\\node_modules\\define-properties'
68 silly reify ]
69 silly reify mark retired [
69 silly reify   'C:\\Users\\kemo1\\OneDrive\\Documenten\\wts\\Frontend-main\\Frontend-main\\node_modules\\didyoumean'
69 silly reify ]
70 silly reify mark retired [
70 silly reify   'C:\\Users\\kemo1\\OneDrive\\Documenten\\wts\\Frontend-main\\Frontend-main\\node_modules\\dlv'
70 silly reify ]
71 silly reify mark retired [
71 silly reify   'C:\\Users\\kemo1\\OneDrive\\Documenten\\wts\\Frontend-main\\Frontend-main\\node_modules\\detect-libc'
71 silly reify ]
72 silly reify mark retired [
72 silly reify   'C:\\Users\\kemo1\\OneDrive\\Documenten\\wts\\Frontend-main\\Frontend-main\\node_modules\\doctrine'
72 silly reify ]
73 silly reify mark retired [
73 silly reify   'C:\\Users\\kemo1\\OneDrive\\Documenten\\wts\\Frontend-main\\Frontend-main\\node_modules\\dunder-proto'
73 silly reify ]
74 silly reify mark retired [
74 silly reify   'C:\\Users\\kemo1\\OneDrive\\Documenten\\wts\\Frontend-main\\Frontend-main\\node_modules\\electron-to-chromium'
74 silly reify ]
75 silly reify mark retired [
75 silly reify   'C:\\Users\\kemo1\\OneDrive\\Documenten\\wts\\Frontend-main\\Frontend-main\\node_modules\\emoji-regex'
75 silly reify ]
76 silly reify mark retired [
76 silly reify   'C:\\Users\\kemo1\\OneDrive\\Documenten\\wts\\Frontend-main\\Frontend-main\\node_modules\\es-abstract'
76 silly reify ]
77 silly reify mark retired [
77 silly reify   'C:\\Users\\kemo1\\OneDrive\\Documenten\\wts\\Frontend-main\\Frontend-main\\node_modules\\es-errors'
77 silly reify ]
78 silly reify mark retired [
78 silly reify   'C:\\Users\\kemo1\\OneDrive\\Documenten\\wts\\Frontend-main\\Frontend-main\\node_modules\\es-define-property'
78 silly reify ]
79 silly reify mark retired [
79 silly reify   'C:\\Users\\kemo1\\OneDrive\\Documenten\\wts\\Frontend-main\\Frontend-main\\node_modules\\es-iterator-helpers'
79 silly reify ]
80 silly reify mark retired [
80 silly reify   'C:\\Users\\kemo1\\OneDrive\\Documenten\\wts\\Frontend-main\\Frontend-main\\node_modules\\es-object-atoms'
80 silly reify ]
81 silly reify mark retired [
81 silly reify   'C:\\Users\\kemo1\\OneDrive\\Documenten\\wts\\Frontend-main\\Frontend-main\\node_modules\\es-set-tostringtag'
81 silly reify ]
82 silly reify mark retired [
82 silly reify   'C:\\Users\\kemo1\\OneDrive\\Documenten\\wts\\Frontend-main\\Frontend-main\\node_modules\\es-to-primitive'
82 silly reify ]
83 silly reify mark retired [
83 silly reify   'C:\\Users\\kemo1\\OneDrive\\Documenten\\wts\\Frontend-main\\Frontend-main\\node_modules\\es-shim-unscopables'
83 silly reify ]
84 silly reify mark retired [
84 silly reify   'C:\\Users\\kemo1\\OneDrive\\Documenten\\wts\\Frontend-main\\Frontend-main\\node_modules\\escalade'
84 silly reify ]
85 silly reify mark retired [
85 silly reify   'C:\\Users\\kemo1\\OneDrive\\Documenten\\wts\\Frontend-main\\Frontend-main\\node_modules\\escape-string-regexp'
85 silly reify ]
86 silly reify mark retired [
86 silly reify   'C:\\Users\\kemo1\\OneDrive\\Documenten\\wts\\Frontend-main\\Frontend-main\\node_modules\\eslint'
86 silly reify ]
87 silly reify mark retired [
87 silly reify   'C:\\Users\\kemo1\\OneDrive\\Documenten\\wts\\Frontend-main\\Frontend-main\\node_modules\\eslint-config-next'
87 silly reify ]
88 silly reify mark retired [
88 silly reify   'C:\\Users\\kemo1\\OneDrive\\Documenten\\wts\\Frontend-main\\Frontend-main\\node_modules\\eslint-import-resolver-node'
88 silly reify ]
89 silly reify mark retired [
89 silly reify   'C:\\Users\\kemo1\\OneDrive\\Documenten\\wts\\Frontend-main\\Frontend-main\\node_modules\\eslint-import-resolver-typescript'
89 silly reify ]
90 silly reify mark retired [
90 silly reify   'C:\\Users\\kemo1\\OneDrive\\Documenten\\wts\\Frontend-main\\Frontend-main\\node_modules\\eslint-module-utils'
90 silly reify ]
91 silly reify mark retired [
91 silly reify   'C:\\Users\\kemo1\\OneDrive\\Documenten\\wts\\Frontend-main\\Frontend-main\\node_modules\\eslint-plugin-import'
91 silly reify ]
92 silly reify mark retired [
92 silly reify   'C:\\Users\\kemo1\\OneDrive\\Documenten\\wts\\Frontend-main\\Frontend-main\\node_modules\\eslint-plugin-react-hooks'
92 silly reify ]
93 silly reify mark retired [
93 silly reify   'C:\\Users\\kemo1\\OneDrive\\Documenten\\wts\\Frontend-main\\Frontend-main\\node_modules\\eslint-plugin-jsx-a11y'
93 silly reify ]
94 silly reify mark retired [
94 silly reify   'C:\\Users\\kemo1\\OneDrive\\Documenten\\wts\\Frontend-main\\Frontend-main\\node_modules\\espree'
94 silly reify ]
95 silly reify mark retired [
95 silly reify   'C:\\Users\\kemo1\\OneDrive\\Documenten\\wts\\Frontend-main\\Frontend-main\\node_modules\\eslint-scope'
95 silly reify ]
96 silly reify mark retired [
96 silly reify   'C:\\Users\\kemo1\\OneDrive\\Documenten\\wts\\Frontend-main\\Frontend-main\\node_modules\\eslint-visitor-keys'
96 silly reify ]
97 silly reify mark retired [
97 silly reify   'C:\\Users\\kemo1\\OneDrive\\Documenten\\wts\\Frontend-main\\Frontend-main\\node_modules\\esquery'
97 silly reify ]
98 silly reify mark retired [
98 silly reify   'C:\\Users\\kemo1\\OneDrive\\Documenten\\wts\\Frontend-main\\Frontend-main\\node_modules\\esrecurse'
98 silly reify ]
99 silly reify mark retired [
99 silly reify   'C:\\Users\\kemo1\\OneDrive\\Documenten\\wts\\Frontend-main\\Frontend-main\\node_modules\\estraverse'
99 silly reify ]
100 silly reify mark retired [
100 silly reify   'C:\\Users\\kemo1\\OneDrive\\Documenten\\wts\\Frontend-main\\Frontend-main\\node_modules\\esutils'
100 silly reify ]
101 silly reify mark retired [
101 silly reify   'C:\\Users\\kemo1\\OneDrive\\Documenten\\wts\\Frontend-main\\Frontend-main\\node_modules\\fast-deep-equal'
101 silly reify ]
102 silly reify mark retired [
102 silly reify   'C:\\Users\\kemo1\\OneDrive\\Documenten\\wts\\Frontend-main\\Frontend-main\\node_modules\\fast-glob'
102 silly reify ]
103 silly reify mark retired [
103 silly reify   'C:\\Users\\kemo1\\OneDrive\\Documenten\\wts\\Frontend-main\\Frontend-main\\node_modules\\fast-json-stable-stringify'
103 silly reify ]
104 silly reify mark retired [
104 silly reify   'C:\\Users\\kemo1\\OneDrive\\Documenten\\wts\\Frontend-main\\Frontend-main\\node_modules\\fast-levenshtein'
104 silly reify ]
105 silly reify mark retired [
105 silly reify   'C:\\Users\\kemo1\\OneDrive\\Documenten\\wts\\Frontend-main\\Frontend-main\\node_modules\\fastq'
105 silly reify ]
106 silly reify mark retired [
106 silly reify   'C:\\Users\\kemo1\\OneDrive\\Documenten\\wts\\Frontend-main\\Frontend-main\\node_modules\\file-entry-cache'
106 silly reify ]
107 silly reify mark retired [
107 silly reify   'C:\\Users\\kemo1\\OneDrive\\Documenten\\wts\\Frontend-main\\Frontend-main\\node_modules\\fill-range'
107 silly reify ]
108 silly reify mark retired [
108 silly reify   'C:\\Users\\kemo1\\OneDrive\\Documenten\\wts\\Frontend-main\\Frontend-main\\node_modules\\find-up'
108 silly reify ]
109 silly reify mark retired [
109 silly reify   'C:\\Users\\kemo1\\OneDrive\\Documenten\\wts\\Frontend-main\\Frontend-main\\node_modules\\flat-cache'
109 silly reify ]
110 silly reify mark retired [
110 silly reify   'C:\\Users\\kemo1\\OneDrive\\Documenten\\wts\\Frontend-main\\Frontend-main\\node_modules\\flatted'
110 silly reify ]
111 silly reify mark retired [
111 silly reify   'C:\\Users\\kemo1\\OneDrive\\Documenten\\wts\\Frontend-main\\Frontend-main\\node_modules\\for-each'
111 silly reify ]
112 silly reify mark retired [
112 silly reify   'C:\\Users\\kemo1\\OneDrive\\Documenten\\wts\\Frontend-main\\Frontend-main\\node_modules\\fraction.js'
112 silly reify ]
113 silly reify mark retired [
113 silly reify   'C:\\Users\\kemo1\\OneDrive\\Documenten\\wts\\Frontend-main\\Frontend-main\\node_modules\\fsevents'
113 silly reify ]
114 silly reify mark retired [
114 silly reify   'C:\\Users\\kemo1\\OneDrive\\Documenten\\wts\\Frontend-main\\Frontend-main\\node_modules\\function-bind'
114 silly reify ]
115 silly reify mark retired [
115 silly reify   'C:\\Users\\kemo1\\OneDrive\\Documenten\\wts\\Frontend-main\\Frontend-main\\node_modules\\function.prototype.name'
115 silly reify ]
116 silly reify mark retired [
116 silly reify   'C:\\Users\\kemo1\\OneDrive\\Documenten\\wts\\Frontend-main\\Frontend-main\\node_modules\\functions-have-names'
116 silly reify ]
117 silly reify mark retired [
117 silly reify   'C:\\Users\\kemo1\\OneDrive\\Documenten\\wts\\Frontend-main\\Frontend-main\\node_modules\\generator-function'
117 silly reify ]
118 silly reify mark retired [
118 silly reify   'C:\\Users\\kemo1\\OneDrive\\Documenten\\wts\\Frontend-main\\Frontend-main\\node_modules\\gensync'
118 silly reify ]
119 silly reify mark retired [
119 silly reify   'C:\\Users\\kemo1\\OneDrive\\Documenten\\wts\\Frontend-main\\Frontend-main\\node_modules\\get-intrinsic'
119 silly reify ]
120 silly reify mark retired [
120 silly reify   'C:\\Users\\kemo1\\OneDrive\\Documenten\\wts\\Frontend-main\\Frontend-main\\node_modules\\get-proto'
120 silly reify ]
121 silly reify mark retired [
121 silly reify   'C:\\Users\\kemo1\\OneDrive\\Documenten\\wts\\Frontend-main\\Frontend-main\\node_modules\\get-symbol-description'
121 silly reify ]
122 silly reify mark retired [
122 silly reify   'C:\\Users\\kemo1\\OneDrive\\Documenten\\wts\\Frontend-main\\Frontend-main\\node_modules\\get-tsconfig'
122 silly reify ]
123 silly reify mark retired [
123 silly reify   'C:\\Users\\kemo1\\OneDrive\\Documenten\\wts\\Frontend-main\\Frontend-main\\node_modules\\glob-parent'
123 silly reify ]
124 silly reify mark retired [
124 silly reify   'C:\\Users\\kemo1\\OneDrive\\Documenten\\wts\\Frontend-main\\Frontend-main\\node_modules\\globals'
124 silly reify ]
125 silly reify mark retired [
125 silly reify   'C:\\Users\\kemo1\\OneDrive\\Documenten\\wts\\Frontend-main\\Frontend-main\\node_modules\\gopd'
125 silly reify ]
126 silly reify mark retired [
126 silly reify   'C:\\Users\\kemo1\\OneDrive\\Documenten\\wts\\Frontend-main\\Frontend-main\\node_modules\\globalthis'
126 silly reify ]
127 silly reify mark retired [
127 silly reify   'C:\\Users\\kemo1\\OneDrive\\Documenten\\wts\\Frontend-main\\Frontend-main\\node_modules\\has-bigints'
127 silly reify ]
128 silly reify mark retired [
128 silly reify   'C:\\Users\\kemo1\\OneDrive\\Documenten\\wts\\Frontend-main\\Frontend-main\\node_modules\\has-flag'
128 silly reify ]
129 silly reify mark retired [
129 silly reify   'C:\\Users\\kemo1\\OneDrive\\Documenten\\wts\\Frontend-main\\Frontend-main\\node_modules\\has-property-descriptors'
129 silly reify ]
130 silly reify mark retired [
130 silly reify   'C:\\Users\\kemo1\\OneDrive\\Documenten\\wts\\Frontend-main\\Frontend-main\\node_modules\\has-proto'
130 silly reify ]
131 silly reify mark retired [
131 silly reify   'C:\\Users\\kemo1\\OneDrive\\Documenten\\wts\\Frontend-main\\Frontend-main\\node_modules\\has-symbols'
131 silly reify ]
132 silly reify mark retired [
132 silly reify   'C:\\Users\\kemo1\\OneDrive\\Documenten\\wts\\Frontend-main\\Frontend-main\\node_modules\\has-tostringtag'
132 silly reify ]
133 silly reify mark retired [
133 silly reify   'C:\\Users\\kemo1\\OneDrive\\Documenten\\wts\\Frontend-main\\Frontend-main\\node_modules\\hasown'
133 silly reify ]
134 silly reify mark retired [
134 silly reify   'C:\\Users\\kemo1\\OneDrive\\Documenten\\wts\\Frontend-main\\Frontend-main\\node_modules\\hermes-estree'
134 silly reify ]
135 silly reify mark retired [
135 silly reify   'C:\\Users\\kemo1\\OneDrive\\Documenten\\wts\\Frontend-main\\Frontend-main\\node_modules\\hermes-parser'
135 silly reify ]
136 silly reify mark retired [
136 silly reify   'C:\\Users\\kemo1\\OneDrive\\Documenten\\wts\\Frontend-main\\Frontend-main\\node_modules\\ignore'
136 silly reify ]
137 silly reify mark retired [
137 silly reify   'C:\\Users\\kemo1\\OneDrive\\Documenten\\wts\\Frontend-main\\Frontend-main\\node_modules\\import-fresh'
137 silly reify ]
138 silly reify mark retired [
138 silly reify   'C:\\Users\\kemo1\\OneDrive\\Documenten\\wts\\Frontend-main\\Frontend-main\\node_modules\\imurmurhash'
138 silly reify ]
139 silly reify mark retired [
139 silly reify   'C:\\Users\\kemo1\\OneDrive\\Documenten\\wts\\Frontend-main\\Frontend-main\\node_modules\\internal-slot'
139 silly reify ]
140 silly reify mark retired [
140 silly reify   'C:\\Users\\kemo1\\OneDrive\\Documenten\\wts\\Frontend-main\\Frontend-main\\node_modules\\is-array-buffer'
140 silly reify ]
141 silly reify mark retired [
141 silly reify   'C:\\Users\\kemo1\\OneDrive\\Documenten\\wts\\Frontend-main\\Frontend-main\\node_modules\\is-async-function'
141 silly reify ]
142 silly reify mark retired [
142 silly reify   'C:\\Users\\kemo1\\OneDrive\\Documenten\\wts\\Frontend-main\\Frontend-main\\node_modules\\is-bigint'
142 silly reify ]
143 silly reify mark retired [
143 silly reify   'C:\\Users\\kemo1\\OneDrive\\Documenten\\wts\\Frontend-main\\Frontend-main\\node_modules\\is-binary-path'
143 silly reify ]
144 silly reify mark retired [
144 silly reify   'C:\\Users\\kemo1\\OneDrive\\Documenten\\wts\\Frontend-main\\Frontend-main\\node_modules\\is-boolean-object'
144 silly reify ]
145 silly reify mark retired [
145 silly reify   'C:\\Users\\kemo1\\OneDrive\\Documenten\\wts\\Frontend-main\\Frontend-main\\node_modules\\is-bun-module'
145 silly reify ]
146 silly reify mark retired [
146 silly reify   'C:\\Users\\kemo1\\OneDrive\\Documenten\\wts\\Frontend-main\\Frontend-main\\node_modules\\is-callable'
146 silly reify ]
147 silly reify mark retired [
147 silly reify   'C:\\Users\\kemo1\\OneDrive\\Documenten\\wts\\Frontend-main\\Frontend-main\\node_modules\\is-core-module'
147 silly reify ]
148 silly reify mark retired [
148 silly reify   'C:\\Users\\kemo1\\OneDrive\\Documenten\\wts\\Frontend-main\\Frontend-main\\node_modules\\is-data-view'
148 silly reify ]
149 silly reify mark retired [
149 silly reify   'C:\\Users\\kemo1\\OneDrive\\Documenten\\wts\\Frontend-main\\Frontend-main\\node_modules\\is-date-object'
149 silly reify ]
150 silly reify mark retired [
150 silly reify   'C:\\Users\\kemo1\\OneDrive\\Documenten\\wts\\Frontend-main\\Frontend-main\\node_modules\\is-extglob'
150 silly reify ]
151 silly reify mark retired [
151 silly reify   'C:\\Users\\kemo1\\OneDrive\\Documenten\\wts\\Frontend-main\\Frontend-main\\node_modules\\is-finalizationregistry'
151 silly reify ]
152 silly reify mark retired [
152 silly reify   'C:\\Users\\kemo1\\OneDrive\\Documenten\\wts\\Frontend-main\\Frontend-main\\node_modules\\is-generator-function'
152 silly reify ]
153 silly reify mark retired [
153 silly reify   'C:\\Users\\kemo1\\OneDrive\\Documenten\\wts\\Frontend-main\\Frontend-main\\node_modules\\is-map'
153 silly reify ]
154 silly reify mark retired [
154 silly reify   'C:\\Users\\kemo1\\OneDrive\\Documenten\\wts\\Frontend-main\\Frontend-main\\node_modules\\is-glob'
154 silly reify ]
155 silly reify mark retired [
155 silly reify   'C:\\Users\\kemo1\\OneDrive\\Documenten\\wts\\Frontend-main\\Frontend-main\\node_modules\\is-negative-zero'
155 silly reify ]
156 silly reify mark retired [
156 silly reify   'C:\\Users\\kemo1\\OneDrive\\Documenten\\wts\\Frontend-main\\Frontend-main\\node_modules\\is-number'
156 silly reify ]
157 silly reify mark retired [
157 silly reify   'C:\\Users\\kemo1\\OneDrive\\Documenten\\wts\\Frontend-main\\Frontend-main\\node_modules\\is-number-object'
157 silly reify ]
158 silly reify mark retired [
158 silly reify   'C:\\Users\\kemo1\\OneDrive\\Documenten\\wts\\Frontend-main\\Frontend-main\\node_modules\\is-regex'
158 silly reify ]
159 silly reify mark retired [
159 silly reify   'C:\\Users\\kemo1\\OneDrive\\Documenten\\wts\\Frontend-main\\Frontend-main\\node_modules\\is-set'
159 silly reify ]
160 silly reify mark retired [
160 silly reify   'C:\\Users\\kemo1\\OneDrive\\Documenten\\wts\\Frontend-main\\Frontend-main\\node_modules\\is-shared-array-buffer'
160 silly reify ]
161 silly reify mark retired [
161 silly reify   'C:\\Users\\kemo1\\OneDrive\\Documenten\\wts\\Frontend-main\\Frontend-main\\node_modules\\is-string'
161 silly reify ]
162 silly reify mark retired [
162 silly reify   'C:\\Users\\kemo1\\OneDrive\\Documenten\\wts\\Frontend-main\\Frontend-main\\node_modules\\is-symbol'
162 silly reify ]
163 silly reify mark retired [
163 silly reify   'C:\\Users\\kemo1\\OneDrive\\Documenten\\wts\\Frontend-main\\Frontend-main\\node_modules\\is-typed-array'
163 silly reify ]
164 silly reify mark retired [
164 silly reify   'C:\\Users\\kemo1\\OneDrive\\Documenten\\wts\\Frontend-main\\Frontend-main\\node_modules\\is-weakmap'
164 silly reify ]
165 silly reify mark retired [
165 silly reify   'C:\\Users\\kemo1\\OneDrive\\Documenten\\wts\\Frontend-main\\Frontend-main\\node_modules\\is-weakref'
165 silly reify ]
166 silly reify mark retired [
166 silly reify   'C:\\Users\\kemo1\\OneDrive\\Documenten\\wts\\Frontend-main\\Frontend-main\\node_modules\\is-weakset'
166 silly reify ]
167 silly reify mark retired [
167 silly reify   'C:\\Users\\kemo1\\OneDrive\\Documenten\\wts\\Frontend-main\\Frontend-main\\node_modules\\isarray'
167 silly reify ]
168 silly reify mark retired [
168 silly reify   'C:\\Users\\kemo1\\OneDrive\\Documenten\\wts\\Frontend-main\\Frontend-main\\node_modules\\isexe'
168 silly reify ]
169 silly reify mark retired [
169 silly reify   'C:\\Users\\kemo1\\OneDrive\\Documenten\\wts\\Frontend-main\\Frontend-main\\node_modules\\jiti'
169 silly reify ]
170 silly reify mark retired [
170 silly reify   'C:\\Users\\kemo1\\OneDrive\\Documenten\\wts\\Frontend-main\\Frontend-main\\node_modules\\iterator.prototype'
170 silly reify ]
171 silly reify mark retired [
171 silly reify   'C:\\Users\\kemo1\\OneDrive\\Documenten\\wts\\Frontend-main\\Frontend-main\\node_modules\\js-yaml'
171 silly reify ]
172 silly reify mark retired [
172 silly reify   'C:\\Users\\kemo1\\OneDrive\\Documenten\\wts\\Frontend-main\\Frontend-main\\node_modules\\js-tokens'
172 silly reify ]
173 silly reify mark retired [
173 silly reify   'C:\\Users\\kemo1\\OneDrive\\Documenten\\wts\\Frontend-main\\Frontend-main\\node_modules\\jsesc'
173 silly reify ]
174 silly reify mark retired [
174 silly reify   'C:\\Users\\kemo1\\OneDrive\\Documenten\\wts\\Frontend-main\\Frontend-main\\node_modules\\json-buffer'
174 silly reify ]
175 silly reify mark retired [
175 silly reify   'C:\\Users\\kemo1\\OneDrive\\Documenten\\wts\\Frontend-main\\Frontend-main\\node_modules\\json-schema-traverse'
175 silly reify ]
176 silly reify mark retired [
176 silly reify   'C:\\Users\\kemo1\\OneDrive\\Documenten\\wts\\Frontend-main\\Frontend-main\\node_modules\\json-stable-stringify-without-jsonify'
176 silly reify ]
177 silly reify mark retired [
177 silly reify   'C:\\Users\\kemo1\\OneDrive\\Documenten\\wts\\Frontend-main\\Frontend-main\\node_modules\\json5'
177 silly reify ]
178 silly reify mark retired [
178 silly reify   'C:\\Users\\kemo1\\OneDrive\\Documenten\\wts\\Frontend-main\\Frontend-main\\node_modules\\jsx-ast-utils'
178 silly reify ]
179 silly reify mark retired [
179 silly reify   'C:\\Users\\kemo1\\OneDrive\\Documenten\\wts\\Frontend-main\\Frontend-main\\node_modules\\keyv'
179 silly reify ]
180 silly reify mark retired [
180 silly reify   'C:\\Users\\kemo1\\OneDrive\\Documenten\\wts\\Frontend-main\\Frontend-main\\node_modules\\language-subtag-registry'
180 silly reify ]
181 silly reify mark retired [
181 silly reify   'C:\\Users\\kemo1\\OneDrive\\Documenten\\wts\\Frontend-main\\Frontend-main\\node_modules\\language-tags'
181 silly reify ]
182 silly reify mark retired [
182 silly reify   'C:\\Users\\kemo1\\OneDrive\\Documenten\\wts\\Frontend-main\\Frontend-main\\node_modules\\lilconfig'
182 silly reify ]
183 silly reify mark retired [
183 silly reify   'C:\\Users\\kemo1\\OneDrive\\Documenten\\wts\\Frontend-main\\Frontend-main\\node_modules\\levn'
183 silly reify ]
184 silly reify mark retired [
184 silly reify   'C:\\Users\\kemo1\\OneDrive\\Documenten\\wts\\Frontend-main\\Frontend-main\\node_modules\\lines-and-columns'
184 silly reify ]
185 silly reify mark retired [
185 silly reify   'C:\\Users\\kemo1\\OneDrive\\Documenten\\wts\\Frontend-main\\Frontend-main\\node_modules\\locate-path'
185 silly reify ]
186 silly reify mark retired [
186 silly reify   'C:\\Users\\kemo1\\OneDrive\\Documenten\\wts\\Frontend-main\\Frontend-main\\node_modules\\lodash.merge'
186 silly reify ]
187 silly reify mark retired [
187 silly reify   'C:\\Users\\kemo1\\OneDrive\\Documenten\\wts\\Frontend-main\\Frontend-main\\node_modules\\loose-envify'
187 silly reify ]
188 silly reify mark retired [
188 silly reify   'C:\\Users\\kemo1\\OneDrive\\Documenten\\wts\\Frontend-main\\Frontend-main\\node_modules\\lucide-react'
188 silly reify ]
189 silly reify mark retired [
189 silly reify   'C:\\Users\\kemo1\\OneDrive\\Documenten\\wts\\Frontend-main\\Frontend-main\\node_modules\\lru-cache'
189 silly reify ]
190 silly reify mark retired [
190 silly reify   'C:\\Users\\kemo1\\OneDrive\\Documenten\\wts\\Frontend-main\\Frontend-main\\node_modules\\math-intrinsics'
190 silly reify ]
191 silly reify mark retired [
191 silly reify   'C:\\Users\\kemo1\\OneDrive\\Documenten\\wts\\Frontend-main\\Frontend-main\\node_modules\\merge2'
191 silly reify ]
192 silly reify mark retired [
192 silly reify   'C:\\Users\\kemo1\\OneDrive\\Documenten\\wts\\Frontend-main\\Frontend-main\\node_modules\\micromatch'
192 silly reify ]
193 silly reify mark retired [
193 silly reify   'C:\\Users\\kemo1\\OneDrive\\Documenten\\wts\\Frontend-main\\Frontend-main\\node_modules\\minimatch'
193 silly reify ]
194 silly reify mark retired [
194 silly reify   'C:\\Users\\kemo1\\OneDrive\\Documenten\\wts\\Frontend-main\\Frontend-main\\node_modules\\minimist'
194 silly reify ]
195 silly reify mark retired [
195 silly reify   'C:\\Users\\kemo1\\OneDrive\\Documenten\\wts\\Frontend-main\\Frontend-main\\node_modules\\ms'
195 silly reify ]
196 silly reify mark retired [
196 silly reify   'C:\\Users\\kemo1\\OneDrive\\Documenten\\wts\\Frontend-main\\Frontend-main\\node_modules\\mz'
196 silly reify ]
197 silly reify mark retired [
197 silly reify   'C:\\Users\\kemo1\\OneDrive\\Documenten\\wts\\Frontend-main\\Frontend-main\\node_modules\\nanoid'
197 silly reify ]
198 silly reify mark retired [
198 silly reify   'C:\\Users\\kemo1\\OneDrive\\Documenten\\wts\\Frontend-main\\Frontend-main\\node_modules\\natural-compare'
198 silly reify ]
199 silly reify mark retired [
199 silly reify   'C:\\Users\\kemo1\\OneDrive\\Documenten\\wts\\Frontend-main\\Frontend-main\\node_modules\\napi-postinstall'
199 silly reify ]
200 silly reify mark retired [
200 silly reify   'C:\\Users\\kemo1\\OneDrive\\Documenten\\wts\\Frontend-main\\Frontend-main\\node_modules\\next'
200 silly reify ]
201 silly reify mark retired [
201 silly reify   'C:\\Users\\kemo1\\OneDrive\\Documenten\\wts\\Frontend-main\\Frontend-main\\node_modules\\node-exports-info'
201 silly reify ]
202 silly reify mark retired [
202 silly reify   'C:\\Users\\kemo1\\OneDrive\\Documenten\\wts\\Frontend-main\\Frontend-main\\node_modules\\node-releases'
202 silly reify ]
203 silly reify mark retired [
203 silly reify   'C:\\Users\\kemo1\\OneDrive\\Documenten\\wts\\Frontend-main\\Frontend-main\\node_modules\\normalize-path'
203 silly reify ]
204 silly reify mark retired [
204 silly reify   'C:\\Users\\kemo1\\OneDrive\\Documenten\\wts\\Frontend-main\\Frontend-main\\node_modules\\object-assign'
204 silly reify ]
205 silly reify mark retired [
205 silly reify   'C:\\Users\\kemo1\\OneDrive\\Documenten\\wts\\Frontend-main\\Frontend-main\\node_modules\\object-hash'
205 silly reify ]
206 silly reify mark retired [
206 silly reify   'C:\\Users\\kemo1\\OneDrive\\Documenten\\wts\\Frontend-main\\Frontend-main\\node_modules\\object-inspect'
206 silly reify ]
207 silly reify mark retired [
207 silly reify   'C:\\Users\\kemo1\\OneDrive\\Documenten\\wts\\Frontend-main\\Frontend-main\\node_modules\\object-keys'
207 silly reify ]
208 silly reify mark retired [
208 silly reify   'C:\\Users\\kemo1\\OneDrive\\Documenten\\wts\\Frontend-main\\Frontend-main\\node_modules\\object.assign'
208 silly reify ]
209 silly reify mark retired [
209 silly reify   'C:\\Users\\kemo1\\OneDrive\\Documenten\\wts\\Frontend-main\\Frontend-main\\node_modules\\object.entries'
209 silly reify ]
210 silly reify mark retired [
210 silly reify   'C:\\Users\\kemo1\\OneDrive\\Documenten\\wts\\Frontend-main\\Frontend-main\\node_modules\\object.groupby'
210 silly reify ]
211 silly reify mark retired [
211 silly reify   'C:\\Users\\kemo1\\OneDrive\\Documenten\\wts\\Frontend-main\\Frontend-main\\node_modules\\object.fromentries'
211 silly reify ]
212 silly reify mark retired [
212 silly reify   'C:\\Users\\kemo1\\OneDrive\\Documenten\\wts\\Frontend-main\\Frontend-main\\node_modules\\object.values'
212 silly reify ]
213 silly reify mark retired [
213 silly reify   'C:\\Users\\kemo1\\OneDrive\\Documenten\\wts\\Frontend-main\\Frontend-main\\node_modules\\optionator'
213 silly reify ]
214 silly reify mark retired [
214 silly reify   'C:\\Users\\kemo1\\OneDrive\\Documenten\\wts\\Frontend-main\\Frontend-main\\node_modules\\own-keys'
214 silly reify ]
215 silly reify mark retired [
215 silly reify   'C:\\Users\\kemo1\\OneDrive\\Documenten\\wts\\Frontend-main\\Frontend-main\\node_modules\\p-limit'
215 silly reify ]
216 silly reify mark retired [
216 silly reify   'C:\\Users\\kemo1\\OneDrive\\Documenten\\wts\\Frontend-main\\Frontend-main\\node_modules\\p-locate'
216 silly reify ]
217 silly reify mark retired [
217 silly reify   'C:\\Users\\kemo1\\OneDrive\\Documenten\\wts\\Frontend-main\\Frontend-main\\node_modules\\parent-module'
217 silly reify ]
218 silly reify mark retired [
218 silly reify   'C:\\Users\\kemo1\\OneDrive\\Documenten\\wts\\Frontend-main\\Frontend-main\\node_modules\\path-exists'
218 silly reify ]
219 silly reify mark retired [
219 silly reify   'C:\\Users\\kemo1\\OneDrive\\Documenten\\wts\\Frontend-main\\Frontend-main\\node_modules\\path-key'
219 silly reify ]
220 silly reify mark retired [
220 silly reify   'C:\\Users\\kemo1\\OneDrive\\Documenten\\wts\\Frontend-main\\Frontend-main\\node_modules\\path-parse'
220 silly reify ]
221 silly reify mark retired [
221 silly reify   'C:\\Users\\kemo1\\OneDrive\\Documenten\\wts\\Frontend-main\\Frontend-main\\node_modules\\picocolors'
221 silly reify ]
222 silly reify mark retired [
222 silly reify   'C:\\Users\\kemo1\\OneDrive\\Documenten\\wts\\Frontend-main\\Frontend-main\\node_modules\\picomatch'
222 silly reify ]
223 silly reify mark retired [
223 silly reify   'C:\\Users\\kemo1\\OneDrive\\Documenten\\wts\\Frontend-main\\Frontend-main\\node_modules\\pify'
223 silly reify ]
224 silly reify mark retired [
224 silly reify   'C:\\Users\\kemo1\\OneDrive\\Documenten\\wts\\Frontend-main\\Frontend-main\\node_modules\\pirates'
224 silly reify ]
225 silly reify mark retired [
225 silly reify   'C:\\Users\\kemo1\\OneDrive\\Documenten\\wts\\Frontend-main\\Frontend-main\\node_modules\\possible-typed-array-names'
225 silly reify ]
226 silly reify mark retired [
226 silly reify   'C:\\Users\\kemo1\\OneDrive\\Documenten\\wts\\Frontend-main\\Frontend-main\\node_modules\\postcss'
226 silly reify ]
227 silly reify mark retired [
227 silly reify   'C:\\Users\\kemo1\\OneDrive\\Documenten\\wts\\Frontend-main\\Frontend-main\\node_modules\\postcss-import'
227 silly reify ]
228 silly reify mark retired [
228 silly reify   'C:\\Users\\kemo1\\OneDrive\\Documenten\\wts\\Frontend-main\\Frontend-main\\node_modules\\postcss-js'
228 silly reify ]
229 silly reify mark retired [
229 silly reify   'C:\\Users\\kemo1\\OneDrive\\Documenten\\wts\\Frontend-main\\Frontend-main\\node_modules\\postcss-load-config'
229 silly reify ]
230 silly reify mark retired [
230 silly reify   'C:\\Users\\kemo1\\OneDrive\\Documenten\\wts\\Frontend-main\\Frontend-main\\node_modules\\postcss-nested'
230 silly reify ]
231 silly reify mark retired [
231 silly reify   'C:\\Users\\kemo1\\OneDrive\\Documenten\\wts\\Frontend-main\\Frontend-main\\node_modules\\postcss-selector-parser'
231 silly reify ]
232 silly reify mark retired [
232 silly reify   'C:\\Users\\kemo1\\OneDrive\\Documenten\\wts\\Frontend-main\\Frontend-main\\node_modules\\postcss-value-parser'
232 silly reify ]
233 silly reify mark retired [
233 silly reify   'C:\\Users\\kemo1\\OneDrive\\Documenten\\wts\\Frontend-main\\Frontend-main\\node_modules\\prelude-ls'
233 silly reify ]
234 silly reify mark retired [
234 silly reify   'C:\\Users\\kemo1\\OneDrive\\Documenten\\wts\\Frontend-main\\Frontend-main\\node_modules\\prop-types'
234 silly reify ]
235 silly reify mark retired [
235 silly reify   'C:\\Users\\kemo1\\OneDrive\\Documenten\\wts\\Frontend-main\\Frontend-main\\node_modules\\punycode'
235 silly reify ]
236 silly reify mark retired [
236 silly reify   'C:\\Users\\kemo1\\OneDrive\\Documenten\\wts\\Frontend-main\\Frontend-main\\node_modules\\queue-microtask'
236 silly reify ]
237 silly reify mark retired [
237 silly reify   'C:\\Users\\kemo1\\OneDrive\\Documenten\\wts\\Frontend-main\\Frontend-main\\node_modules\\react'
237 silly reify ]
238 silly reify mark retired [
238 silly reify   'C:\\Users\\kemo1\\OneDrive\\Documenten\\wts\\Frontend-main\\Frontend-main\\node_modules\\react-dom'
238 silly reify ]
239 silly reify mark retired [
239 silly reify   'C:\\Users\\kemo1\\OneDrive\\Documenten\\wts\\Frontend-main\\Frontend-main\\node_modules\\react-is'
239 silly reify ]
240 silly reify mark retired [
240 silly reify   'C:\\Users\\kemo1\\OneDrive\\Documenten\\wts\\Frontend-main\\Frontend-main\\node_modules\\read-cache'
240 silly reify ]
241 silly reify mark retired [
241 silly reify   'C:\\Users\\kemo1\\OneDrive\\Documenten\\wts\\Frontend-main\\Frontend-main\\node_modules\\readdirp'
241 silly reify ]
242 silly reify mark retired [
242 silly reify   'C:\\Users\\kemo1\\OneDrive\\Documenten\\wts\\Frontend-main\\Frontend-main\\node_modules\\reflect.getprototypeof'
242 silly reify ]
243 silly reify mark retired [
243 silly reify   'C:\\Users\\kemo1\\OneDrive\\Documenten\\wts\\Frontend-main\\Frontend-main\\node_modules\\regexp.prototype.flags'
243 silly reify ]
244 silly reify mark retired [
244 silly reify   'C:\\Users\\kemo1\\OneDrive\\Documenten\\wts\\Frontend-main\\Frontend-main\\node_modules\\resolve'
244 silly reify ]
245 silly reify mark retired [
245 silly reify   'C:\\Users\\kemo1\\OneDrive\\Documenten\\wts\\Frontend-main\\Frontend-main\\node_modules\\resolve-from'
245 silly reify ]
246 silly reify mark retired [
246 silly reify   'C:\\Users\\kemo1\\OneDrive\\Documenten\\wts\\Frontend-main\\Frontend-main\\node_modules\\reusify'
246 silly reify ]
247 silly reify mark retired [
247 silly reify   'C:\\Users\\kemo1\\OneDrive\\Documenten\\wts\\Frontend-main\\Frontend-main\\node_modules\\resolve-pkg-maps'
247 silly reify ]
248 silly reify mark retired [
248 silly reify   'C:\\Users\\kemo1\\OneDrive\\Documenten\\wts\\Frontend-main\\Frontend-main\\node_modules\\run-parallel'
248 silly reify ]
249 silly reify mark retired [
249 silly reify   'C:\\Users\\kemo1\\OneDrive\\Documenten\\wts\\Frontend-main\\Frontend-main\\node_modules\\safe-array-concat'
249 silly reify ]
250 silly reify mark retired [
250 silly reify   'C:\\Users\\kemo1\\OneDrive\\Documenten\\wts\\Frontend-main\\Frontend-main\\node_modules\\safe-push-apply'
250 silly reify ]
251 silly reify mark retired [
251 silly reify   'C:\\Users\\kemo1\\OneDrive\\Documenten\\wts\\Frontend-main\\Frontend-main\\node_modules\\safe-regex-test'
251 silly reify ]
252 silly reify mark retired [
252 silly reify   'C:\\Users\\kemo1\\OneDrive\\Documenten\\wts\\Frontend-main\\Frontend-main\\node_modules\\scheduler'
252 silly reify ]
253 silly reify mark retired [
253 silly reify   'C:\\Users\\kemo1\\OneDrive\\Documenten\\wts\\Frontend-main\\Frontend-main\\node_modules\\semver'
253 silly reify ]
254 silly reify mark retired [
254 silly reify   'C:\\Users\\kemo1\\OneDrive\\Documenten\\wts\\Frontend-main\\Frontend-main\\node_modules\\set-function-name'
254 silly reify ]
255 silly reify mark retired [
255 silly reify   'C:\\Users\\kemo1\\OneDrive\\Documenten\\wts\\Frontend-main\\Frontend-main\\node_modules\\set-function-length'
255 silly reify ]
256 silly reify mark retired [
256 silly reify   'C:\\Users\\kemo1\\OneDrive\\Documenten\\wts\\Frontend-main\\Frontend-main\\node_modules\\set-proto'
256 silly reify ]
257 silly reify mark retired [
257 silly reify   'C:\\Users\\kemo1\\OneDrive\\Documenten\\wts\\Frontend-main\\Frontend-main\\node_modules\\sharp'
257 silly reify ]
258 silly reify mark retired [
258 silly reify   'C:\\Users\\kemo1\\OneDrive\\Documenten\\wts\\Frontend-main\\Frontend-main\\node_modules\\shebang-command'
258 silly reify ]
259 silly reify mark retired [
259 silly reify   'C:\\Users\\kemo1\\OneDrive\\Documenten\\wts\\Frontend-main\\Frontend-main\\node_modules\\shebang-regex'
259 silly reify ]
260 silly reify mark retired [
260 silly reify   'C:\\Users\\kemo1\\OneDrive\\Documenten\\wts\\Frontend-main\\Frontend-main\\node_modules\\side-channel'
260 silly reify ]
261 silly reify mark retired [
261 silly reify   'C:\\Users\\kemo1\\OneDrive\\Documenten\\wts\\Frontend-main\\Frontend-main\\node_modules\\side-channel-list'
261 silly reify ]
262 silly reify mark retired [
262 silly reify   'C:\\Users\\kemo1\\OneDrive\\Documenten\\wts\\Frontend-main\\Frontend-main\\node_modules\\side-channel-map'
262 silly reify ]
263 silly reify mark retired [
263 silly reify   'C:\\Users\\kemo1\\OneDrive\\Documenten\\wts\\Frontend-main\\Frontend-main\\node_modules\\side-channel-weakmap'
263 silly reify ]
264 silly reify mark retired [
264 silly reify   'C:\\Users\\kemo1\\OneDrive\\Documenten\\wts\\Frontend-main\\Frontend-main\\node_modules\\source-map-js'
264 silly reify ]
265 silly reify mark retired [
265 silly reify   'C:\\Users\\kemo1\\OneDrive\\Documenten\\wts\\Frontend-main\\Frontend-main\\node_modules\\stable-hash'
265 silly reify ]
266 silly reify mark retired [
266 silly reify   'C:\\Users\\kemo1\\OneDrive\\Documenten\\wts\\Frontend-main\\Frontend-main\\node_modules\\stop-iteration-iterator'
266 silly reify ]
267 silly reify mark retired [
267 silly reify   'C:\\Users\\kemo1\\OneDrive\\Documenten\\wts\\Frontend-main\\Frontend-main\\node_modules\\string.prototype.includes'
267 silly reify ]
268 silly reify mark retired [
268 silly reify   'C:\\Users\\kemo1\\OneDrive\\Documenten\\wts\\Frontend-main\\Frontend-main\\node_modules\\string.prototype.matchall'
268 silly reify ]
269 silly reify mark retired [
269 silly reify   'C:\\Users\\kemo1\\OneDrive\\Documenten\\wts\\Frontend-main\\Frontend-main\\node_modules\\string.prototype.repeat'
269 silly reify ]
270 silly reify mark retired [
270 silly reify   'C:\\Users\\kemo1\\OneDrive\\Documenten\\wts\\Frontend-main\\Frontend-main\\node_modules\\string.prototype.trim'
270 silly reify ]
271 silly reify mark retired [
271 silly reify   'C:\\Users\\kemo1\\OneDrive\\Documenten\\wts\\Frontend-main\\Frontend-main\\node_modules\\string.prototype.trimend'
271 silly reify ]
272 silly reify mark retired [
272 silly reify   'C:\\Users\\kemo1\\OneDrive\\Documenten\\wts\\Frontend-main\\Frontend-main\\node_modules\\string.prototype.trimstart'
272 silly reify ]
273 silly reify mark retired [
273 silly reify   'C:\\Users\\kemo1\\OneDrive\\Documenten\\wts\\Frontend-main\\Frontend-main\\node_modules\\strip-bom'
273 silly reify ]
274 silly reify mark retired [
274 silly reify   'C:\\Users\\kemo1\\OneDrive\\Documenten\\wts\\Frontend-main\\Frontend-main\\node_modules\\strip-json-comments'
274 silly reify ]
275 silly reify mark retired [
275 silly reify   'C:\\Users\\kemo1\\OneDrive\\Documenten\\wts\\Frontend-main\\Frontend-main\\node_modules\\sucrase'
275 silly reify ]
276 silly reify mark retired [
276 silly reify   'C:\\Users\\kemo1\\OneDrive\\Documenten\\wts\\Frontend-main\\Frontend-main\\node_modules\\styled-jsx'
276 silly reify ]
277 silly reify mark retired [
277 silly reify   'C:\\Users\\kemo1\\OneDrive\\Documenten\\wts\\Frontend-main\\Frontend-main\\node_modules\\supports-color'
277 silly reify ]
278 silly reify mark retired [
278 silly reify   'C:\\Users\\kemo1\\OneDrive\\Documenten\\wts\\Frontend-main\\Frontend-main\\node_modules\\supports-preserve-symlinks-flag'
278 silly reify ]
279 silly reify mark retired [
279 silly reify   'C:\\Users\\kemo1\\OneDrive\\Documenten\\wts\\Frontend-main\\Frontend-main\\node_modules\\tailwind-merge'
279 silly reify ]
280 silly reify mark retired [
280 silly reify   'C:\\Users\\kemo1\\OneDrive\\Documenten\\wts\\Frontend-main\\Frontend-main\\node_modules\\tailwindcss'
280 silly reify ]
281 silly reify mark retired [
281 silly reify   'C:\\Users\\kemo1\\OneDrive\\Documenten\\wts\\Frontend-main\\Frontend-main\\node_modules\\thenify'
281 silly reify ]
282 silly reify mark retired [
282 silly reify   'C:\\Users\\kemo1\\OneDrive\\Documenten\\wts\\Frontend-main\\Frontend-main\\node_modules\\thenify-all'
282 silly reify ]
283 silly reify mark retired [
283 silly reify   'C:\\Users\\kemo1\\OneDrive\\Documenten\\wts\\Frontend-main\\Frontend-main\\node_modules\\tinyglobby'
283 silly reify ]
284 silly reify mark retired [
284 silly reify   'C:\\Users\\kemo1\\OneDrive\\Documenten\\wts\\Frontend-main\\Frontend-main\\node_modules\\to-regex-range'
284 silly reify ]
285 silly reify mark retired [
285 silly reify   'C:\\Users\\kemo1\\OneDrive\\Documenten\\wts\\Frontend-main\\Frontend-main\\node_modules\\ts-api-utils'
285 silly reify ]
286 silly reify mark retired [
286 silly reify   'C:\\Users\\kemo1\\OneDrive\\Documenten\\wts\\Frontend-main\\Frontend-main\\node_modules\\ts-interface-checker'
286 silly reify ]
287 silly reify mark retired [
287 silly reify   'C:\\Users\\kemo1\\OneDrive\\Documenten\\wts\\Frontend-main\\Frontend-main\\node_modules\\tsconfig-paths'
287 silly reify ]
288 silly reify mark retired [
288 silly reify   'C:\\Users\\kemo1\\OneDrive\\Documenten\\wts\\Frontend-main\\Frontend-main\\node_modules\\tslib'
288 silly reify ]
289 silly reify mark retired [
289 silly reify   'C:\\Users\\kemo1\\OneDrive\\Documenten\\wts\\Frontend-main\\Frontend-main\\node_modules\\type-check'
289 silly reify ]
290 silly reify mark retired [
290 silly reify   'C:\\Users\\kemo1\\OneDrive\\Documenten\\wts\\Frontend-main\\Frontend-main\\node_modules\\typed-array-buffer'
290 silly reify ]
291 silly reify mark retired [
291 silly reify   'C:\\Users\\kemo1\\OneDrive\\Documenten\\wts\\Frontend-main\\Frontend-main\\node_modules\\typed-array-byte-length'
291 silly reify ]
292 silly reify mark retired [
292 silly reify   'C:\\Users\\kemo1\\OneDrive\\Documenten\\wts\\Frontend-main\\Frontend-main\\node_modules\\typed-array-byte-offset'
292 silly reify ]
293 silly reify mark retired [
293 silly reify   'C:\\Users\\kemo1\\OneDrive\\Documenten\\wts\\Frontend-main\\Frontend-main\\node_modules\\typed-array-length'
293 silly reify ]
294 silly reify mark retired [
294 silly reify   'C:\\Users\\kemo1\\OneDrive\\Documenten\\wts\\Frontend-main\\Frontend-main\\node_modules\\typescript'
294 silly reify ]
295 silly reify mark retired [
295 silly reify   'C:\\Users\\kemo1\\OneDrive\\Documenten\\wts\\Frontend-main\\Frontend-main\\node_modules\\typescript-eslint'
295 silly reify ]
296 silly reify mark retired [
296 silly reify   'C:\\Users\\kemo1\\OneDrive\\Documenten\\wts\\Frontend-main\\Frontend-main\\node_modules\\unbox-primitive'
296 silly reify ]
297 silly reify mark retired [
297 silly reify   'C:\\Users\\kemo1\\OneDrive\\Documenten\\wts\\Frontend-main\\Frontend-main\\node_modules\\undici-types'
297 silly reify ]
298 silly reify mark retired [
298 silly reify   'C:\\Users\\kemo1\\OneDrive\\Documenten\\wts\\Frontend-main\\Frontend-main\\node_modules\\unrs-resolver'
298 silly reify ]
299 silly reify mark retired [
299 silly reify   'C:\\Users\\kemo1\\OneDrive\\Documenten\\wts\\Frontend-main\\Frontend-main\\node_modules\\update-browserslist-db'
299 silly reify ]
300 silly reify mark retired [
300 silly reify   'C:\\Users\\kemo1\\OneDrive\\Documenten\\wts\\Frontend-main\\Frontend-main\\node_modules\\uri-js'
300 silly reify ]
301 silly reify mark retired [
301 silly reify   'C:\\Users\\kemo1\\OneDrive\\Documenten\\wts\\Frontend-main\\Frontend-main\\node_modules\\util-deprecate'
301 silly reify ]
302 silly reify mark retired [
302 silly reify   'C:\\Users\\kemo1\\OneDrive\\Documenten\\wts\\Frontend-main\\Frontend-main\\node_modules\\which'
302 silly reify ]
303 silly reify mark retired [
303 silly reify   'C:\\Users\\kemo1\\OneDrive\\Documenten\\wts\\Frontend-main\\Frontend-main\\node_modules\\which-boxed-primitive'
303 silly reify ]
304 silly reify mark retired [
304 silly reify   'C:\\Users\\kemo1\\OneDrive\\Documenten\\wts\\Frontend-main\\Frontend-main\\node_modules\\which-builtin-type'
304 silly reify ]
305 silly reify mark retired [
305 silly reify   'C:\\Users\\kemo1\\OneDrive\\Documenten\\wts\\Frontend-main\\Frontend-main\\node_modules\\which-collection'
305 silly reify ]
306 silly reify mark retired [
306 silly reify   'C:\\Users\\kemo1\\OneDrive\\Documenten\\wts\\Frontend-main\\Frontend-main\\node_modules\\which-typed-array'
306 silly reify ]
307 silly reify mark retired [
307 silly reify   'C:\\Users\\kemo1\\OneDrive\\Documenten\\wts\\Frontend-main\\Frontend-main\\node_modules\\yallist'
307 silly reify ]
308 silly reify mark retired [
308 silly reify   'C:\\Users\\kemo1\\OneDrive\\Documenten\\wts\\Frontend-main\\Frontend-main\\node_modules\\word-wrap'
308 silly reify ]
309 silly reify mark retired [
309 silly reify   'C:\\Users\\kemo1\\OneDrive\\Documenten\\wts\\Frontend-main\\Frontend-main\\node_modules\\yocto-queue'
309 silly reify ]
310 silly reify mark retired [
310 silly reify   'C:\\Users\\kemo1\\OneDrive\\Documenten\\wts\\Frontend-main\\Frontend-main\\node_modules\\zod'
310 silly reify ]
311 silly reify mark retired [
311 silly reify   'C:\\Users\\kemo1\\OneDrive\\Documenten\\wts\\Frontend-main\\Frontend-main\\node_modules\\zod-validation-error'
311 silly reify ]
312 silly reify mark retired [
312 silly reify   'C:\\Users\\kemo1\\OneDrive\\Documenten\\wts\\Frontend-main\\Frontend-main\\node_modules\\@babel\\code-frame'
312 silly reify ]
313 silly reify mark retired [
313 silly reify   'C:\\Users\\kemo1\\OneDrive\\Documenten\\wts\\Frontend-main\\Frontend-main\\node_modules\\@babel\\compat-data'
313 silly reify ]
314 silly reify mark retired [
314 silly reify   'C:\\Users\\kemo1\\OneDrive\\Documenten\\wts\\Frontend-main\\Frontend-main\\node_modules\\@babel\\core'
314 silly reify ]
315 silly reify mark retired [
315 silly reify   'C:\\Users\\kemo1\\OneDrive\\Documenten\\wts\\Frontend-main\\Frontend-main\\node_modules\\@babel\\generator'
315 silly reify ]
316 silly reify mark retired [
316 silly reify   'C:\\Users\\kemo1\\OneDrive\\Documenten\\wts\\Frontend-main\\Frontend-main\\node_modules\\@babel\\helper-compilation-targets'
316 silly reify ]
317 silly reify mark retired [
317 silly reify   'C:\\Users\\kemo1\\OneDrive\\Documenten\\wts\\Frontend-main\\Frontend-main\\node_modules\\@babel\\helper-globals'
317 silly reify ]
318 silly reify mark retired [
318 silly reify   'C:\\Users\\kemo1\\OneDrive\\Documenten\\wts\\Frontend-main\\Frontend-main\\node_modules\\@babel\\helper-module-imports'
318 silly reify ]
319 silly reify mark retired [
319 silly reify   'C:\\Users\\kemo1\\OneDrive\\Documenten\\wts\\Frontend-main\\Frontend-main\\node_modules\\@babel\\helper-module-transforms'
319 silly reify ]
320 silly reify mark retired [
320 silly reify   'C:\\Users\\kemo1\\OneDrive\\Documenten\\wts\\Frontend-main\\Frontend-main\\node_modules\\@babel\\helper-string-parser'
320 silly reify ]
321 silly reify mark retired [
321 silly reify   'C:\\Users\\kemo1\\OneDrive\\Documenten\\wts\\Frontend-main\\Frontend-main\\node_modules\\@babel\\helper-validator-option'
321 silly reify ]
322 silly reify mark retired [
322 silly reify   'C:\\Users\\kemo1\\OneDrive\\Documenten\\wts\\Frontend-main\\Frontend-main\\node_modules\\@babel\\helper-validator-identifier'
322 silly reify ]
323 silly reify mark retired [
323 silly reify   'C:\\Users\\kemo1\\OneDrive\\Documenten\\wts\\Frontend-main\\Frontend-main\\node_modules\\@babel\\helpers'
323 silly reify ]
324 silly reify mark retired [
324 silly reify   'C:\\Users\\kemo1\\OneDrive\\Documenten\\wts\\Frontend-main\\Frontend-main\\node_modules\\@babel\\parser'
324 silly reify ]
325 silly reify mark retired [
325 silly reify   'C:\\Users\\kemo1\\OneDrive\\Documenten\\wts\\Frontend-main\\Frontend-main\\node_modules\\@babel\\template'
325 silly reify ]
326 silly reify mark retired [
326 silly reify   'C:\\Users\\kemo1\\OneDrive\\Documenten\\wts\\Frontend-main\\Frontend-main\\node_modules\\@babel\\traverse'
326 silly reify ]
327 silly reify mark retired [
327 silly reify   'C:\\Users\\kemo1\\OneDrive\\Documenten\\wts\\Frontend-main\\Frontend-main\\node_modules\\@babel\\types'
327 silly reify ]
328 silly reify mark retired [
328 silly reify   'C:\\Users\\kemo1\\OneDrive\\Documenten\\wts\\Frontend-main\\Frontend-main\\node_modules\\@alloc\\quick-lru'
328 silly reify ]
329 silly reify mark retired [
329 silly reify   'C:\\Users\\kemo1\\OneDrive\\Documenten\\wts\\Frontend-main\\Frontend-main\\node_modules\\@emnapi\\core'
329 silly reify ]
330 silly reify mark retired [
330 silly reify   'C:\\Users\\kemo1\\OneDrive\\Documenten\\wts\\Frontend-main\\Frontend-main\\node_modules\\@emnapi\\runtime'
330 silly reify ]
331 silly reify mark retired [
331 silly reify   'C:\\Users\\kemo1\\OneDrive\\Documenten\\wts\\Frontend-main\\Frontend-main\\node_modules\\@emnapi\\wasi-threads'
331 silly reify ]
332 silly reify mark retired [
332 silly reify   'C:\\Users\\kemo1\\OneDrive\\Documenten\\wts\\Frontend-main\\Frontend-main\\node_modules\\@eslint\\config-array'
332 silly reify ]
333 silly reify mark retired [
333 silly reify   'C:\\Users\\kemo1\\OneDrive\\Documenten\\wts\\Frontend-main\\Frontend-main\\node_modules\\@eslint\\config-helpers'
333 silly reify ]
334 silly reify mark retired [
334 silly reify   'C:\\Users\\kemo1\\OneDrive\\Documenten\\wts\\Frontend-main\\Frontend-main\\node_modules\\@eslint\\core'
334 silly reify ]
335 silly reify mark retired [
335 silly reify   'C:\\Users\\kemo1\\OneDrive\\Documenten\\wts\\Frontend-main\\Frontend-main\\node_modules\\@eslint\\eslintrc'
335 silly reify ]
336 silly reify mark retired [
336 silly reify   'C:\\Users\\kemo1\\OneDrive\\Documenten\\wts\\Frontend-main\\Frontend-main\\node_modules\\@eslint\\js'
336 silly reify ]
337 silly reify mark retired [
337 silly reify   'C:\\Users\\kemo1\\OneDrive\\Documenten\\wts\\Frontend-main\\Frontend-main\\node_modules\\@eslint\\object-schema'
337 silly reify ]
338 silly reify mark retired [
338 silly reify   'C:\\Users\\kemo1\\OneDrive\\Documenten\\wts\\Frontend-main\\Frontend-main\\node_modules\\@eslint\\plugin-kit'
338 silly reify ]
339 silly reify mark retired [
339 silly reify   'C:\\Users\\kemo1\\OneDrive\\Documenten\\wts\\Frontend-main\\Frontend-main\\node_modules\\@eslint-community\\eslint-utils'
339 silly reify ]
340 silly reify mark retired [
340 silly reify   'C:\\Users\\kemo1\\OneDrive\\Documenten\\wts\\Frontend-main\\Frontend-main\\node_modules\\@eslint-community\\regexpp'
340 silly reify ]
341 silly reify mark retired [
341 silly reify   'C:\\Users\\kemo1\\OneDrive\\Documenten\\wts\\Frontend-main\\Frontend-main\\node_modules\\@humanfs\\core'
341 silly reify ]
342 silly reify mark retired [
342 silly reify   'C:\\Users\\kemo1\\OneDrive\\Documenten\\wts\\Frontend-main\\Frontend-main\\node_modules\\@humanfs\\node'
342 silly reify ]
343 silly reify mark retired [
343 silly reify   'C:\\Users\\kemo1\\OneDrive\\Documenten\\wts\\Frontend-main\\Frontend-main\\node_modules\\@humanfs\\types'
343 silly reify ]
344 silly reify mark retired [
344 silly reify   'C:\\Users\\kemo1\\OneDrive\\Documenten\\wts\\Frontend-main\\Frontend-main\\node_modules\\@humanwhocodes\\module-importer'
344 silly reify ]
345 silly reify mark retired [
345 silly reify   'C:\\Users\\kemo1\\OneDrive\\Documenten\\wts\\Frontend-main\\Frontend-main\\node_modules\\@humanwhocodes\\retry'
345 silly reify ]
346 silly reify mark retired [
346 silly reify   'C:\\Users\\kemo1\\OneDrive\\Documenten\\wts\\Frontend-main\\Frontend-main\\node_modules\\@img\\colour'
346 silly reify ]
347 silly reify mark retired [
347 silly reify   'C:\\Users\\kemo1\\OneDrive\\Documenten\\wts\\Frontend-main\\Frontend-main\\node_modules\\@img\\sharp-darwin-arm64'
347 silly reify ]
348 silly reify mark retired [
348 silly reify   'C:\\Users\\kemo1\\OneDrive\\Documenten\\wts\\Frontend-main\\Frontend-main\\node_modules\\@img\\sharp-darwin-x64'
348 silly reify ]
349 silly reify mark retired [
349 silly reify   'C:\\Users\\kemo1\\OneDrive\\Documenten\\wts\\Frontend-main\\Frontend-main\\node_modules\\@img\\sharp-libvips-darwin-arm64'
349 silly reify ]
350 silly reify mark retired [
350 silly reify   'C:\\Users\\kemo1\\OneDrive\\Documenten\\wts\\Frontend-main\\Frontend-main\\node_modules\\@img\\sharp-libvips-linux-arm'
350 silly reify ]
351 silly reify mark retired [
351 silly reify   'C:\\Users\\kemo1\\OneDrive\\Documenten\\wts\\Frontend-main\\Frontend-main\\node_modules\\@img\\sharp-libvips-darwin-x64'
351 silly reify ]
352 silly reify mark retired [
352 silly reify   'C:\\Users\\kemo1\\OneDrive\\Documenten\\wts\\Frontend-main\\Frontend-main\\node_modules\\@img\\sharp-libvips-linux-arm64'
352 silly reify ]
353 silly reify mark retired [
353 silly reify   'C:\\Users\\kemo1\\OneDrive\\Documenten\\wts\\Frontend-main\\Frontend-main\\node_modules\\@img\\sharp-libvips-linux-ppc64'
353 silly reify ]
354 silly reify mark retired [
354 silly reify   'C:\\Users\\kemo1\\OneDrive\\Documenten\\wts\\Frontend-main\\Frontend-main\\node_modules\\@img\\sharp-libvips-linux-riscv64'
354 silly reify ]
355 silly reify mark retired [
355 silly reify   'C:\\Users\\kemo1\\OneDrive\\Documenten\\wts\\Frontend-main\\Frontend-main\\node_modules\\@img\\sharp-libvips-linux-s390x'
355 silly reify ]
356 silly reify mark retired [
356 silly reify   'C:\\Users\\kemo1\\OneDrive\\Documenten\\wts\\Frontend-main\\Frontend-main\\node_modules\\@img\\sharp-libvips-linux-x64'
356 silly reify ]
357 silly reify mark retired [
357 silly reify   'C:\\Users\\kemo1\\OneDrive\\Documenten\\wts\\Frontend-main\\Frontend-main\\node_modules\\@img\\sharp-libvips-linuxmusl-arm64'
357 silly reify ]
358 silly reify mark retired [
358 silly reify   'C:\\Users\\kemo1\\OneDrive\\Documenten\\wts\\Frontend-main\\Frontend-main\\node_modules\\@img\\sharp-libvips-linuxmusl-x64'
358 silly reify ]
359 silly reify mark retired [
359 silly reify   'C:\\Users\\kemo1\\OneDrive\\Documenten\\wts\\Frontend-main\\Frontend-main\\node_modules\\@img\\sharp-linux-arm'
359 silly reify ]
360 silly reify mark retired [
360 silly reify   'C:\\Users\\kemo1\\OneDrive\\Documenten\\wts\\Frontend-main\\Frontend-main\\node_modules\\@img\\sharp-linux-arm64'
360 silly reify ]
361 silly reify mark retired [
361 silly reify   'C:\\Users\\kemo1\\OneDrive\\Documenten\\wts\\Frontend-main\\Frontend-main\\node_modules\\@img\\sharp-linux-ppc64'
361 silly reify ]
362 silly reify mark retired [
362 silly reify   'C:\\Users\\kemo1\\OneDrive\\Documenten\\wts\\Frontend-main\\Frontend-main\\node_modules\\@img\\sharp-linux-riscv64'
362 silly reify ]
363 silly reify mark retired [
363 silly reify   'C:\\Users\\kemo1\\OneDrive\\Documenten\\wts\\Frontend-main\\Frontend-main\\node_modules\\@img\\sharp-linux-s390x'
363 silly reify ]
364 silly reify mark retired [
364 silly reify   'C:\\Users\\kemo1\\OneDrive\\Documenten\\wts\\Frontend-main\\Frontend-main\\node_modules\\@img\\sharp-linuxmusl-arm64'
364 silly reify ]
365 silly reify mark retired [
365 silly reify   'C:\\Users\\kemo1\\OneDrive\\Documenten\\wts\\Frontend-main\\Frontend-main\\node_modules\\@img\\sharp-linux-x64'
365 silly reify ]
366 silly reify mark retired [
366 silly reify   'C:\\Users\\kemo1\\OneDrive\\Documenten\\wts\\Frontend-main\\Frontend-main\\node_modules\\@img\\sharp-linuxmusl-x64'
366 silly reify ]
367 silly reify mark retired [
367 silly reify   'C:\\Users\\kemo1\\OneDrive\\Documenten\\wts\\Frontend-main\\Frontend-main\\node_modules\\@img\\sharp-win32-arm64'
367 silly reify ]
368 silly reify mark retired [
368 silly reify   'C:\\Users\\kemo1\\OneDrive\\Documenten\\wts\\Frontend-main\\Frontend-main\\node_modules\\@img\\sharp-wasm32'
368 silly reify ]
369 silly reify mark retired [
369 silly reify   'C:\\Users\\kemo1\\OneDrive\\Documenten\\wts\\Frontend-main\\Frontend-main\\node_modules\\@img\\sharp-win32-ia32'
369 silly reify ]
370 silly reify mark retired [
370 silly reify   'C:\\Users\\kemo1\\OneDrive\\Documenten\\wts\\Frontend-main\\Frontend-main\\node_modules\\@img\\sharp-win32-x64'
370 silly reify ]
371 silly reify mark retired [
371 silly reify   'C:\\Users\\kemo1\\OneDrive\\Documenten\\wts\\Frontend-main\\Frontend-main\\node_modules\\@jridgewell\\gen-mapping'
371 silly reify ]
372 silly reify mark retired [
372 silly reify   'C:\\Users\\kemo1\\OneDrive\\Documenten\\wts\\Frontend-main\\Frontend-main\\node_modules\\@jridgewell\\remapping'
372 silly reify ]
373 silly reify mark retired [
373 silly reify   'C:\\Users\\kemo1\\OneDrive\\Documenten\\wts\\Frontend-main\\Frontend-main\\node_modules\\@jridgewell\\resolve-uri'
373 silly reify ]
374 silly reify mark retired [
374 silly reify   'C:\\Users\\kemo1\\OneDrive\\Documenten\\wts\\Frontend-main\\Frontend-main\\node_modules\\@jridgewell\\sourcemap-codec'
374 silly reify ]
375 silly reify mark retired [
375 silly reify   'C:\\Users\\kemo1\\OneDrive\\Documenten\\wts\\Frontend-main\\Frontend-main\\node_modules\\@jridgewell\\trace-mapping'
375 silly reify ]
376 silly reify mark retired [
376 silly reify   'C:\\Users\\kemo1\\OneDrive\\Documenten\\wts\\Frontend-main\\Frontend-main\\node_modules\\@next\\env'
376 silly reify ]
377 silly reify mark retired [
377 silly reify   'C:\\Users\\kemo1\\OneDrive\\Documenten\\wts\\Frontend-main\\Frontend-main\\node_modules\\@next\\eslint-plugin-next'
377 silly reify ]
378 silly reify mark retired [
378 silly reify   'C:\\Users\\kemo1\\OneDrive\\Documenten\\wts\\Frontend-main\\Frontend-main\\node_modules\\@next\\swc-darwin-arm64'
378 silly reify ]
379 silly reify mark retired [
379 silly reify   'C:\\Users\\kemo1\\OneDrive\\Documenten\\wts\\Frontend-main\\Frontend-main\\node_modules\\@next\\swc-darwin-x64'
379 silly reify ]
380 silly reify mark retired [
380 silly reify   'C:\\Users\\kemo1\\OneDrive\\Documenten\\wts\\Frontend-main\\Frontend-main\\node_modules\\@next\\swc-linux-arm64-gnu'
380 silly reify ]
381 silly reify mark retired [
381 silly reify   'C:\\Users\\kemo1\\OneDrive\\Documenten\\wts\\Frontend-main\\Frontend-main\\node_modules\\@next\\swc-linux-arm64-musl'
381 silly reify ]
382 silly reify mark retired [
382 silly reify   'C:\\Users\\kemo1\\OneDrive\\Documenten\\wts\\Frontend-main\\Frontend-main\\node_modules\\@next\\swc-linux-x64-gnu'
382 silly reify ]
383 silly reify mark retired [
383 silly reify   'C:\\Users\\kemo1\\OneDrive\\Documenten\\wts\\Frontend-main\\Frontend-main\\node_modules\\@next\\swc-linux-x64-musl'
383 silly reify ]
384 silly reify mark retired [
384 silly reify   'C:\\Users\\kemo1\\OneDrive\\Documenten\\wts\\Frontend-main\\Frontend-main\\node_modules\\@next\\swc-win32-arm64-msvc'
384 silly reify ]
385 silly reify mark retired [
385 silly reify   'C:\\Users\\kemo1\\OneDrive\\Documenten\\wts\\Frontend-main\\Frontend-main\\node_modules\\@next\\swc-win32-x64-msvc'
385 silly reify ]
386 silly reify mark retired [
386 silly reify   'C:\\Users\\kemo1\\OneDrive\\Documenten\\wts\\Frontend-main\\Frontend-main\\node_modules\\@napi-rs\\wasm-runtime'
386 silly reify ]
387 silly reify mark retired [
387 silly reify   'C:\\Users\\kemo1\\OneDrive\\Documenten\\wts\\Frontend-main\\Frontend-main\\node_modules\\@nodelib\\fs.scandir'
387 silly reify ]
388 silly reify mark retired [
388 silly reify   'C:\\Users\\kemo1\\OneDrive\\Documenten\\wts\\Frontend-main\\Frontend-main\\node_modules\\@nodelib\\fs.walk'
388 silly reify ]
389 silly reify mark retired [
389 silly reify   'C:\\Users\\kemo1\\OneDrive\\Documenten\\wts\\Frontend-main\\Frontend-main\\node_modules\\@nodelib\\fs.stat'
389 silly reify ]
390 silly reify mark retired [
390 silly reify   'C:\\Users\\kemo1\\OneDrive\\Documenten\\wts\\Frontend-main\\Frontend-main\\node_modules\\@nolyfill\\is-core-module'
390 silly reify ]
391 silly reify mark retired [
391 silly reify   'C:\\Users\\kemo1\\OneDrive\\Documenten\\wts\\Frontend-main\\Frontend-main\\node_modules\\@rtsao\\scc'
391 silly reify ]
392 silly reify mark retired [
392 silly reify   'C:\\Users\\kemo1\\OneDrive\\Documenten\\wts\\Frontend-main\\Frontend-main\\node_modules\\@swc\\helpers'
392 silly reify ]
393 silly reify mark retired [
393 silly reify   'C:\\Users\\kemo1\\OneDrive\\Documenten\\wts\\Frontend-main\\Frontend-main\\node_modules\\@tybys\\wasm-util'
393 silly reify ]
394 silly reify mark retired [
394 silly reify   'C:\\Users\\kemo1\\OneDrive\\Documenten\\wts\\Frontend-main\\Frontend-main\\node_modules\\@types\\estree'
394 silly reify ]
395 silly reify mark retired [
395 silly reify   'C:\\Users\\kemo1\\OneDrive\\Documenten\\wts\\Frontend-main\\Frontend-main\\node_modules\\@types\\json-schema'
395 silly reify ]
396 silly reify mark retired [
396 silly reify   'C:\\Users\\kemo1\\OneDrive\\Documenten\\wts\\Frontend-main\\Frontend-main\\node_modules\\@types\\json5'
396 silly reify ]
397 silly reify mark retired [
397 silly reify   'C:\\Users\\kemo1\\OneDrive\\Documenten\\wts\\Frontend-main\\Frontend-main\\node_modules\\@types\\node'
397 silly reify ]
398 silly reify mark retired [
398 silly reify   'C:\\Users\\kemo1\\OneDrive\\Documenten\\wts\\Frontend-main\\Frontend-main\\node_modules\\@types\\react'
398 silly reify ]
399 silly reify mark retired [
399 silly reify   'C:\\Users\\kemo1\\OneDrive\\Documenten\\wts\\Frontend-main\\Frontend-main\\node_modules\\@types\\react-dom'
399 silly reify ]
400 silly reify mark retired [
400 silly reify   'C:\\Users\\kemo1\\OneDrive\\Documenten\\wts\\Frontend-main\\Frontend-main\\node_modules\\@typescript-eslint\\eslint-plugin'
400 silly reify ]
401 silly reify mark retired [
401 silly reify   'C:\\Users\\kemo1\\OneDrive\\Documenten\\wts\\Frontend-main\\Frontend-main\\node_modules\\@typescript-eslint\\parser'
401 silly reify ]
402 silly reify mark retired [
402 silly reify   'C:\\Users\\kemo1\\OneDrive\\Documenten\\wts\\Frontend-main\\Frontend-main\\node_modules\\@typescript-eslint\\project-service'
402 silly reify ]
403 silly reify mark retired [
403 silly reify   'C:\\Users\\kemo1\\OneDrive\\Documenten\\wts\\Frontend-main\\Frontend-main\\node_modules\\@typescript-eslint\\scope-manager'
403 silly reify ]
404 silly reify mark retired [
404 silly reify   'C:\\Users\\kemo1\\OneDrive\\Documenten\\wts\\Frontend-main\\Frontend-main\\node_modules\\@typescript-eslint\\tsconfig-utils'
404 silly reify ]
405 silly reify mark retired [
405 silly reify   'C:\\Users\\kemo1\\OneDrive\\Documenten\\wts\\Frontend-main\\Frontend-main\\node_modules\\@typescript-eslint\\type-utils'
405 silly reify ]
406 silly reify mark retired [
406 silly reify   'C:\\Users\\kemo1\\OneDrive\\Documenten\\wts\\Frontend-main\\Frontend-main\\node_modules\\@typescript-eslint\\types'
406 silly reify ]
407 silly reify mark retired [
407 silly reify   'C:\\Users\\kemo1\\OneDrive\\Documenten\\wts\\Frontend-main\\Frontend-main\\node_modules\\@typescript-eslint\\typescript-estree'
407 silly reify ]
408 silly reify mark retired [
408 silly reify   'C:\\Users\\kemo1\\OneDrive\\Documenten\\wts\\Frontend-main\\Frontend-main\\node_modules\\@typescript-eslint\\utils'
408 silly reify ]
409 silly reify mark retired [
409 silly reify   'C:\\Users\\kemo1\\OneDrive\\Documenten\\wts\\Frontend-main\\Frontend-main\\node_modules\\@typescript-eslint\\visitor-keys'
409 silly reify ]
410 silly reify mark retired [
410 silly reify   'C:\\Users\\kemo1\\OneDrive\\Documenten\\wts\\Frontend-main\\Frontend-main\\node_modules\\@unrs\\resolver-binding-android-arm-eabi'
410 silly reify ]
411 silly reify mark retired [
411 silly reify   'C:\\Users\\kemo1\\OneDrive\\Documenten\\wts\\Frontend-main\\Frontend-main\\node_modules\\@unrs\\resolver-binding-android-arm64'
411 silly reify ]
412 silly reify mark retired [
412 silly reify   'C:\\Users\\kemo1\\OneDrive\\Documenten\\wts\\Frontend-main\\Frontend-main\\node_modules\\@unrs\\resolver-binding-darwin-x64'
412 silly reify ]
413 silly reify mark retired [
413 silly reify   'C:\\Users\\kemo1\\OneDrive\\Documenten\\wts\\Frontend-main\\Frontend-main\\node_modules\\@unrs\\resolver-binding-darwin-arm64'
413 silly reify ]
414 silly reify mark retired [
414 silly reify   'C:\\Users\\kemo1\\OneDrive\\Documenten\\wts\\Frontend-main\\Frontend-main\\node_modules\\@unrs\\resolver-binding-freebsd-x64'
414 silly reify ]
415 silly reify mark retired [
415 silly reify   'C:\\Users\\kemo1\\OneDrive\\Documenten\\wts\\Frontend-main\\Frontend-main\\node_modules\\@unrs\\resolver-binding-linux-arm-gnueabihf'
415 silly reify ]
416 silly reify mark retired [
416 silly reify   'C:\\Users\\kemo1\\OneDrive\\Documenten\\wts\\Frontend-main\\Frontend-main\\node_modules\\@unrs\\resolver-binding-linux-arm-musleabihf'
416 silly reify ]
417 silly reify mark retired [
417 silly reify   'C:\\Users\\kemo1\\OneDrive\\Documenten\\wts\\Frontend-main\\Frontend-main\\node_modules\\@unrs\\resolver-binding-linux-arm64-gnu'
417 silly reify ]
418 silly reify mark retired [
418 silly reify   'C:\\Users\\kemo1\\OneDrive\\Documenten\\wts\\Frontend-main\\Frontend-main\\node_modules\\@unrs\\resolver-binding-linux-arm64-musl'
418 silly reify ]
419 silly reify mark retired [
419 silly reify   'C:\\Users\\kemo1\\OneDrive\\Documenten\\wts\\Frontend-main\\Frontend-main\\node_modules\\@unrs\\resolver-binding-linux-ppc64-gnu'
419 silly reify ]
420 silly reify mark retired [
420 silly reify   'C:\\Users\\kemo1\\OneDrive\\Documenten\\wts\\Frontend-main\\Frontend-main\\node_modules\\@unrs\\resolver-binding-linux-riscv64-gnu'
420 silly reify ]
421 silly reify mark retired [
421 silly reify   'C:\\Users\\kemo1\\OneDrive\\Documenten\\wts\\Frontend-main\\Frontend-main\\node_modules\\@unrs\\resolver-binding-linux-riscv64-musl'
421 silly reify ]
422 silly reify mark retired [
422 silly reify   'C:\\Users\\kemo1\\OneDrive\\Documenten\\wts\\Frontend-main\\Frontend-main\\node_modules\\@unrs\\resolver-binding-linux-s390x-gnu'
422 silly reify ]
423 silly reify mark retired [
423 silly reify   'C:\\Users\\kemo1\\OneDrive\\Documenten\\wts\\Frontend-main\\Frontend-main\\node_modules\\@unrs\\resolver-binding-linux-x64-gnu'
423 silly reify ]
424 silly reify mark retired [
424 silly reify   'C:\\Users\\kemo1\\OneDrive\\Documenten\\wts\\Frontend-main\\Frontend-main\\node_modules\\@unrs\\resolver-binding-linux-x64-musl'
424 silly reify ]
425 silly reify mark retired [
425 silly reify   'C:\\Users\\kemo1\\OneDrive\\Documenten\\wts\\Frontend-main\\Frontend-main\\node_modules\\@unrs\\resolver-binding-wasm32-wasi'
425 silly reify ]
426 silly reify mark retired [
426 silly reify   'C:\\Users\\kemo1\\OneDrive\\Documenten\\wts\\Frontend-main\\Frontend-main\\node_modules\\@unrs\\resolver-binding-win32-arm64-msvc'
426 silly reify ]
427 silly reify mark retired [
427 silly reify   'C:\\Users\\kemo1\\OneDrive\\Documenten\\wts\\Frontend-main\\Frontend-main\\node_modules\\@unrs\\resolver-binding-win32-ia32-msvc'
427 silly reify ]
428 silly reify mark retired [
428 silly reify   'C:\\Users\\kemo1\\OneDrive\\Documenten\\wts\\Frontend-main\\Frontend-main\\node_modules\\@unrs\\resolver-binding-win32-x64-msvc'
428 silly reify ]
429 silly reify moves {
429 silly reify   'C:\\Users\\kemo1\\OneDrive\\Documenten\\wts\\Frontend-main\\Frontend-main\\node_modules\\acorn': 'C:\\Users\\kemo1\\OneDrive\\Documenten\\wts\\Frontend-main\\Frontend-main\\node_modules\\.acorn-mE8WejmK',
429 silly reify   'C:\\Users\\kemo1\\OneDrive\\Documenten\\wts\\Frontend-main\\Frontend-main\\node_modules\\acorn-jsx': 'C:\\Users\\kemo1\\OneDrive\\Documenten\\wts\\Frontend-main\\Frontend-main\\node_modules\\.acorn-jsx-TzSgI9Zt',
429 silly reify   'C:\\Users\\kemo1\\OneDrive\\Documenten\\wts\\Frontend-main\\Frontend-main\\node_modules\\ajv': 'C:\\Users\\kemo1\\OneDrive\\Documenten\\wts\\Frontend-main\\Frontend-main\\node_modules\\.ajv-Pku4oKPy',
429 silly reify   'C:\\Users\\kemo1\\OneDrive\\Documenten\\wts\\Frontend-main\\Frontend-main\\node_modules\\ansi-styles': 'C:\\Users\\kemo1\\OneDrive\\Documenten\\wts\\Frontend-main\\Frontend-main\\node_modules\\.ansi-styles-oYQE0z5L',
429 silly reify   'C:\\Users\\kemo1\\OneDrive\\Documenten\\wts\\Frontend-main\\Frontend-main\\node_modules\\any-promise': 'C:\\Users\\kemo1\\OneDrive\\Documenten\\wts\\Frontend-main\\Frontend-main\\node_modules\\.any-promise-0YhWrRpL',
429 silly reify   'C:\\Users\\kemo1\\OneDrive\\Documenten\\wts\\Frontend-main\\Frontend-main\\node_modules\\anymatch': 'C:\\Users\\kemo1\\OneDrive\\Documenten\\wts\\Frontend-main\\Frontend-main\\node_modules\\.anymatch-oCOXdhxN',
429 silly reify   'C:\\Users\\kemo1\\OneDrive\\Documenten\\wts\\Frontend-main\\Frontend-main\\node_modules\\arg': 'C:\\Users\\kemo1\\OneDrive\\Documenten\\wts\\Frontend-main\\Frontend-main\\node_modules\\.arg-I7uG93sk',
429 silly reify   'C:\\Users\\kemo1\\OneDrive\\Documenten\\wts\\Frontend-main\\Frontend-main\\node_modules\\argparse': 'C:\\Users\\kemo1\\OneDrive\\Documenten\\wts\\Frontend-main\\Frontend-main\\node_modules\\.argparse-L8VNHXpb',
429 silly reify   'C:\\Users\\kemo1\\OneDrive\\Documenten\\wts\\Frontend-main\\Frontend-main\\node_modules\\aria-query': 'C:\\Users\\kemo1\\OneDrive\\Documenten\\wts\\Frontend-main\\Frontend-main\\node_modules\\.aria-query-2b0HaTO7',
429 silly reify   'C:\\Users\\kemo1\\OneDrive\\Documenten\\wts\\Frontend-main\\Frontend-main\\node_modules\\array-buffer-byte-length': 'C:\\Users\\kemo1\\OneDrive\\Documenten\\wts\\Frontend-main\\Frontend-main\\node_modules\\.array-buffer-byte-length-HkyCjVel',
429 silly reify   'C:\\Users\\kemo1\\OneDrive\\Documenten\\wts\\Frontend-main\\Frontend-main\\node_modules\\array-includes': 'C:\\Users\\kemo1\\OneDrive\\Documenten\\wts\\Frontend-main\\Frontend-main\\node_modules\\.array-includes-uysieGGZ',
429 silly reify   'C:\\Users\\kemo1\\OneDrive\\Documenten\\wts\\Frontend-main\\Frontend-main\\node_modules\\array.prototype.findlast': 'C:\\Users\\kemo1\\OneDrive\\Documenten\\wts\\Frontend-main\\Frontend-main\\node_modules\\.array.prototype.findlast-aF8it6YT',
429 silly reify   'C:\\Users\\kemo1\\OneDrive\\Documenten\\wts\\Frontend-main\\Frontend-main\\node_modules\\array.prototype.flat': 'C:\\Users\\kemo1\\OneDrive\\Documenten\\wts\\Frontend-main\\Frontend-main\\node_modules\\.array.prototype.flat-Uyxw8kgk',
429 silly reify   'C:\\Users\\kemo1\\OneDrive\\Documenten\\wts\\Frontend-main\\Frontend-main\\node_modules\\array.prototype.findlastindex': 'C:\\Users\\kemo1\\OneDrive\\Documenten\\wts\\Frontend-main\\Frontend-main\\node_modules\\.array.prototype.findlastindex-wiGCVbHZ',
429 silly reify   'C:\\Users\\kemo1\\OneDrive\\Documenten\\wts\\Frontend-main\\Frontend-main\\node_modules\\array.prototype.flatmap': 'C:\\Users\\kemo1\\OneDrive\\Documenten\\wts\\Frontend-main\\Frontend-main\\node_modules\\.array.prototype.flatmap-A3V6gJxX',
429 silly reify   'C:\\Users\\kemo1\\OneDrive\\Documenten\\wts\\Frontend-main\\Frontend-main\\node_modules\\array.prototype.tosorted': 'C:\\Users\\kemo1\\OneDrive\\Documenten\\wts\\Frontend-main\\Frontend-main\\node_modules\\.array.prototype.tosorted-wNEu349E',
429 silly reify   'C:\\Users\\kemo1\\OneDrive\\Documenten\\wts\\Frontend-main\\Frontend-main\\node_modules\\arraybuffer.prototype.slice': 'C:\\Users\\kemo1\\OneDrive\\Documenten\\wts\\Frontend-main\\Frontend-main\\node_modules\\.arraybuffer.prototype.slice-bPOHoUA9',
429 silly reify   'C:\\Users\\kemo1\\OneDrive\\Documenten\\wts\\Frontend-main\\Frontend-main\\node_modules\\ast-types-flow': 'C:\\Users\\kemo1\\OneDrive\\Documenten\\wts\\Frontend-main\\Frontend-main\\node_modules\\.ast-types-flow-ZsN4Ecpj',
429 silly reify   'C:\\Users\\kemo1\\OneDrive\\Documenten\\wts\\Frontend-main\\Frontend-main\\node_modules\\async-function': 'C:\\Users\\kemo1\\OneDrive\\Documenten\\wts\\Frontend-main\\Frontend-main\\node_modules\\.async-function-TSfwfBEE',
429 silly reify   'C:\\Users\\kemo1\\OneDrive\\Documenten\\wts\\Frontend-main\\Frontend-main\\node_modules\\autoprefixer': 'C:\\Users\\kemo1\\OneDrive\\Documenten\\wts\\Frontend-main\\Frontend-main\\node_modules\\.autoprefixer-kKkYj3zj',
429 silly reify   'C:\\Users\\kemo1\\OneDrive\\Documenten\\wts\\Frontend-main\\Frontend-main\\node_modules\\available-typed-arrays': 'C:\\Users\\kemo1\\OneDrive\\Documenten\\wts\\Frontend-main\\Frontend-main\\node_modules\\.available-typed-arrays-vXEZxVkv',
429 silly reify   'C:\\Users\\kemo1\\OneDrive\\Documenten\\wts\\Frontend-main\\Frontend-main\\node_modules\\axe-core': 'C:\\Users\\kemo1\\OneDrive\\Documenten\\wts\\Frontend-main\\Frontend-main\\node_modules\\.axe-core-Fgrc5cKf',
429 silly reify   'C:\\Users\\kemo1\\OneDrive\\Documenten\\wts\\Frontend-main\\Frontend-main\\node_modules\\axobject-query': 'C:\\Users\\kemo1\\OneDrive\\Documenten\\wts\\Frontend-main\\Frontend-main\\node_modules\\.axobject-query-jso3x7jU',
429 silly reify   'C:\\Users\\kemo1\\OneDrive\\Documenten\\wts\\Frontend-main\\Frontend-main\\node_modules\\balanced-match': 'C:\\Users\\kemo1\\OneDrive\\Documenten\\wts\\Frontend-main\\Frontend-main\\node_modules\\.balanced-match-K9wfeHJ9',
429 silly reify   'C:\\Users\\kemo1\\OneDrive\\Documenten\\wts\\Frontend-main\\Frontend-main\\node_modules\\baseline-browser-mapping': 'C:\\Users\\kemo1\\OneDrive\\Documenten\\wts\\Frontend-main\\Frontend-main\\node_modules\\.baseline-browser-mapping-EhIHORZd',
429 silly reify   'C:\\Users\\kemo1\\OneDrive\\Documenten\\wts\\Frontend-main\\Frontend-main\\node_modules\\brace-expansion': 'C:\\Users\\kemo1\\OneDrive\\Documenten\\wts\\Frontend-main\\Frontend-main\\node_modules\\.brace-expansion-fRRCl04Y',
429 silly reify   'C:\\Users\\kemo1\\OneDrive\\Documenten\\wts\\Frontend-main\\Frontend-main\\node_modules\\binary-extensions': 'C:\\Users\\kemo1\\OneDrive\\Documenten\\wts\\Frontend-main\\Frontend-main\\node_modules\\.binary-extensions-iqgSfK9a',
429 silly reify   'C:\\Users\\kemo1\\OneDrive\\Documenten\\wts\\Frontend-main\\Frontend-main\\node_modules\\browserslist': 'C:\\Users\\kemo1\\OneDrive\\Documenten\\wts\\Frontend-main\\Frontend-main\\node_modules\\.browserslist-m6E1d2s9',
429 silly reify   'C:\\Users\\kemo1\\OneDrive\\Documenten\\wts\\Frontend-main\\Frontend-main\\node_modules\\braces': 'C:\\Users\\kemo1\\OneDrive\\Documenten\\wts\\Frontend-main\\Frontend-main\\node_modules\\.braces-h4V1Q84K',
429 silly reify   'C:\\Users\\kemo1\\OneDrive\\Documenten\\wts\\Frontend-main\\Frontend-main\\node_modules\\call-bind': 'C:\\Users\\kemo1\\OneDrive\\Documenten\\wts\\Frontend-main\\Frontend-main\\node_modules\\.call-bind-6PrAHyTr',
429 silly reify   'C:\\Users\\kemo1\\OneDrive\\Documenten\\wts\\Frontend-main\\Frontend-main\\node_modules\\call-bind-apply-helpers': 'C:\\Users\\kemo1\\OneDrive\\Documenten\\wts\\Frontend-main\\Frontend-main\\node_modules\\.call-bind-apply-helpers-fqcfOLcP',
429 silly reify   'C:\\Users\\kemo1\\OneDrive\\Documenten\\wts\\Frontend-main\\Frontend-main\\node_modules\\call-bound': 'C:\\Users\\kemo1\\OneDrive\\Documenten\\wts\\Frontend-main\\Frontend-main\\node_modules\\.call-bound-IjdqBPVR',
429 silly reify   'C:\\Users\\kemo1\\OneDrive\\Documenten\\wts\\Frontend-main\\Frontend-main\\node_modules\\callsites': 'C:\\Users\\kemo1\\OneDrive\\Documenten\\wts\\Frontend-main\\Frontend-main\\node_modules\\.callsites-cX9fucPz',
429 silly reify   'C:\\Users\\kemo1\\OneDrive\\Documenten\\wts\\Frontend-main\\Frontend-main\\node_modules\\camelcase-css': 'C:\\Users\\kemo1\\OneDrive\\Documenten\\wts\\Frontend-main\\Frontend-main\\node_modules\\.camelcase-css-raQ8pg2S',
429 silly reify   'C:\\Users\\kemo1\\OneDrive\\Documenten\\wts\\Frontend-main\\Frontend-main\\node_modules\\chalk': 'C:\\Users\\kemo1\\OneDrive\\Documenten\\wts\\Frontend-main\\Frontend-main\\node_modules\\.chalk-SZqP860G',
429 silly reify   'C:\\Users\\kemo1\\OneDrive\\Documenten\\wts\\Frontend-main\\Frontend-main\\node_modules\\chokidar': 'C:\\Users\\kemo1\\OneDrive\\Documenten\\wts\\Frontend-main\\Frontend-main\\node_modules\\.chokidar-3ia5hETe',
429 silly reify   'C:\\Users\\kemo1\\OneDrive\\Documenten\\wts\\Frontend-main\\Frontend-main\\node_modules\\caniuse-lite': 'C:\\Users\\kemo1\\OneDrive\\Documenten\\wts\\Frontend-main\\Frontend-main\\node_modules\\.caniuse-lite-hoMbaJ6X',
429 silly reify   'C:\\Users\\kemo1\\OneDrive\\Documenten\\wts\\Frontend-main\\Frontend-main\\node_modules\\client-only': 'C:\\Users\\kemo1\\OneDrive\\Documenten\\wts\\Frontend-main\\Frontend-main\\node_modules\\.client-only-jyD2mTgu',
429 silly reify   'C:\\Users\\kemo1\\OneDrive\\Documenten\\wts\\Frontend-main\\Frontend-main\\node_modules\\clsx': 'C:\\Users\\kemo1\\OneDrive\\Documenten\\wts\\Frontend-main\\Frontend-main\\node_modules\\.clsx-403N7n2B',
429 silly reify   'C:\\Users\\kemo1\\OneDrive\\Documenten\\wts\\Frontend-main\\Frontend-main\\node_modules\\color-convert': 'C:\\Users\\kemo1\\OneDrive\\Documenten\\wts\\Frontend-main\\Frontend-main\\node_modules\\.color-convert-f3TZVQYy',
429 silly reify   'C:\\Users\\kemo1\\OneDrive\\Documenten\\wts\\Frontend-main\\Frontend-main\\node_modules\\color-name': 'C:\\Users\\kemo1\\OneDrive\\Documenten\\wts\\Frontend-main\\Frontend-main\\node_modules\\.color-name-x6QQ3iDI',
429 silly reify   'C:\\Users\\kemo1\\OneDrive\\Documenten\\wts\\Frontend-main\\Frontend-main\\node_modules\\commander': 'C:\\Users\\kemo1\\OneDrive\\Documenten\\wts\\Frontend-main\\Frontend-main\\node_modules\\.commander-HhOxjBss',
429 silly reify   'C:\\Users\\kemo1\\OneDrive\\Documenten\\wts\\Frontend-main\\Frontend-main\\node_modules\\concat-map': 'C:\\Users\\kemo1\\OneDrive\\Documenten\\wts\\Frontend-main\\Frontend-main\\node_modules\\.concat-map-K8xhyvb8',
429 silly reify   'C:\\Users\\kemo1\\OneDrive\\Documenten\\wts\\Frontend-main\\Frontend-main\\node_modules\\convert-source-map': 'C:\\Users\\kemo1\\OneDrive\\Documenten\\wts\\Frontend-main\\Frontend-main\\node_modules\\.convert-source-map-v7vueFlv',
429 silly reify   'C:\\Users\\kemo1\\OneDrive\\Documenten\\wts\\Frontend-main\\Frontend-main\\node_modules\\cross-spawn': 'C:\\Users\\kemo1\\OneDrive\\Documenten\\wts\\Frontend-main\\Frontend-main\\node_modules\\.cross-spawn-xxuc588M',
429 silly reify   'C:\\Users\\kemo1\\OneDrive\\Documenten\\wts\\Frontend-main\\Frontend-main\\node_modules\\cssesc': 'C:\\Users\\kemo1\\OneDrive\\Documenten\\wts\\Frontend-main\\Frontend-main\\node_modules\\.cssesc-KqKhkczU',
429 silly reify   'C:\\Users\\kemo1\\OneDrive\\Documenten\\wts\\Frontend-main\\Frontend-main\\node_modules\\csstype': 'C:\\Users\\kemo1\\OneDrive\\Documenten\\wts\\Frontend-main\\Frontend-main\\node_modules\\.csstype-XNL9ldUJ',
429 silly reify   'C:\\Users\\kemo1\\OneDrive\\Documenten\\wts\\Frontend-main\\Frontend-main\\node_modules\\damerau-levenshtein': 'C:\\Users\\kemo1\\OneDrive\\Documenten\\wts\\Frontend-main\\Frontend-main\\node_modules\\.damerau-levenshtein-8wfA71Kc',
429 silly reify   'C:\\Users\\kemo1\\OneDrive\\Documenten\\wts\\Frontend-main\\Frontend-main\\node_modules\\data-view-buffer': 'C:\\Users\\kemo1\\OneDrive\\Documenten\\wts\\Frontend-main\\Frontend-main\\node_modules\\.data-view-buffer-rnPuDsr7',
429 silly reify   'C:\\Users\\kemo1\\OneDrive\\Documenten\\wts\\Frontend-main\\Frontend-main\\node_modules\\data-view-byte-length': 'C:\\Users\\kemo1\\OneDrive\\Documenten\\wts\\Frontend-main\\Frontend-main\\node_modules\\.data-view-byte-length-Fk0VdLqg',
429 silly reify   'C:\\Users\\kemo1\\OneDrive\\Documenten\\wts\\Frontend-main\\Frontend-main\\node_modules\\debug': 'C:\\Users\\kemo1\\OneDrive\\Documenten\\wts\\Frontend-main\\Frontend-main\\node_modules\\.debug-6v9ucUx3',
429 silly reify   'C:\\Users\\kemo1\\OneDrive\\Documenten\\wts\\Frontend-main\\Frontend-main\\node_modules\\data-view-byte-offset': 'C:\\Users\\kemo1\\OneDrive\\Documenten\\wts\\Frontend-main\\Frontend-main\\node_modules\\.data-view-byte-offset-RlLhD3ev',
429 silly reify   'C:\\Users\\kemo1\\OneDrive\\Documenten\\wts\\Frontend-main\\Frontend-main\\node_modules\\deep-is': 'C:\\Users\\kemo1\\OneDrive\\Documenten\\wts\\Frontend-main\\Frontend-main\\node_modules\\.deep-is-v8ajCCp9',
429 silly reify   'C:\\Users\\kemo1\\OneDrive\\Documenten\\wts\\Frontend-main\\Frontend-main\\node_modules\\define-data-property': 'C:\\Users\\kemo1\\OneDrive\\Documenten\\wts\\Frontend-main\\Frontend-main\\node_modules\\.define-data-property-e3e1uJES',
429 silly reify   'C:\\Users\\kemo1\\OneDrive\\Documenten\\wts\\Frontend-main\\Frontend-main\\node_modules\\define-properties': 'C:\\Users\\kemo1\\OneDrive\\Documenten\\wts\\Frontend-main\\Frontend-main\\node_modules\\.define-properties-ycSmUTA5',
429 silly reify   'C:\\Users\\kemo1\\OneDrive\\Documenten\\wts\\Frontend-main\\Frontend-main\\node_modules\\didyoumean': 'C:\\Users\\kemo1\\OneDrive\\Documenten\\wts\\Frontend-main\\Frontend-main\\node_modules\\.didyoumean-phUoLynh',
429 silly reify   'C:\\Users\\kemo1\\OneDrive\\Documenten\\wts\\Frontend-main\\Frontend-main\\node_modules\\dlv': 'C:\\Users\\kemo1\\OneDrive\\Documenten\\wts\\Frontend-main\\Frontend-main\\node_modules\\.dlv-qan2WYPH',
429 silly reify   'C:\\Users\\kemo1\\OneDrive\\Documenten\\wts\\Frontend-main\\Frontend-main\\node_modules\\detect-libc': 'C:\\Users\\kemo1\\OneDrive\\Documenten\\wts\\Frontend-main\\Frontend-main\\node_modules\\.detect-libc-HeCQPVe0',
429 silly reify   'C:\\Users\\kemo1\\OneDrive\\Documenten\\wts\\Frontend-main\\Frontend-main\\node_modules\\doctrine': 'C:\\Users\\kemo1\\OneDrive\\Documenten\\wts\\Frontend-main\\Frontend-main\\node_modules\\.doctrine-RGmGjqXB',
429 silly reify   'C:\\Users\\kemo1\\OneDrive\\Documenten\\wts\\Frontend-main\\Frontend-main\\node_modules\\dunder-proto': 'C:\\Users\\kemo1\\OneDrive\\Documenten\\wts\\Frontend-main\\Frontend-main\\node_modules\\.dunder-proto-KwgwRRzs',
429 silly reify   'C:\\Users\\kemo1\\OneDrive\\Documenten\\wts\\Frontend-main\\Frontend-main\\node_modules\\electron-to-chromium': 'C:\\Users\\kemo1\\OneDrive\\Documenten\\wts\\Frontend-main\\Frontend-main\\node_modules\\.electron-to-chromium-3wLGODCK',
429 silly reify   'C:\\Users\\kemo1\\OneDrive\\Documenten\\wts\\Frontend-main\\Frontend-main\\node_modules\\emoji-regex': 'C:\\Users\\kemo1\\OneDrive\\Documenten\\wts\\Frontend-main\\Frontend-main\\node_modules\\.emoji-regex-5iYfn4m3',
429 silly reify   'C:\\Users\\kemo1\\OneDrive\\Documenten\\wts\\Frontend-main\\Frontend-main\\node_modules\\es-abstract': 'C:\\Users\\kemo1\\OneDrive\\Documenten\\wts\\Frontend-main\\Frontend-main\\node_modules\\.es-abstract-rcJ2Wc7r',
429 silly reify   'C:\\Users\\kemo1\\OneDrive\\Documenten\\wts\\Frontend-main\\Frontend-main\\node_modules\\es-errors': 'C:\\Users\\kemo1\\OneDrive\\Documenten\\wts\\Frontend-main\\Frontend-main\\node_modules\\.es-errors-tn3tuyKI',
429 silly reify   'C:\\Users\\kemo1\\OneDrive\\Documenten\\wts\\Frontend-main\\Frontend-main\\node_modules\\es-define-property': 'C:\\Users\\kemo1\\OneDrive\\Documenten\\wts\\Frontend-main\\Frontend-main\\node_modules\\.es-define-property-ypi69Kac',
429 silly reify   'C:\\Users\\kemo1\\OneDrive\\Documenten\\wts\\Frontend-main\\Frontend-main\\node_modules\\es-iterator-helpers': 'C:\\Users\\kemo1\\OneDrive\\Documenten\\wts\\Frontend-main\\Frontend-main\\node_modules\\.es-iterator-helpers-nud6pXNf',
429 silly reify   'C:\\Users\\kemo1\\OneDrive\\Documenten\\wts\\Frontend-main\\Frontend-main\\node_modules\\es-object-atoms': 'C:\\Users\\kemo1\\OneDrive\\Documenten\\wts\\Frontend-main\\Frontend-main\\node_modules\\.es-object-atoms-Ejvmp2P3',
429 silly reify   'C:\\Users\\kemo1\\OneDrive\\Documenten\\wts\\Frontend-main\\Frontend-main\\node_modules\\es-set-tostringtag': 'C:\\Users\\kemo1\\OneDrive\\Documenten\\wts\\Frontend-main\\Frontend-main\\node_modules\\.es-set-tostringtag-DoBMBvzI',
429 silly reify   'C:\\Users\\kemo1\\OneDrive\\Documenten\\wts\\Frontend-main\\Frontend-main\\node_modules\\es-to-primitive': 'C:\\Users\\kemo1\\OneDrive\\Documenten\\wts\\Frontend-main\\Frontend-main\\node_modules\\.es-to-primitive-cs9FuuJp',
429 silly reify   'C:\\Users\\kemo1\\OneDrive\\Documenten\\wts\\Frontend-main\\Frontend-main\\node_modules\\es-shim-unscopables': 'C:\\Users\\kemo1\\OneDrive\\Documenten\\wts\\Frontend-main\\Frontend-main\\node_modules\\.es-shim-unscopables-IYU9LBq6',
429 silly reify   'C:\\Users\\kemo1\\OneDrive\\Documenten\\wts\\Frontend-main\\Frontend-main\\node_modules\\escalade': 'C:\\Users\\kemo1\\OneDrive\\Documenten\\wts\\Frontend-main\\Frontend-main\\node_modules\\.escalade-TOmx1AbE',
429 silly reify   'C:\\Users\\kemo1\\OneDrive\\Documenten\\wts\\Frontend-main\\Frontend-main\\node_modules\\escape-string-regexp': 'C:\\Users\\kemo1\\OneDrive\\Documenten\\wts\\Frontend-main\\Frontend-main\\node_modules\\.escape-string-regexp-iAvW6KR4',
429 silly reify   'C:\\Users\\kemo1\\OneDrive\\Documenten\\wts\\Frontend-main\\Frontend-main\\node_modules\\eslint': 'C:\\Users\\kemo1\\OneDrive\\Documenten\\wts\\Frontend-main\\Frontend-main\\node_modules\\.eslint-q2vByPTV',
429 silly reify   'C:\\Users\\kemo1\\OneDrive\\Documenten\\wts\\Frontend-main\\Frontend-main\\node_modules\\eslint-config-next': 'C:\\Users\\kemo1\\OneDrive\\Documenten\\wts\\Frontend-main\\Frontend-main\\node_modules\\.eslint-config-next-7IqhEwDI',
429 silly reify   'C:\\Users\\kemo1\\OneDrive\\Documenten\\wts\\Frontend-main\\Frontend-main\\node_modules\\eslint-import-resolver-node': 'C:\\Users\\kemo1\\OneDrive\\Documenten\\wts\\Frontend-main\\Frontend-main\\node_modules\\.eslint-import-resolver-node-knCycUus',
429 silly reify   'C:\\Users\\kemo1\\OneDrive\\Documenten\\wts\\Frontend-main\\Frontend-main\\node_modules\\eslint-import-resolver-typescript': 'C:\\Users\\kemo1\\OneDrive\\Documenten\\wts\\Frontend-main\\Frontend-main\\node_modules\\.eslint-import-resolver-typescript-25z3UWXn',
429 silly reify   'C:\\Users\\kemo1\\OneDrive\\Documenten\\wts\\Frontend-main\\Frontend-main\\node_modules\\eslint-module-utils': 'C:\\Users\\kemo1\\OneDrive\\Documenten\\wts\\Frontend-main\\Frontend-main\\node_modules\\.eslint-module-utils-k8u9MLNl',
429 silly reify   'C:\\Users\\kemo1\\OneDrive\\Documenten\\wts\\Frontend-main\\Frontend-main\\node_modules\\eslint-plugin-import': 'C:\\Users\\kemo1\\OneDrive\\Documenten\\wts\\Frontend-main\\Frontend-main\\node_modules\\.eslint-plugin-import-PjlUQGHZ',
429 silly reify   'C:\\Users\\kemo1\\OneDrive\\Documenten\\wts\\Frontend-main\\Frontend-main\\node_modules\\eslint-plugin-react-hooks': 'C:\\Users\\kemo1\\OneDrive\\Documenten\\wts\\Frontend-main\\Frontend-main\\node_modules\\.eslint-plugin-react-hooks-Ck3eQvLt',
429 silly reify   'C:\\Users\\kemo1\\OneDrive\\Documenten\\wts\\Frontend-main\\Frontend-main\\node_modules\\eslint-plugin-jsx-a11y': 'C:\\Users\\kemo1\\OneDrive\\Documenten\\wts\\Frontend-main\\Frontend-main\\node_modules\\.eslint-plugin-jsx-a11y-XKxfzPls',
429 silly reify   'C:\\Users\\kemo1\\OneDrive\\Documenten\\wts\\Frontend-main\\Frontend-main\\node_modules\\espree': 'C:\\Users\\kemo1\\OneDrive\\Documenten\\wts\\Frontend-main\\Frontend-main\\node_modules\\.espree-SWQDPSz7',
429 silly reify   'C:\\Users\\kemo1\\OneDrive\\Documenten\\wts\\Frontend-main\\Frontend-main\\node_modules\\eslint-scope': 'C:\\Users\\kemo1\\OneDrive\\Documenten\\wts\\Frontend-main\\Frontend-main\\node_modules\\.eslint-scope-7m8IabyH',
429 silly reify   'C:\\Users\\kemo1\\OneDrive\\Documenten\\wts\\Frontend-main\\Frontend-main\\node_modules\\eslint-visitor-keys': 'C:\\Users\\kemo1\\OneDrive\\Documenten\\wts\\Frontend-main\\Frontend-main\\node_modules\\.eslint-visitor-keys-kzofeg0J',
429 silly reify   'C:\\Users\\kemo1\\OneDrive\\Documenten\\wts\\Frontend-main\\Frontend-main\\node_modules\\esquery': 'C:\\Users\\kemo1\\OneDrive\\Documenten\\wts\\Frontend-main\\Frontend-main\\node_modules\\.esquery-pKTSMFTk',
429 silly reify   'C:\\Users\\kemo1\\OneDrive\\Documenten\\wts\\Frontend-main\\Frontend-main\\node_modules\\esrecurse': 'C:\\Users\\kemo1\\OneDrive\\Documenten\\wts\\Frontend-main\\Frontend-main\\node_modules\\.esrecurse-fpBw1IIg',
429 silly reify   'C:\\Users\\kemo1\\OneDrive\\Documenten\\wts\\Frontend-main\\Frontend-main\\node_modules\\estraverse': 'C:\\Users\\kemo1\\OneDrive\\Documenten\\wts\\Frontend-main\\Frontend-main\\node_modules\\.estraverse-LGNPqHpM',
429 silly reify   'C:\\Users\\kemo1\\OneDrive\\Documenten\\wts\\Frontend-main\\Frontend-main\\node_modules\\esutils': 'C:\\Users\\kemo1\\OneDrive\\Documenten\\wts\\Frontend-main\\Frontend-main\\node_modules\\.esutils-KeRbcTJd',
429 silly reify   'C:\\Users\\kemo1\\OneDrive\\Documenten\\wts\\Frontend-main\\Frontend-main\\node_modules\\fast-deep-equal': 'C:\\Users\\kemo1\\OneDrive\\Documenten\\wts\\Frontend-main\\Frontend-main\\node_modules\\.fast-deep-equal-Wq7Jj5JH',
429 silly reify   'C:\\Users\\kemo1\\OneDrive\\Documenten\\wts\\Frontend-main\\Frontend-main\\node_modules\\fast-glob': 'C:\\Users\\kemo1\\OneDrive\\Documenten\\wts\\Frontend-main\\Frontend-main\\node_modules\\.fast-glob-zm74FOqx',
429 silly reify   'C:\\Users\\kemo1\\OneDrive\\Documenten\\wts\\Frontend-main\\Frontend-main\\node_modules\\fast-json-stable-stringify': 'C:\\Users\\kemo1\\OneDrive\\Documenten\\wts\\Frontend-main\\Frontend-main\\node_modules\\.fast-json-stable-stringify-tdTJCa16',
429 silly reify   'C:\\Users\\kemo1\\OneDrive\\Documenten\\wts\\Frontend-main\\Frontend-main\\node_modules\\fast-levenshtein': 'C:\\Users\\kemo1\\OneDrive\\Documenten\\wts\\Frontend-main\\Frontend-main\\node_modules\\.fast-levenshtein-6wtKLjRH',
429 silly reify   'C:\\Users\\kemo1\\OneDrive\\Documenten\\wts\\Frontend-main\\Frontend-main\\node_modules\\fastq': 'C:\\Users\\kemo1\\OneDrive\\Documenten\\wts\\Frontend-main\\Frontend-main\\node_modules\\.fastq-NONIQE8z',
429 silly reify   'C:\\Users\\kemo1\\OneDrive\\Documenten\\wts\\Frontend-main\\Frontend-main\\node_modules\\file-entry-cache': 'C:\\Users\\kemo1\\OneDrive\\Documenten\\wts\\Frontend-main\\Frontend-main\\node_modules\\.file-entry-cache-mLQuE4qg',
429 silly reify   'C:\\Users\\kemo1\\OneDrive\\Documenten\\wts\\Frontend-main\\Frontend-main\\node_modules\\fill-range': 'C:\\Users\\kemo1\\OneDrive\\Documenten\\wts\\Frontend-main\\Frontend-main\\node_modules\\.fill-range-K7MdPR9N',
429 silly reify   'C:\\Users\\kemo1\\OneDrive\\Documenten\\wts\\Frontend-main\\Frontend-main\\node_modules\\find-up': 'C:\\Users\\kemo1\\OneDrive\\Documenten\\wts\\Frontend-main\\Frontend-main\\node_modules\\.find-up-KQz1HXNf',
429 silly reify   'C:\\Users\\kemo1\\OneDrive\\Documenten\\wts\\Frontend-main\\Frontend-main\\node_modules\\flat-cache': 'C:\\Users\\kemo1\\OneDrive\\Documenten\\wts\\Frontend-main\\Frontend-main\\node_modules\\.flat-cache-tEvXQ55n',
429 silly reify   'C:\\Users\\kemo1\\OneDrive\\Documenten\\wts\\Frontend-main\\Frontend-main\\node_modules\\flatted': 'C:\\Users\\kemo1\\OneDrive\\Documenten\\wts\\Frontend-main\\Frontend-main\\node_modules\\.flatted-lk38hnEJ',
429 silly reify   'C:\\Users\\kemo1\\OneDrive\\Documenten\\wts\\Frontend-main\\Frontend-main\\node_modules\\for-each': 'C:\\Users\\kemo1\\OneDrive\\Documenten\\wts\\Frontend-main\\Frontend-main\\node_modules\\.for-each-DnwBkqRY',
429 silly reify   'C:\\Users\\kemo1\\OneDrive\\Documenten\\wts\\Frontend-main\\Frontend-main\\node_modules\\fraction.js': 'C:\\Users\\kemo1\\OneDrive\\Documenten\\wts\\Frontend-main\\Frontend-main\\node_modules\\.fraction.js-AyVbT2mi',
429 silly reify   'C:\\Users\\kemo1\\OneDrive\\Documenten\\wts\\Frontend-main\\Frontend-main\\node_modules\\fsevents': 'C:\\Users\\kemo1\\OneDrive\\Documenten\\wts\\Frontend-main\\Frontend-main\\node_modules\\.fsevents-qzCH2LUG',
429 silly reify   'C:\\Users\\kemo1\\OneDrive\\Documenten\\wts\\Frontend-main\\Frontend-main\\node_modules\\function-bind': 'C:\\Users\\kemo1\\OneDrive\\Documenten\\wts\\Frontend-main\\Frontend-main\\node_modules\\.function-bind-MrCCADwm',
429 silly reify   'C:\\Users\\kemo1\\OneDrive\\Documenten\\wts\\Frontend-main\\Frontend-main\\node_modules\\function.prototype.name': 'C:\\Users\\kemo1\\OneDrive\\Documenten\\wts\\Frontend-main\\Frontend-main\\node_modules\\.function.prototype.name-MWGT9UlI',
429 silly reify   'C:\\Users\\kemo1\\OneDrive\\Documenten\\wts\\Frontend-main\\Frontend-main\\node_modules\\functions-have-names': 'C:\\Users\\kemo1\\OneDrive\\Documenten\\wts\\Frontend-main\\Frontend-main\\node_modules\\.functions-have-names-6RFr3npS',
429 silly reify   'C:\\Users\\kemo1\\OneDrive\\Documenten\\wts\\Frontend-main\\Frontend-main\\node_modules\\generator-function': 'C:\\Users\\kemo1\\OneDrive\\Documenten\\wts\\Frontend-main\\Frontend-main\\node_modules\\.generator-function-89OQ5taP',
429 silly reify   'C:\\Users\\kemo1\\OneDrive\\Documenten\\wts\\Frontend-main\\Frontend-main\\node_modules\\gensync': 'C:\\Users\\kemo1\\OneDrive\\Documenten\\wts\\Frontend-main\\Frontend-main\\node_modules\\.gensync-tXVdG9Ju',
429 silly reify   'C:\\Users\\kemo1\\OneDrive\\Documenten\\wts\\Frontend-main\\Frontend-main\\node_modules\\get-intrinsic': 'C:\\Users\\kemo1\\OneDrive\\Documenten\\wts\\Frontend-main\\Frontend-main\\node_modules\\.get-intrinsic-KGKPetH2',
429 silly reify   'C:\\Users\\kemo1\\OneDrive\\Documenten\\wts\\Frontend-main\\Frontend-main\\node_modules\\get-proto': 'C:\\Users\\kemo1\\OneDrive\\Documenten\\wts\\Frontend-main\\Frontend-main\\node_modules\\.get-proto-QjyoX3D1',
429 silly reify   'C:\\Users\\kemo1\\OneDrive\\Documenten\\wts\\Frontend-main\\Frontend-main\\node_modules\\get-symbol-description': 'C:\\Users\\kemo1\\OneDrive\\Documenten\\wts\\Frontend-main\\Frontend-main\\node_modules\\.get-symbol-description-nQQuSsPf',
429 silly reify   'C:\\Users\\kemo1\\OneDrive\\Documenten\\wts\\Frontend-main\\Frontend-main\\node_modules\\get-tsconfig': 'C:\\Users\\kemo1\\OneDrive\\Documenten\\wts\\Frontend-main\\Frontend-main\\node_modules\\.get-tsconfig-UR1J6VQi',
429 silly reify   'C:\\Users\\kemo1\\OneDrive\\Documenten\\wts\\Frontend-main\\Frontend-main\\node_modules\\glob-parent': 'C:\\Users\\kemo1\\OneDrive\\Documenten\\wts\\Frontend-main\\Frontend-main\\node_modules\\.glob-parent-GGG0Mr1K',
429 silly reify   'C:\\Users\\kemo1\\OneDrive\\Documenten\\wts\\Frontend-main\\Frontend-main\\node_modules\\globals': 'C:\\Users\\kemo1\\OneDrive\\Documenten\\wts\\Frontend-main\\Frontend-main\\node_modules\\.globals-ZwafQ5Qo',
429 silly reify   'C:\\Users\\kemo1\\OneDrive\\Documenten\\wts\\Frontend-main\\Frontend-main\\node_modules\\gopd': 'C:\\Users\\kemo1\\OneDrive\\Documenten\\wts\\Frontend-main\\Frontend-main\\node_modules\\.gopd-ghOrJC4M',
429 silly reify   'C:\\Users\\kemo1\\OneDrive\\Documenten\\wts\\Frontend-main\\Frontend-main\\node_modules\\globalthis': 'C:\\Users\\kemo1\\OneDrive\\Documenten\\wts\\Frontend-main\\Frontend-main\\node_modules\\.globalthis-ee33yZtZ',
429 silly reify   'C:\\Users\\kemo1\\OneDrive\\Documenten\\wts\\Frontend-main\\Frontend-main\\node_modules\\has-bigints': 'C:\\Users\\kemo1\\OneDrive\\Documenten\\wts\\Frontend-main\\Frontend-main\\node_modules\\.has-bigints-PoOaaH6H',
429 silly reify   'C:\\Users\\kemo1\\OneDrive\\Documenten\\wts\\Frontend-main\\Frontend-main\\node_modules\\has-flag': 'C:\\Users\\kemo1\\OneDrive\\Documenten\\wts\\Frontend-main\\Frontend-main\\node_modules\\.has-flag-gxmCKNlL',
429 silly reify   'C:\\Users\\kemo1\\OneDrive\\Documenten\\wts\\Frontend-main\\Frontend-main\\node_modules\\has-property-descriptors': 'C:\\Users\\kemo1\\OneDrive\\Documenten\\wts\\Frontend-main\\Frontend-main\\node_modules\\.has-property-descriptors-absS1QEi',
429 silly reify   'C:\\Users\\kemo1\\OneDrive\\Documenten\\wts\\Frontend-main\\Frontend-main\\node_modules\\has-proto': 'C:\\Users\\kemo1\\OneDrive\\Documenten\\wts\\Frontend-main\\Frontend-main\\node_modules\\.has-proto-NxR8XjN4',
429 silly reify   'C:\\Users\\kemo1\\OneDrive\\Documenten\\wts\\Frontend-main\\Frontend-main\\node_modules\\has-symbols': 'C:\\Users\\kemo1\\OneDrive\\Documenten\\wts\\Frontend-main\\Frontend-main\\node_modules\\.has-symbols-hcICvHpG',
429 silly reify   'C:\\Users\\kemo1\\OneDrive\\Documenten\\wts\\Frontend-main\\Frontend-main\\node_modules\\has-tostringtag': 'C:\\Users\\kemo1\\OneDrive\\Documenten\\wts\\Frontend-main\\Frontend-main\\node_modules\\.has-tostringtag-vtIarotL',
429 silly reify   'C:\\Users\\kemo1\\OneDrive\\Documenten\\wts\\Frontend-main\\Frontend-main\\node_modules\\hasown': 'C:\\Users\\kemo1\\OneDrive\\Documenten\\wts\\Frontend-main\\Frontend-main\\node_modules\\.hasown-LCFGMaAg',
429 silly reify   'C:\\Users\\kemo1\\OneDrive\\Documenten\\wts\\Frontend-main\\Frontend-main\\node_modules\\hermes-estree': 'C:\\Users\\kemo1\\OneDrive\\Documenten\\wts\\Frontend-main\\Frontend-main\\node_modules\\.hermes-estree-kOxgWGru',
429 silly reify   'C:\\Users\\kemo1\\OneDrive\\Documenten\\wts\\Frontend-main\\Frontend-main\\node_modules\\hermes-parser': 'C:\\Users\\kemo1\\OneDrive\\Documenten\\wts\\Frontend-main\\Frontend-main\\node_modules\\.hermes-parser-mrUcGj5W',
429 silly reify   'C:\\Users\\kemo1\\OneDrive\\Documenten\\wts\\Frontend-main\\Frontend-main\\node_modules\\ignore': 'C:\\Users\\kemo1\\OneDrive\\Documenten\\wts\\Frontend-main\\Frontend-main\\node_modules\\.ignore-25dKnzfh',
429 silly reify   'C:\\Users\\kemo1\\OneDrive\\Documenten\\wts\\Frontend-main\\Frontend-main\\node_modules\\import-fresh': 'C:\\Users\\kemo1\\OneDrive\\Documenten\\wts\\Frontend-main\\Frontend-main\\node_modules\\.import-fresh-8wsjw4Nq',
429 silly reify   'C:\\Users\\kemo1\\OneDrive\\Documenten\\wts\\Frontend-main\\Frontend-main\\node_modules\\imurmurhash': 'C:\\Users\\kemo1\\OneDrive\\Documenten\\wts\\Frontend-main\\Frontend-main\\node_modules\\.imurmurhash-bgMVN7ih',
429 silly reify   'C:\\Users\\kemo1\\OneDrive\\Documenten\\wts\\Frontend-main\\Frontend-main\\node_modules\\internal-slot': 'C:\\Users\\kemo1\\OneDrive\\Documenten\\wts\\Frontend-main\\Frontend-main\\node_modules\\.internal-slot-Rn1eeQKd',
429 silly reify   'C:\\Users\\kemo1\\OneDrive\\Documenten\\wts\\Frontend-main\\Frontend-main\\node_modules\\is-array-buffer': 'C:\\Users\\kemo1\\OneDrive\\Documenten\\wts\\Frontend-main\\Frontend-main\\node_modules\\.is-array-buffer-kINDrTub',
429 silly reify   'C:\\Users\\kemo1\\OneDrive\\Documenten\\wts\\Frontend-main\\Frontend-main\\node_modules\\is-async-function': 'C:\\Users\\kemo1\\OneDrive\\Documenten\\wts\\Frontend-main\\Frontend-main\\node_modules\\.is-async-function-8dZRmEIE',
429 silly reify   'C:\\Users\\kemo1\\OneDrive\\Documenten\\wts\\Frontend-main\\Frontend-main\\node_modules\\is-bigint': 'C:\\Users\\kemo1\\OneDrive\\Documenten\\wts\\Frontend-main\\Frontend-main\\node_modules\\.is-bigint-hoostcB0',
429 silly reify   'C:\\Users\\kemo1\\OneDrive\\Documenten\\wts\\Frontend-main\\Frontend-main\\node_modules\\is-binary-path': 'C:\\Users\\kemo1\\OneDrive\\Documenten\\wts\\Frontend-main\\Frontend-main\\node_modules\\.is-binary-path-uu230IyT',
429 silly reify   'C:\\Users\\kemo1\\OneDrive\\Documenten\\wts\\Frontend-main\\Frontend-main\\node_modules\\is-boolean-object': 'C:\\Users\\kemo1\\OneDrive\\Documenten\\wts\\Frontend-main\\Frontend-main\\node_modules\\.is-boolean-object-TNkGeP5v',
429 silly reify   'C:\\Users\\kemo1\\OneDrive\\Documenten\\wts\\Frontend-main\\Frontend-main\\node_modules\\is-bun-module': 'C:\\Users\\kemo1\\OneDrive\\Documenten\\wts\\Frontend-main\\Frontend-main\\node_modules\\.is-bun-module-BG4w2KYt',
429 silly reify   'C:\\Users\\kemo1\\OneDrive\\Documenten\\wts\\Frontend-main\\Frontend-main\\node_modules\\is-callable': 'C:\\Users\\kemo1\\OneDrive\\Documenten\\wts\\Frontend-main\\Frontend-main\\node_modules\\.is-callable-umQU1f2H',
429 silly reify   'C:\\Users\\kemo1\\OneDrive\\Documenten\\wts\\Frontend-main\\Frontend-main\\node_modules\\is-core-module': 'C:\\Users\\kemo1\\OneDrive\\Documenten\\wts\\Frontend-main\\Frontend-main\\node_modules\\.is-core-module-pTMThuM8',
429 silly reify   'C:\\Users\\kemo1\\OneDrive\\Documenten\\wts\\Frontend-main\\Frontend-main\\node_modules\\is-data-view': 'C:\\Users\\kemo1\\OneDrive\\Documenten\\wts\\Frontend-main\\Frontend-main\\node_modules\\.is-data-view-sGQdhe7J',
429 silly reify   'C:\\Users\\kemo1\\OneDrive\\Documenten\\wts\\Frontend-main\\Frontend-main\\node_modules\\is-date-object': 'C:\\Users\\kemo1\\OneDrive\\Documenten\\wts\\Frontend-main\\Frontend-main\\node_modules\\.is-date-object-hGAEoYvF',
429 silly reify   'C:\\Users\\kemo1\\OneDrive\\Documenten\\wts\\Frontend-main\\Frontend-main\\node_modules\\is-extglob': 'C:\\Users\\kemo1\\OneDrive\\Documenten\\wts\\Frontend-main\\Frontend-main\\node_modules\\.is-extglob-OuEyQrmc',
429 silly reify   'C:\\Users\\kemo1\\OneDrive\\Documenten\\wts\\Frontend-main\\Frontend-main\\node_modules\\is-finalizationregistry': 'C:\\Users\\kemo1\\OneDrive\\Documenten\\wts\\Frontend-main\\Frontend-main\\node_modules\\.is-finalizationregistry-Npxe2O85',
429 silly reify   'C:\\Users\\kemo1\\OneDrive\\Documenten\\wts\\Frontend-main\\Frontend-main\\node_modules\\is-generator-function': 'C:\\Users\\kemo1\\OneDrive\\Documenten\\wts\\Frontend-main\\Frontend-main\\node_modules\\.is-generator-function-DYlQpeJQ',
429 silly reify   'C:\\Users\\kemo1\\OneDrive\\Documenten\\wts\\Frontend-main\\Frontend-main\\node_modules\\is-map': 'C:\\Users\\kemo1\\OneDrive\\Documenten\\wts\\Frontend-main\\Frontend-main\\node_modules\\.is-map-3CAgyuur',
429 silly reify   'C:\\Users\\kemo1\\OneDrive\\Documenten\\wts\\Frontend-main\\Frontend-main\\node_modules\\is-glob': 'C:\\Users\\kemo1\\OneDrive\\Documenten\\wts\\Frontend-main\\Frontend-main\\node_modules\\.is-glob-8nv4pnZj',
429 silly reify   'C:\\Users\\kemo1\\OneDrive\\Documenten\\wts\\Frontend-main\\Frontend-main\\node_modules\\is-negative-zero': 'C:\\Users\\kemo1\\OneDrive\\Documenten\\wts\\Frontend-main\\Frontend-main\\node_modules\\.is-negative-zero-ADXHhHsN',
429 silly reify   'C:\\Users\\kemo1\\OneDrive\\Documenten\\wts\\Frontend-main\\Frontend-main\\node_modules\\is-number': 'C:\\Users\\kemo1\\OneDrive\\Documenten\\wts\\Frontend-main\\Frontend-main\\node_modules\\.is-number-7iCahMDo',
429 silly reify   'C:\\Users\\kemo1\\OneDrive\\Documenten\\wts\\Frontend-main\\Frontend-main\\node_modules\\is-number-object': 'C:\\Users\\kemo1\\OneDrive\\Documenten\\wts\\Frontend-main\\Frontend-main\\node_modules\\.is-number-object-ryqlgjzV',
429 silly reify   'C:\\Users\\kemo1\\OneDrive\\Documenten\\wts\\Frontend-main\\Frontend-main\\node_modules\\is-regex': 'C:\\Users\\kemo1\\OneDrive\\Documenten\\wts\\Frontend-main\\Frontend-main\\node_modules\\.is-regex-Gn7yGLqS',
429 silly reify   'C:\\Users\\kemo1\\OneDrive\\Documenten\\wts\\Frontend-main\\Frontend-main\\node_modules\\is-set': 'C:\\Users\\kemo1\\OneDrive\\Documenten\\wts\\Frontend-main\\Frontend-main\\node_modules\\.is-set-UZZvJASU',
429 silly reify   'C:\\Users\\kemo1\\OneDrive\\Documenten\\wts\\Frontend-main\\Frontend-main\\node_modules\\is-shared-array-buffer': 'C:\\Users\\kemo1\\OneDrive\\Documenten\\wts\\Frontend-main\\Frontend-main\\node_modules\\.is-shared-array-buffer-YsCSxxx6',
429 silly reify   'C:\\Users\\kemo1\\OneDrive\\Documenten\\wts\\Frontend-main\\Frontend-main\\node_modules\\is-string': 'C:\\Users\\kemo1\\OneDrive\\Documenten\\wts\\Frontend-main\\Frontend-main\\node_modules\\.is-string-zUG2vxKE',
429 silly reify   'C:\\Users\\kemo1\\OneDrive\\Documenten\\wts\\Frontend-main\\Frontend-main\\node_modules\\is-symbol': 'C:\\Users\\kemo1\\OneDrive\\Documenten\\wts\\Frontend-main\\Frontend-main\\node_modules\\.is-symbol-gfoQE9LN',
429 silly reify   'C:\\Users\\kemo1\\OneDrive\\Documenten\\wts\\Frontend-main\\Frontend-main\\node_modules\\is-typed-array': 'C:\\Users\\kemo1\\OneDrive\\Documenten\\wts\\Frontend-main\\Frontend-main\\node_modules\\.is-typed-array-NUYxGIDR',
429 silly reify   'C:\\Users\\kemo1\\OneDrive\\Documenten\\wts\\Frontend-main\\Frontend-main\\node_modules\\is-weakmap': 'C:\\Users\\kemo1\\OneDrive\\Documenten\\wts\\Frontend-main\\Frontend-main\\node_modules\\.is-weakmap-0L8eVXB5',
429 silly reify   'C:\\Users\\kemo1\\OneDrive\\Documenten\\wts\\Frontend-main\\Frontend-main\\node_modules\\is-weakref': 'C:\\Users\\kemo1\\OneDrive\\Documenten\\wts\\Frontend-main\\Frontend-main\\node_modules\\.is-weakref-y7ZHMYzn',
429 silly reify   'C:\\Users\\kemo1\\OneDrive\\Documenten\\wts\\Frontend-main\\Frontend-main\\node_modules\\is-weakset': 'C:\\Users\\kemo1\\OneDrive\\Documenten\\wts\\Frontend-main\\Frontend-main\\node_modules\\.is-weakset-XdBVY47l',
429 silly reify   'C:\\Users\\kemo1\\OneDrive\\Documenten\\wts\\Frontend-main\\Frontend-main\\node_modules\\isarray': 'C:\\Users\\kemo1\\OneDrive\\Documenten\\wts\\Frontend-main\\Frontend-main\\node_modules\\.isarray-aN3UIulK',
429 silly reify   'C:\\Users\\kemo1\\OneDrive\\Documenten\\wts\\Frontend-main\\Frontend-main\\node_modules\\isexe': 'C:\\Users\\kemo1\\OneDrive\\Documenten\\wts\\Frontend-main\\Frontend-main\\node_modules\\.isexe-duf1wjiv',
429 silly reify   'C:\\Users\\kemo1\\OneDrive\\Documenten\\wts\\Frontend-main\\Frontend-main\\node_modules\\jiti': 'C:\\Users\\kemo1\\OneDrive\\Documenten\\wts\\Frontend-main\\Frontend-main\\node_modules\\.jiti-nNuFPkXm',
429 silly reify   'C:\\Users\\kemo1\\OneDrive\\Documenten\\wts\\Frontend-main\\Frontend-main\\node_modules\\iterator.prototype': 'C:\\Users\\kemo1\\OneDrive\\Documenten\\wts\\Frontend-main\\Frontend-main\\node_modules\\.iterator.prototype-GzJEzueW',
429 silly reify   'C:\\Users\\kemo1\\OneDrive\\Documenten\\wts\\Frontend-main\\Frontend-main\\node_modules\\js-yaml': 'C:\\Users\\kemo1\\OneDrive\\Documenten\\wts\\Frontend-main\\Frontend-main\\node_modules\\.js-yaml-Pv23nBdj',
429 silly reify   'C:\\Users\\kemo1\\OneDrive\\Documenten\\wts\\Frontend-main\\Frontend-main\\node_modules\\js-tokens': 'C:\\Users\\kemo1\\OneDrive\\Documenten\\wts\\Frontend-main\\Frontend-main\\node_modules\\.js-tokens-dYC0qmnE',
429 silly reify   'C:\\Users\\kemo1\\OneDrive\\Documenten\\wts\\Frontend-main\\Frontend-main\\node_modules\\jsesc': 'C:\\Users\\kemo1\\OneDrive\\Documenten\\wts\\Frontend-main\\Frontend-main\\node_modules\\.jsesc-3o6MsTji',
429 silly reify   'C:\\Users\\kemo1\\OneDrive\\Documenten\\wts\\Frontend-main\\Frontend-main\\node_modules\\json-buffer': 'C:\\Users\\kemo1\\OneDrive\\Documenten\\wts\\Frontend-main\\Frontend-main\\node_modules\\.json-buffer-CfJxecfU',
429 silly reify   'C:\\Users\\kemo1\\OneDrive\\Documenten\\wts\\Frontend-main\\Frontend-main\\node_modules\\json-schema-traverse': 'C:\\Users\\kemo1\\OneDrive\\Documenten\\wts\\Frontend-main\\Frontend-main\\node_modules\\.json-schema-traverse-xEfgaG91',
429 silly reify   'C:\\Users\\kemo1\\OneDrive\\Documenten\\wts\\Frontend-main\\Frontend-main\\node_modules\\json-stable-stringify-without-jsonify': 'C:\\Users\\kemo1\\OneDrive\\Documenten\\wts\\Frontend-main\\Frontend-main\\node_modules\\.json-stable-stringify-without-jsonify-BYXQbKhP',
429 silly reify   'C:\\Users\\kemo1\\OneDrive\\Documenten\\wts\\Frontend-main\\Frontend-main\\node_modules\\json5': 'C:\\Users\\kemo1\\OneDrive\\Documenten\\wts\\Frontend-main\\Frontend-main\\node_modules\\.json5-IIoqZeBP',
429 silly reify   'C:\\Users\\kemo1\\OneDrive\\Documenten\\wts\\Frontend-main\\Frontend-main\\node_modules\\jsx-ast-utils': 'C:\\Users\\kemo1\\OneDrive\\Documenten\\wts\\Frontend-main\\Frontend-main\\node_modules\\.jsx-ast-utils-LflVrvpd',
429 silly reify   'C:\\Users\\kemo1\\OneDrive\\Documenten\\wts\\Frontend-main\\Frontend-main\\node_modules\\keyv': 'C:\\Users\\kemo1\\OneDrive\\Documenten\\wts\\Frontend-main\\Frontend-main\\node_modules\\.keyv-Vx3CCkov',
429 silly reify   'C:\\Users\\kemo1\\OneDrive\\Documenten\\wts\\Frontend-main\\Frontend-main\\node_modules\\language-subtag-registry': 'C:\\Users\\kemo1\\OneDrive\\Documenten\\wts\\Frontend-main\\Frontend-main\\node_modules\\.language-subtag-registry-1xv8QUZm',
429 silly reify   'C:\\Users\\kemo1\\OneDrive\\Documenten\\wts\\Frontend-main\\Frontend-main\\node_modules\\language-tags': 'C:\\Users\\kemo1\\OneDrive\\Documenten\\wts\\Frontend-main\\Frontend-main\\node_modules\\.language-tags-LiajocM3',
429 silly reify   'C:\\Users\\kemo1\\OneDrive\\Documenten\\wts\\Frontend-main\\Frontend-main\\node_modules\\lilconfig': 'C:\\Users\\kemo1\\OneDrive\\Documenten\\wts\\Frontend-main\\Frontend-main\\node_modules\\.lilconfig-m2YFHk27',
429 silly reify   'C:\\Users\\kemo1\\OneDrive\\Documenten\\wts\\Frontend-main\\Frontend-main\\node_modules\\levn': 'C:\\Users\\kemo1\\OneDrive\\Documenten\\wts\\Frontend-main\\Frontend-main\\node_modules\\.levn-36ef1QR0',
429 silly reify   'C:\\Users\\kemo1\\OneDrive\\Documenten\\wts\\Frontend-main\\Frontend-main\\node_modules\\lines-and-columns': 'C:\\Users\\kemo1\\OneDrive\\Documenten\\wts\\Frontend-main\\Frontend-main\\node_modules\\.lines-and-columns-isqeVghR',
429 silly reify   'C:\\Users\\kemo1\\OneDrive\\Documenten\\wts\\Frontend-main\\Frontend-main\\node_modules\\locate-path': 'C:\\Users\\kemo1\\OneDrive\\Documenten\\wts\\Frontend-main\\Frontend-main\\node_modules\\.locate-path-m1waosDs',
429 silly reify   'C:\\Users\\kemo1\\OneDrive\\Documenten\\wts\\Frontend-main\\Frontend-main\\node_modules\\lodash.merge': 'C:\\Users\\kemo1\\OneDrive\\Documenten\\wts\\Frontend-main\\Frontend-main\\node_modules\\.lodash.merge-qAchcPNo',
429 silly reify   'C:\\Users\\kemo1\\OneDrive\\Documenten\\wts\\Frontend-main\\Frontend-main\\node_modules\\loose-envify': 'C:\\Users\\kemo1\\OneDrive\\Documenten\\wts\\Frontend-main\\Frontend-main\\node_modules\\.loose-envify-kQlkWYAK',
429 silly reify   'C:\\Users\\kemo1\\OneDrive\\Documenten\\wts\\Frontend-main\\Frontend-main\\node_modules\\lucide-react': 'C:\\Users\\kemo1\\OneDrive\\Documenten\\wts\\Frontend-main\\Frontend-main\\node_modules\\.lucide-react-YXY58024',
429 silly reify   'C:\\Users\\kemo1\\OneDrive\\Documenten\\wts\\Frontend-main\\Frontend-main\\node_modules\\lru-cache': 'C:\\Users\\kemo1\\OneDrive\\Documenten\\wts\\Frontend-main\\Frontend-main\\node_modules\\.lru-cache-SoDrr6Nn',
429 silly reify   'C:\\Users\\kemo1\\OneDrive\\Documenten\\wts\\Frontend-main\\Frontend-main\\node_modules\\math-intrinsics': 'C:\\Users\\kemo1\\OneDrive\\Documenten\\wts\\Frontend-main\\Frontend-main\\node_modules\\.math-intrinsics-y3dtCM4m',
429 silly reify   'C:\\Users\\kemo1\\OneDrive\\Documenten\\wts\\Frontend-main\\Frontend-main\\node_modules\\merge2': 'C:\\Users\\kemo1\\OneDrive\\Documenten\\wts\\Frontend-main\\Frontend-main\\node_modules\\.merge2-fZcTFmVX',
429 silly reify   'C:\\Users\\kemo1\\OneDrive\\Documenten\\wts\\Frontend-main\\Frontend-main\\node_modules\\micromatch': 'C:\\Users\\kemo1\\OneDrive\\Documenten\\wts\\Frontend-main\\Frontend-main\\node_modules\\.micromatch-lQglasUP',
429 silly reify   'C:\\Users\\kemo1\\OneDrive\\Documenten\\wts\\Frontend-main\\Frontend-main\\node_modules\\minimatch': 'C:\\Users\\kemo1\\OneDrive\\Documenten\\wts\\Frontend-main\\Frontend-main\\node_modules\\.minimatch-nGLIEZpl',
429 silly reify   'C:\\Users\\kemo1\\OneDrive\\Documenten\\wts\\Frontend-main\\Frontend-main\\node_modules\\minimist': 'C:\\Users\\kemo1\\OneDrive\\Documenten\\wts\\Frontend-main\\Frontend-main\\node_modules\\.minimist-DL1ZBL7A',
429 silly reify   'C:\\Users\\kemo1\\OneDrive\\Documenten\\wts\\Frontend-main\\Frontend-main\\node_modules\\ms': 'C:\\Users\\kemo1\\OneDrive\\Documenten\\wts\\Frontend-main\\Frontend-main\\node_modules\\.ms-0qM5l0pq',
429 silly reify   'C:\\Users\\kemo1\\OneDrive\\Documenten\\wts\\Frontend-main\\Frontend-main\\node_modules\\mz': 'C:\\Users\\kemo1\\OneDrive\\Documenten\\wts\\Frontend-main\\Frontend-main\\node_modules\\.mz-CQOxCMBt',
429 silly reify   'C:\\Users\\kemo1\\OneDrive\\Documenten\\wts\\Frontend-main\\Frontend-main\\node_modules\\nanoid': 'C:\\Users\\kemo1\\OneDrive\\Documenten\\wts\\Frontend-main\\Frontend-main\\node_modules\\.nanoid-ofGSSpYF',
429 silly reify   'C:\\Users\\kemo1\\OneDrive\\Documenten\\wts\\Frontend-main\\Frontend-main\\node_modules\\natural-compare': 'C:\\Users\\kemo1\\OneDrive\\Documenten\\wts\\Frontend-main\\Frontend-main\\node_modules\\.natural-compare-LmiMuPdU',
429 silly reify   'C:\\Users\\kemo1\\OneDrive\\Documenten\\wts\\Frontend-main\\Frontend-main\\node_modules\\napi-postinstall': 'C:\\Users\\kemo1\\OneDrive\\Documenten\\wts\\Frontend-main\\Frontend-main\\node_modules\\.napi-postinstall-G9ogh0iS',
429 silly reify   'C:\\Users\\kemo1\\OneDrive\\Documenten\\wts\\Frontend-main\\Frontend-main\\node_modules\\next': 'C:\\Users\\kemo1\\OneDrive\\Documenten\\wts\\Frontend-main\\Frontend-main\\node_modules\\.next-dFSlNrqa',
429 silly reify   'C:\\Users\\kemo1\\OneDrive\\Documenten\\wts\\Frontend-main\\Frontend-main\\node_modules\\node-exports-info': 'C:\\Users\\kemo1\\OneDrive\\Documenten\\wts\\Frontend-main\\Frontend-main\\node_modules\\.node-exports-info-bYFSiqbi',
429 silly reify   'C:\\Users\\kemo1\\OneDrive\\Documenten\\wts\\Frontend-main\\Frontend-main\\node_modules\\node-releases': 'C:\\Users\\kemo1\\OneDrive\\Documenten\\wts\\Frontend-main\\Frontend-main\\node_modules\\.node-releases-BihwH8PS',
429 silly reify   'C:\\Users\\kemo1\\OneDrive\\Documenten\\wts\\Frontend-main\\Frontend-main\\node_modules\\normalize-path': 'C:\\Users\\kemo1\\OneDrive\\Documenten\\wts\\Frontend-main\\Frontend-main\\node_modules\\.normalize-path-39ToqFoI',
429 silly reify   'C:\\Users\\kemo1\\OneDrive\\Documenten\\wts\\Frontend-main\\Frontend-main\\node_modules\\object-assign': 'C:\\Users\\kemo1\\OneDrive\\Documenten\\wts\\Frontend-main\\Frontend-main\\node_modules\\.object-assign-00tQTxlj',
429 silly reify   'C:\\Users\\kemo1\\OneDrive\\Documenten\\wts\\Frontend-main\\Frontend-main\\node_modules\\object-hash': 'C:\\Users\\kemo1\\OneDrive\\Documenten\\wts\\Frontend-main\\Frontend-main\\node_modules\\.object-hash-Ft01naCR',
429 silly reify   'C:\\Users\\kemo1\\OneDrive\\Documenten\\wts\\Frontend-main\\Frontend-main\\node_modules\\object-inspect': 'C:\\Users\\kemo1\\OneDrive\\Documenten\\wts\\Frontend-main\\Frontend-main\\node_modules\\.object-inspect-RZZnijFG',
429 silly reify   'C:\\Users\\kemo1\\OneDrive\\Documenten\\wts\\Frontend-main\\Frontend-main\\node_modules\\object-keys': 'C:\\Users\\kemo1\\OneDrive\\Documenten\\wts\\Frontend-main\\Frontend-main\\node_modules\\.object-keys-3xjhCqXx',
429 silly reify   'C:\\Users\\kemo1\\OneDrive\\Documenten\\wts\\Frontend-main\\Frontend-main\\node_modules\\object.assign': 'C:\\Users\\kemo1\\OneDrive\\Documenten\\wts\\Frontend-main\\Frontend-main\\node_modules\\.object.assign-5tfua976',
429 silly reify   'C:\\Users\\kemo1\\OneDrive\\Documenten\\wts\\Frontend-main\\Frontend-main\\node_modules\\object.entries': 'C:\\Users\\kemo1\\OneDrive\\Documenten\\wts\\Frontend-main\\Frontend-main\\node_modules\\.object.entries-VLhjvggq',
429 silly reify   'C:\\Users\\kemo1\\OneDrive\\Documenten\\wts\\Frontend-main\\Frontend-main\\node_modules\\object.groupby': 'C:\\Users\\kemo1\\OneDrive\\Documenten\\wts\\Frontend-main\\Frontend-main\\node_modules\\.object.groupby-70PVXvOh',
429 silly reify   'C:\\Users\\kemo1\\OneDrive\\Documenten\\wts\\Frontend-main\\Frontend-main\\node_modules\\object.fromentries': 'C:\\Users\\kemo1\\OneDrive\\Documenten\\wts\\Frontend-main\\Frontend-main\\node_modules\\.object.fromentries-GyB7urbv',
429 silly reify   'C:\\Users\\kemo1\\OneDrive\\Documenten\\wts\\Frontend-main\\Frontend-main\\node_modules\\object.values': 'C:\\Users\\kemo1\\OneDrive\\Documenten\\wts\\Frontend-main\\Frontend-main\\node_modules\\.object.values-Smh1QPN9',
429 silly reify   'C:\\Users\\kemo1\\OneDrive\\Documenten\\wts\\Frontend-main\\Frontend-main\\node_modules\\optionator': 'C:\\Users\\kemo1\\OneDrive\\Documenten\\wts\\Frontend-main\\Frontend-main\\node_modules\\.optionator-6RB2KPLu',
429 silly reify   'C:\\Users\\kemo1\\OneDrive\\Documenten\\wts\\Frontend-main\\Frontend-main\\node_modules\\own-keys': 'C:\\Users\\kemo1\\OneDrive\\Documenten\\wts\\Frontend-main\\Frontend-main\\node_modules\\.own-keys-5dGc891K',
429 silly reify   'C:\\Users\\kemo1\\OneDrive\\Documenten\\wts\\Frontend-main\\Frontend-main\\node_modules\\p-limit': 'C:\\Users\\kemo1\\OneDrive\\Documenten\\wts\\Frontend-main\\Frontend-main\\node_modules\\.p-limit-i6FTLoIh',
429 silly reify   'C:\\Users\\kemo1\\OneDrive\\Documenten\\wts\\Frontend-main\\Frontend-main\\node_modules\\p-locate': 'C:\\Users\\kemo1\\OneDrive\\Documenten\\wts\\Frontend-main\\Frontend-main\\node_modules\\.p-locate-44nn8hhu',
429 silly reify   'C:\\Users\\kemo1\\OneDrive\\Documenten\\wts\\Frontend-main\\Frontend-main\\node_modules\\parent-module': 'C:\\Users\\kemo1\\OneDrive\\Documenten\\wts\\Frontend-main\\Frontend-main\\node_modules\\.parent-module-tZ9AAmaW',
429 silly reify   'C:\\Users\\kemo1\\OneDrive\\Documenten\\wts\\Frontend-main\\Frontend-main\\node_modules\\path-exists': 'C:\\Users\\kemo1\\OneDrive\\Documenten\\wts\\Frontend-main\\Frontend-main\\node_modules\\.path-exists-hSVyqx8y',
429 silly reify   'C:\\Users\\kemo1\\OneDrive\\Documenten\\wts\\Frontend-main\\Frontend-main\\node_modules\\path-key': 'C:\\Users\\kemo1\\OneDrive\\Documenten\\wts\\Frontend-main\\Frontend-main\\node_modules\\.path-key-YuR2KNtX',
429 silly reify   'C:\\Users\\kemo1\\OneDrive\\Documenten\\wts\\Frontend-main\\Frontend-main\\node_modules\\path-parse': 'C:\\Users\\kemo1\\OneDrive\\Documenten\\wts\\Frontend-main\\Frontend-main\\node_modules\\.path-parse-I47agTRx',
429 silly reify   'C:\\Users\\kemo1\\OneDrive\\Documenten\\wts\\Frontend-main\\Frontend-main\\node_modules\\picocolors': 'C:\\Users\\kemo1\\OneDrive\\Documenten\\wts\\Frontend-main\\Frontend-main\\node_modules\\.picocolors-S2DfR6c5',
429 silly reify   'C:\\Users\\kemo1\\OneDrive\\Documenten\\wts\\Frontend-main\\Frontend-main\\node_modules\\picomatch': 'C:\\Users\\kemo1\\OneDrive\\Documenten\\wts\\Frontend-main\\Frontend-main\\node_modules\\.picomatch-aZzE8Osf',
429 silly reify   'C:\\Users\\kemo1\\OneDrive\\Documenten\\wts\\Frontend-main\\Frontend-main\\node_modules\\pify': 'C:\\Users\\kemo1\\OneDrive\\Documenten\\wts\\Frontend-main\\Frontend-main\\node_modules\\.pify-58o06LVn',
429 silly reify   'C:\\Users\\kemo1\\OneDrive\\Documenten\\wts\\Frontend-main\\Frontend-main\\node_modules\\pirates': 'C:\\Users\\kemo1\\OneDrive\\Documenten\\wts\\Frontend-main\\Frontend-main\\node_modules\\.pirates-bKHyZfOg',
429 silly reify   'C:\\Users\\kemo1\\OneDrive\\Documenten\\wts\\Frontend-main\\Frontend-main\\node_modules\\possible-typed-array-names': 'C:\\Users\\kemo1\\OneDrive\\Documenten\\wts\\Frontend-main\\Frontend-main\\node_modules\\.possible-typed-array-names-dk1pK7Xi',
429 silly reify   'C:\\Users\\kemo1\\OneDrive\\Documenten\\wts\\Frontend-main\\Frontend-main\\node_modules\\postcss': 'C:\\Users\\kemo1\\OneDrive\\Documenten\\wts\\Frontend-main\\Frontend-main\\node_modules\\.postcss-jKlauCJ3',
429 silly reify   'C:\\Users\\kemo1\\OneDrive\\Documenten\\wts\\Frontend-main\\Frontend-main\\node_modules\\postcss-import': 'C:\\Users\\kemo1\\OneDrive\\Documenten\\wts\\Frontend-main\\Frontend-main\\node_modules\\.postcss-import-pEvJBueZ',
429 silly reify   'C:\\Users\\kemo1\\OneDrive\\Documenten\\wts\\Frontend-main\\Frontend-main\\node_modules\\postcss-js': 'C:\\Users\\kemo1\\OneDrive\\Documenten\\wts\\Frontend-main\\Frontend-main\\node_modules\\.postcss-js-1QAURmKO',
429 silly reify   'C:\\Users\\kemo1\\OneDrive\\Documenten\\wts\\Frontend-main\\Frontend-main\\node_modules\\postcss-load-config': 'C:\\Users\\kemo1\\OneDrive\\Documenten\\wts\\Frontend-main\\Frontend-main\\node_modules\\.postcss-load-config-JOEvMARm',
429 silly reify   'C:\\Users\\kemo1\\OneDrive\\Documenten\\wts\\Frontend-main\\Frontend-main\\node_modules\\postcss-nested': 'C:\\Users\\kemo1\\OneDrive\\Documenten\\wts\\Frontend-main\\Frontend-main\\node_modules\\.postcss-nested-blfqpXoD',
429 silly reify   'C:\\Users\\kemo1\\OneDrive\\Documenten\\wts\\Frontend-main\\Frontend-main\\node_modules\\postcss-selector-parser': 'C:\\Users\\kemo1\\OneDrive\\Documenten\\wts\\Frontend-main\\Frontend-main\\node_modules\\.postcss-selector-parser-7TtN1WU2',
429 silly reify   'C:\\Users\\kemo1\\OneDrive\\Documenten\\wts\\Frontend-main\\Frontend-main\\node_modules\\postcss-value-parser': 'C:\\Users\\kemo1\\OneDrive\\Documenten\\wts\\Frontend-main\\Frontend-main\\node_modules\\.postcss-value-parser-7kof8saY',
429 silly reify   'C:\\Users\\kemo1\\OneDrive\\Documenten\\wts\\Frontend-main\\Frontend-main\\node_modules\\prelude-ls': 'C:\\Users\\kemo1\\OneDrive\\Documenten\\wts\\Frontend-main\\Frontend-main\\node_modules\\.prelude-ls-9zepg2hs',
429 silly reify   'C:\\Users\\kemo1\\OneDrive\\Documenten\\wts\\Frontend-main\\Frontend-main\\node_modules\\prop-types': 'C:\\Users\\kemo1\\OneDrive\\Documenten\\wts\\Frontend-main\\Frontend-main\\node_modules\\.prop-types-XihSTI2K',
429 silly reify   'C:\\Users\\kemo1\\OneDrive\\Documenten\\wts\\Frontend-main\\Frontend-main\\node_modules\\punycode': 'C:\\Users\\kemo1\\OneDrive\\Documenten\\wts\\Frontend-main\\Frontend-main\\node_modules\\.punycode-G6FUO17d',
429 silly reify   'C:\\Users\\kemo1\\OneDrive\\Documenten\\wts\\Frontend-main\\Frontend-main\\node_modules\\queue-microtask': 'C:\\Users\\kemo1\\OneDrive\\Documenten\\wts\\Frontend-main\\Frontend-main\\node_modules\\.queue-microtask-ZiHGSRSp',
429 silly reify   'C:\\Users\\kemo1\\OneDrive\\Documenten\\wts\\Frontend-main\\Frontend-main\\node_modules\\react': 'C:\\Users\\kemo1\\OneDrive\\Documenten\\wts\\Frontend-main\\Frontend-main\\node_modules\\.react-JbjycxTZ',
429 silly reify   'C:\\Users\\kemo1\\OneDrive\\Documenten\\wts\\Frontend-main\\Frontend-main\\node_modules\\react-dom': 'C:\\Users\\kemo1\\OneDrive\\Documenten\\wts\\Frontend-main\\Frontend-main\\node_modules\\.react-dom-PbVu5mR6',
429 silly reify   'C:\\Users\\kemo1\\OneDrive\\Documenten\\wts\\Frontend-main\\Frontend-main\\node_modules\\react-is': 'C:\\Users\\kemo1\\OneDrive\\Documenten\\wts\\Frontend-main\\Frontend-main\\node_modules\\.react-is-rYGRAwbu',
429 silly reify   'C:\\Users\\kemo1\\OneDrive\\Documenten\\wts\\Frontend-main\\Frontend-main\\node_modules\\read-cache': 'C:\\Users\\kemo1\\OneDrive\\Documenten\\wts\\Frontend-main\\Frontend-main\\node_modules\\.read-cache-OGQt2xu8',
429 silly reify   'C:\\Users\\kemo1\\OneDrive\\Documenten\\wts\\Frontend-main\\Frontend-main\\node_modules\\readdirp': 'C:\\Users\\kemo1\\OneDrive\\Documenten\\wts\\Frontend-main\\Frontend-main\\node_modules\\.readdirp-M11E7Rl5',
429 silly reify   'C:\\Users\\kemo1\\OneDrive\\Documenten\\wts\\Frontend-main\\Frontend-main\\node_modules\\reflect.getprototypeof': 'C:\\Users\\kemo1\\OneDrive\\Documenten\\wts\\Frontend-main\\Frontend-main\\node_modules\\.reflect.getprototypeof-DKQ8fmHu',
429 silly reify   'C:\\Users\\kemo1\\OneDrive\\Documenten\\wts\\Frontend-main\\Frontend-main\\node_modules\\regexp.prototype.flags': 'C:\\Users\\kemo1\\OneDrive\\Documenten\\wts\\Frontend-main\\Frontend-main\\node_modules\\.regexp.prototype.flags-2fYOPqPd',
429 silly reify   'C:\\Users\\kemo1\\OneDrive\\Documenten\\wts\\Frontend-main\\Frontend-main\\node_modules\\resolve': 'C:\\Users\\kemo1\\OneDrive\\Documenten\\wts\\Frontend-main\\Frontend-main\\node_modules\\.resolve-bZQfc87k',
429 silly reify   'C:\\Users\\kemo1\\OneDrive\\Documenten\\wts\\Frontend-main\\Frontend-main\\node_modules\\resolve-from': 'C:\\Users\\kemo1\\OneDrive\\Documenten\\wts\\Frontend-main\\Frontend-main\\node_modules\\.resolve-from-n1bl1LAn',
429 silly reify   'C:\\Users\\kemo1\\OneDrive\\Documenten\\wts\\Frontend-main\\Frontend-main\\node_modules\\reusify': 'C:\\Users\\kemo1\\OneDrive\\Documenten\\wts\\Frontend-main\\Frontend-main\\node_modules\\.reusify-X3M0IHVf',
429 silly reify   'C:\\Users\\kemo1\\OneDrive\\Documenten\\wts\\Frontend-main\\Frontend-main\\node_modules\\resolve-pkg-maps': 'C:\\Users\\kemo1\\OneDrive\\Documenten\\wts\\Frontend-main\\Frontend-main\\node_modules\\.resolve-pkg-maps-JbrKuwVb',
429 silly reify   'C:\\Users\\kemo1\\OneDrive\\Documenten\\wts\\Frontend-main\\Frontend-main\\node_modules\\run-parallel': 'C:\\Users\\kemo1\\OneDrive\\Documenten\\wts\\Frontend-main\\Frontend-main\\node_modules\\.run-parallel-lOMg7FFH',
429 silly reify   'C:\\Users\\kemo1\\OneDrive\\Documenten\\wts\\Frontend-main\\Frontend-main\\node_modules\\safe-array-concat': 'C:\\Users\\kemo1\\OneDrive\\Documenten\\wts\\Frontend-main\\Frontend-main\\node_modules\\.safe-array-concat-agdS0bdn',
429 silly reify   'C:\\Users\\kemo1\\OneDrive\\Documenten\\wts\\Frontend-main\\Frontend-main\\node_modules\\safe-push-apply': 'C:\\Users\\kemo1\\OneDrive\\Documenten\\wts\\Frontend-main\\Frontend-main\\node_modules\\.safe-push-apply-0q3zA0SA',
429 silly reify   'C:\\Users\\kemo1\\OneDrive\\Documenten\\wts\\Frontend-main\\Frontend-main\\node_modules\\safe-regex-test': 'C:\\Users\\kemo1\\OneDrive\\Documenten\\wts\\Frontend-main\\Frontend-main\\node_modules\\.safe-regex-test-veyumG07',
429 silly reify   'C:\\Users\\kemo1\\OneDrive\\Documenten\\wts\\Frontend-main\\Frontend-main\\node_modules\\scheduler': 'C:\\Users\\kemo1\\OneDrive\\Documenten\\wts\\Frontend-main\\Frontend-main\\node_modules\\.scheduler-HMCmDbd3',
429 silly reify   'C:\\Users\\kemo1\\OneDrive\\Documenten\\wts\\Frontend-main\\Frontend-main\\node_modules\\semver': 'C:\\Users\\kemo1\\OneDrive\\Documenten\\wts\\Frontend-main\\Frontend-main\\node_modules\\.semver-ARsPDEq5',
429 silly reify   'C:\\Users\\kemo1\\OneDrive\\Documenten\\wts\\Frontend-main\\Frontend-main\\node_modules\\set-function-name': 'C:\\Users\\kemo1\\OneDrive\\Documenten\\wts\\Frontend-main\\Frontend-main\\node_modules\\.set-function-name-zI6TVKJJ',
429 silly reify   'C:\\Users\\kemo1\\OneDrive\\Documenten\\wts\\Frontend-main\\Frontend-main\\node_modules\\set-function-length': 'C:\\Users\\kemo1\\OneDrive\\Documenten\\wts\\Frontend-main\\Frontend-main\\node_modules\\.set-function-length-J2TY0BXL',
429 silly reify   'C:\\Users\\kemo1\\OneDrive\\Documenten\\wts\\Frontend-main\\Frontend-main\\node_modules\\set-proto': 'C:\\Users\\kemo1\\OneDrive\\Documenten\\wts\\Frontend-main\\Frontend-main\\node_modules\\.set-proto-fAYWSBec',
429 silly reify   'C:\\Users\\kemo1\\OneDrive\\Documenten\\wts\\Frontend-main\\Frontend-main\\node_modules\\sharp': 'C:\\Users\\kemo1\\OneDrive\\Documenten\\wts\\Frontend-main\\Frontend-main\\node_modules\\.sharp-N89madWJ',
429 silly reify   'C:\\Users\\kemo1\\OneDrive\\Documenten\\wts\\Frontend-main\\Frontend-main\\node_modules\\shebang-command': 'C:\\Users\\kemo1\\OneDrive\\Documenten\\wts\\Frontend-main\\Frontend-main\\node_modules\\.shebang-command-r2cOZl7f',
429 silly reify   'C:\\Users\\kemo1\\OneDrive\\Documenten\\wts\\Frontend-main\\Frontend-main\\node_modules\\shebang-regex': 'C:\\Users\\kemo1\\OneDrive\\Documenten\\wts\\Frontend-main\\Frontend-main\\node_modules\\.shebang-regex-oe6W3xvZ',
429 silly reify   'C:\\Users\\kemo1\\OneDrive\\Documenten\\wts\\Frontend-main\\Frontend-main\\node_modules\\side-channel': 'C:\\Users\\kemo1\\OneDrive\\Documenten\\wts\\Frontend-main\\Frontend-main\\node_modules\\.side-channel-4chObi9u',
429 silly reify   'C:\\Users\\kemo1\\OneDrive\\Documenten\\wts\\Frontend-main\\Frontend-main\\node_modules\\side-channel-list': 'C:\\Users\\kemo1\\OneDrive\\Documenten\\wts\\Frontend-main\\Frontend-main\\node_modules\\.side-channel-list-MVEMSEqd',
429 silly reify   'C:\\Users\\kemo1\\OneDrive\\Documenten\\wts\\Frontend-main\\Frontend-main\\node_modules\\side-channel-map': 'C:\\Users\\kemo1\\OneDrive\\Documenten\\wts\\Frontend-main\\Frontend-main\\node_modules\\.side-channel-map-ZUSsNRNX',
429 silly reify   'C:\\Users\\kemo1\\OneDrive\\Documenten\\wts\\Frontend-main\\Frontend-main\\node_modules\\side-channel-weakmap': 'C:\\Users\\kemo1\\OneDrive\\Documenten\\wts\\Frontend-main\\Frontend-main\\node_modules\\.side-channel-weakmap-7QMCwBTI',
429 silly reify   'C:\\Users\\kemo1\\OneDrive\\Documenten\\wts\\Frontend-main\\Frontend-main\\node_modules\\source-map-js': 'C:\\Users\\kemo1\\OneDrive\\Documenten\\wts\\Frontend-main\\Frontend-main\\node_modules\\.source-map-js-WvVsQnJ2',
429 silly reify   'C:\\Users\\kemo1\\OneDrive\\Documenten\\wts\\Frontend-main\\Frontend-main\\node_modules\\stable-hash': 'C:\\Users\\kemo1\\OneDrive\\Documenten\\wts\\Frontend-main\\Frontend-main\\node_modules\\.stable-hash-QuT2amC2',
429 silly reify   'C:\\Users\\kemo1\\OneDrive\\Documenten\\wts\\Frontend-main\\Frontend-main\\node_modules\\stop-iteration-iterator': 'C:\\Users\\kemo1\\OneDrive\\Documenten\\wts\\Frontend-main\\Frontend-main\\node_modules\\.stop-iteration-iterator-OEpTSsl6',
429 silly reify   'C:\\Users\\kemo1\\OneDrive\\Documenten\\wts\\Frontend-main\\Frontend-main\\node_modules\\string.prototype.includes': 'C:\\Users\\kemo1\\OneDrive\\Documenten\\wts\\Frontend-main\\Frontend-main\\node_modules\\.string.prototype.includes-YStLK6OZ',
429 silly reify   'C:\\Users\\kemo1\\OneDrive\\Documenten\\wts\\Frontend-main\\Frontend-main\\node_modules\\string.prototype.matchall': 'C:\\Users\\kemo1\\OneDrive\\Documenten\\wts\\Frontend-main\\Frontend-main\\node_modules\\.string.prototype.matchall-EG5kma23',
429 silly reify   'C:\\Users\\kemo1\\OneDrive\\Documenten\\wts\\Frontend-main\\Frontend-main\\node_modules\\string.prototype.repeat': 'C:\\Users\\kemo1\\OneDrive\\Documenten\\wts\\Frontend-main\\Frontend-main\\node_modules\\.string.prototype.repeat-UmHke4FF',
429 silly reify   'C:\\Users\\kemo1\\OneDrive\\Documenten\\wts\\Frontend-main\\Frontend-main\\node_modules\\string.prototype.trim': 'C:\\Users\\kemo1\\OneDrive\\Documenten\\wts\\Frontend-main\\Frontend-main\\node_modules\\.string.prototype.trim-eWow57a1',
429 silly reify   'C:\\Users\\kemo1\\OneDrive\\Documenten\\wts\\Frontend-main\\Frontend-main\\node_modules\\string.prototype.trimend': 'C:\\Users\\kemo1\\OneDrive\\Documenten\\wts\\Frontend-main\\Frontend-main\\node_modules\\.string.prototype.trimend-xQtdxN2S',
429 silly reify   'C:\\Users\\kemo1\\OneDrive\\Documenten\\wts\\Frontend-main\\Frontend-main\\node_modules\\string.prototype.trimstart': 'C:\\Users\\kemo1\\OneDrive\\Documenten\\wts\\Frontend-main\\Frontend-main\\node_modules\\.string.prototype.trimstart-CQGeeBmd',
429 silly reify   'C:\\Users\\kemo1\\OneDrive\\Documenten\\wts\\Frontend-main\\Frontend-main\\node_modules\\strip-bom': 'C:\\Users\\kemo1\\OneDrive\\Documenten\\wts\\Frontend-main\\Frontend-main\\node_modules\\.strip-bom-PpdN3AZk',
429 silly reify   'C:\\Users\\kemo1\\OneDrive\\Documenten\\wts\\Frontend-main\\Frontend-main\\node_modules\\strip-json-comments': 'C:\\Users\\kemo1\\OneDrive\\Documenten\\wts\\Frontend-main\\Frontend-main\\node_modules\\.strip-json-comments-7MCgeLZX',
429 silly reify   'C:\\Users\\kemo1\\OneDrive\\Documenten\\wts\\Frontend-main\\Frontend-main\\node_modules\\sucrase': 'C:\\Users\\kemo1\\OneDrive\\Documenten\\wts\\Frontend-main\\Frontend-main\\node_modules\\.sucrase-POV3XDl0',
429 silly reify   'C:\\Users\\kemo1\\OneDrive\\Documenten\\wts\\Frontend-main\\Frontend-main\\node_modules\\styled-jsx': 'C:\\Users\\kemo1\\OneDrive\\Documenten\\wts\\Frontend-main\\Frontend-main\\node_modules\\.styled-jsx-cqgn6OkL',
429 silly reify   'C:\\Users\\kemo1\\OneDrive\\Documenten\\wts\\Frontend-main\\Frontend-main\\node_modules\\supports-color': 'C:\\Users\\kemo1\\OneDrive\\Documenten\\wts\\Frontend-main\\Frontend-main\\node_modules\\.supports-color-mCFfHUJi',
429 silly reify   'C:\\Users\\kemo1\\OneDrive\\Documenten\\wts\\Frontend-main\\Frontend-main\\node_modules\\supports-preserve-symlinks-flag': 'C:\\Users\\kemo1\\OneDrive\\Documenten\\wts\\Frontend-main\\Frontend-main\\node_modules\\.supports-preserve-symlinks-flag-WTZwJJrw',
429 silly reify   'C:\\Users\\kemo1\\OneDrive\\Documenten\\wts\\Frontend-main\\Frontend-main\\node_modules\\tailwind-merge': 'C:\\Users\\kemo1\\OneDrive\\Documenten\\wts\\Frontend-main\\Frontend-main\\node_modules\\.tailwind-merge-P3C2sHnE',
429 silly reify   'C:\\Users\\kemo1\\OneDrive\\Documenten\\wts\\Frontend-main\\Frontend-main\\node_modules\\tailwindcss': 'C:\\Users\\kemo1\\OneDrive\\Documenten\\wts\\Frontend-main\\Frontend-main\\node_modules\\.tailwindcss-XHa8Poqo',
429 silly reify   'C:\\Users\\kemo1\\OneDrive\\Documenten\\wts\\Frontend-main\\Frontend-main\\node_modules\\thenify': 'C:\\Users\\kemo1\\OneDrive\\Documenten\\wts\\Frontend-main\\Frontend-main\\node_modules\\.thenify-8YJPsRHz',
429 silly reify   'C:\\Users\\kemo1\\OneDrive\\Documenten\\wts\\Frontend-main\\Frontend-main\\node_modules\\thenify-all': 'C:\\Users\\kemo1\\OneDrive\\Documenten\\wts\\Frontend-main\\Frontend-main\\node_modules\\.thenify-all-icOQNYK5',
429 silly reify   'C:\\Users\\kemo1\\OneDrive\\Documenten\\wts\\Frontend-main\\Frontend-main\\node_modules\\tinyglobby': 'C:\\Users\\kemo1\\OneDrive\\Documenten\\wts\\Frontend-main\\Frontend-main\\node_modules\\.tinyglobby-gTevVFAm',
429 silly reify   'C:\\Users\\kemo1\\OneDrive\\Documenten\\wts\\Frontend-main\\Frontend-main\\node_modules\\to-regex-range': 'C:\\Users\\kemo1\\OneDrive\\Documenten\\wts\\Frontend-main\\Frontend-main\\node_modules\\.to-regex-range-DQpuZMwg',
429 silly reify   'C:\\Users\\kemo1\\OneDrive\\Documenten\\wts\\Frontend-main\\Frontend-main\\node_modules\\ts-api-utils': 'C:\\Users\\kemo1\\OneDrive\\Documenten\\wts\\Frontend-main\\Frontend-main\\node_modules\\.ts-api-utils-DwkxCl3b',
429 silly reify   'C:\\Users\\kemo1\\OneDrive\\Documenten\\wts\\Frontend-main\\Frontend-main\\node_modules\\ts-interface-checker': 'C:\\Users\\kemo1\\OneDrive\\Documenten\\wts\\Frontend-main\\Frontend-main\\node_modules\\.ts-interface-checker-slKKYD7L',
429 silly reify   'C:\\Users\\kemo1\\OneDrive\\Documenten\\wts\\Frontend-main\\Frontend-main\\node_modules\\tsconfig-paths': 'C:\\Users\\kemo1\\OneDrive\\Documenten\\wts\\Frontend-main\\Frontend-main\\node_modules\\.tsconfig-paths-9manBdOC',
429 silly reify   'C:\\Users\\kemo1\\OneDrive\\Documenten\\wts\\Frontend-main\\Frontend-main\\node_modules\\tslib': 'C:\\Users\\kemo1\\OneDrive\\Documenten\\wts\\Frontend-main\\Frontend-main\\node_modules\\.tslib-Hqn8mm6U',
429 silly reify   'C:\\Users\\kemo1\\OneDrive\\Documenten\\wts\\Frontend-main\\Frontend-main\\node_modules\\type-check': 'C:\\Users\\kemo1\\OneDrive\\Documenten\\wts\\Frontend-main\\Frontend-main\\node_modules\\.type-check-eZj0WAn9',
429 silly reify   'C:\\Users\\kemo1\\OneDrive\\Documenten\\wts\\Frontend-main\\Frontend-main\\node_modules\\typed-array-buffer': 'C:\\Users\\kemo1\\OneDrive\\Documenten\\wts\\Frontend-main\\Frontend-main\\node_modules\\.typed-array-buffer-HieY2ktq',
429 silly reify   'C:\\Users\\kemo1\\OneDrive\\Documenten\\wts\\Frontend-main\\Frontend-main\\node_modules\\typed-array-byte-length': 'C:\\Users\\kemo1\\OneDrive\\Documenten\\wts\\Frontend-main\\Frontend-main\\node_modules\\.typed-array-byte-length-sSdWRH3o',
429 silly reify   'C:\\Users\\kemo1\\OneDrive\\Documenten\\wts\\Frontend-main\\Frontend-main\\node_modules\\typed-array-byte-offset': 'C:\\Users\\kemo1\\OneDrive\\Documenten\\wts\\Frontend-main\\Frontend-main\\node_modules\\.typed-array-byte-offset-iPpCtspe',
429 silly reify   'C:\\Users\\kemo1\\OneDrive\\Documenten\\wts\\Frontend-main\\Frontend-main\\node_modules\\typed-array-length': 'C:\\Users\\kemo1\\OneDrive\\Documenten\\wts\\Frontend-main\\Frontend-main\\node_modules\\.typed-array-length-xnc7K2xb',
429 silly reify   'C:\\Users\\kemo1\\OneDrive\\Documenten\\wts\\Frontend-main\\Frontend-main\\node_modules\\typescript': 'C:\\Users\\kemo1\\OneDrive\\Documenten\\wts\\Frontend-main\\Frontend-main\\node_modules\\.typescript-Uk9nBdwt',
429 silly reify   'C:\\Users\\kemo1\\OneDrive\\Documenten\\wts\\Frontend-main\\Frontend-main\\node_modules\\typescript-eslint': 'C:\\Users\\kemo1\\OneDrive\\Documenten\\wts\\Frontend-main\\Frontend-main\\node_modules\\.typescript-eslint-KUduXN5e',
429 silly reify   'C:\\Users\\kemo1\\OneDrive\\Documenten\\wts\\Frontend-main\\Frontend-main\\node_modules\\unbox-primitive': 'C:\\Users\\kemo1\\OneDrive\\Documenten\\wts\\Frontend-main\\Frontend-main\\node_modules\\.unbox-primitive-UEWAqTJM',
429 silly reify   'C:\\Users\\kemo1\\OneDrive\\Documenten\\wts\\Frontend-main\\Frontend-main\\node_modules\\undici-types': 'C:\\Users\\kemo1\\OneDrive\\Documenten\\wts\\Frontend-main\\Frontend-main\\node_modules\\.undici-types-dRw3msDD',
429 silly reify   'C:\\Users\\kemo1\\OneDrive\\Documenten\\wts\\Frontend-main\\Frontend-main\\node_modules\\unrs-resolver': 'C:\\Users\\kemo1\\OneDrive\\Documenten\\wts\\Frontend-main\\Frontend-main\\node_modules\\.unrs-resolver-iLS61RFi',
429 silly reify   'C:\\Users\\kemo1\\OneDrive\\Documenten\\wts\\Frontend-main\\Frontend-main\\node_modules\\update-browserslist-db': 'C:\\Users\\kemo1\\OneDrive\\Documenten\\wts\\Frontend-main\\Frontend-main\\node_modules\\.update-browserslist-db-Mf8EOhny',
429 silly reify   'C:\\Users\\kemo1\\OneDrive\\Documenten\\wts\\Frontend-main\\Frontend-main\\node_modules\\uri-js': 'C:\\Users\\kemo1\\OneDrive\\Documenten\\wts\\Frontend-main\\Frontend-main\\node_modules\\.uri-js-Oa7Gp5U9',
429 silly reify   'C:\\Users\\kemo1\\OneDrive\\Documenten\\wts\\Frontend-main\\Frontend-main\\node_modules\\util-deprecate': 'C:\\Users\\kemo1\\OneDrive\\Documenten\\wts\\Frontend-main\\Frontend-main\\node_modules\\.util-deprecate-SR9nsunK',
429 silly reify   'C:\\Users\\kemo1\\OneDrive\\Documenten\\wts\\Frontend-main\\Frontend-main\\node_modules\\which': 'C:\\Users\\kemo1\\OneDrive\\Documenten\\wts\\Frontend-main\\Frontend-main\\node_modules\\.which-RJWQleCB',
429 silly reify   'C:\\Users\\kemo1\\OneDrive\\Documenten\\wts\\Frontend-main\\Frontend-main\\node_modules\\which-boxed-primitive': 'C:\\Users\\kemo1\\OneDrive\\Documenten\\wts\\Frontend-main\\Frontend-main\\node_modules\\.which-boxed-primitive-vd3AGAML',
429 silly reify   'C:\\Users\\kemo1\\OneDrive\\Documenten\\wts\\Frontend-main\\Frontend-main\\node_modules\\which-builtin-type': 'C:\\Users\\kemo1\\OneDrive\\Documenten\\wts\\Frontend-main\\Frontend-main\\node_modules\\.which-builtin-type-ZItEf9P1',
429 silly reify   'C:\\Users\\kemo1\\OneDrive\\Documenten\\wts\\Frontend-main\\Frontend-main\\node_modules\\which-collection': 'C:\\Users\\kemo1\\OneDrive\\Documenten\\wts\\Frontend-main\\Frontend-main\\node_modules\\.which-collection-GpTUt45M',
429 silly reify   'C:\\Users\\kemo1\\OneDrive\\Documenten\\wts\\Frontend-main\\Frontend-main\\node_modules\\which-typed-array': 'C:\\Users\\kemo1\\OneDrive\\Documenten\\wts\\Frontend-main\\Frontend-main\\node_modules\\.which-typed-array-o2to5bVj',
429 silly reify   'C:\\Users\\kemo1\\OneDrive\\Documenten\\wts\\Frontend-main\\Frontend-main\\node_modules\\yallist': 'C:\\Users\\kemo1\\OneDrive\\Documenten\\wts\\Frontend-main\\Frontend-main\\node_modules\\.yallist-qI7G7eWb',
429 silly reify   'C:\\Users\\kemo1\\OneDrive\\Documenten\\wts\\Frontend-main\\Frontend-main\\node_modules\\word-wrap': 'C:\\Users\\kemo1\\OneDrive\\Documenten\\wts\\Frontend-main\\Frontend-main\\node_modules\\.word-wrap-AG7vrMSL',
429 silly reify   'C:\\Users\\kemo1\\OneDrive\\Documenten\\wts\\Frontend-main\\Frontend-main\\node_modules\\yocto-queue': 'C:\\Users\\kemo1\\OneDrive\\Documenten\\wts\\Frontend-main\\Frontend-main\\node_modules\\.yocto-queue-BJVE7owN',
429 silly reify   'C:\\Users\\kemo1\\OneDrive\\Documenten\\wts\\Frontend-main\\Frontend-main\\node_modules\\zod': 'C:\\Users\\kemo1\\OneDrive\\Documenten\\wts\\Frontend-main\\Frontend-main\\node_modules\\.zod-XQ7AZicp',
429 silly reify   'C:\\Users\\kemo1\\OneDrive\\Documenten\\wts\\Frontend-main\\Frontend-main\\node_modules\\zod-validation-error': 'C:\\Users\\kemo1\\OneDrive\\Documenten\\wts\\Frontend-main\\Frontend-main\\node_modules\\.zod-validation-error-ek8eEhaM',
429 silly reify   'C:\\Users\\kemo1\\OneDrive\\Documenten\\wts\\Frontend-main\\Frontend-main\\node_modules\\@babel\\code-frame': 'C:\\Users\\kemo1\\OneDrive\\Documenten\\wts\\Frontend-main\\Frontend-main\\node_modules\\@babel\\.code-frame-GB0xObr1',
429 silly reify   'C:\\Users\\kemo1\\OneDrive\\Documenten\\wts\\Frontend-main\\Frontend-main\\node_modules\\@babel\\compat-data': 'C:\\Users\\kemo1\\OneDrive\\Documenten\\wts\\Frontend-main\\Frontend-main\\node_modules\\@babel\\.compat-data-fZAfsQ97',
429 silly reify   'C:\\Users\\kemo1\\OneDrive\\Documenten\\wts\\Frontend-main\\Frontend-main\\node_modules\\@babel\\core': 'C:\\Users\\kemo1\\OneDrive\\Documenten\\wts\\Frontend-main\\Frontend-main\\node_modules\\@babel\\.core-j9YQFpBo',
429 silly reify   'C:\\Users\\kemo1\\OneDrive\\Documenten\\wts\\Frontend-main\\Frontend-main\\node_modules\\@babel\\generator': 'C:\\Users\\kemo1\\OneDrive\\Documenten\\wts\\Frontend-main\\Frontend-main\\node_modules\\@babel\\.generator-J95app4W',
429 silly reify   'C:\\Users\\kemo1\\OneDrive\\Documenten\\wts\\Frontend-main\\Frontend-main\\node_modules\\@babel\\helper-compilation-targets': 'C:\\Users\\kemo1\\OneDrive\\Documenten\\wts\\Frontend-main\\Frontend-main\\node_modules\\@babel\\.helper-compilation-targets-LfThUqk8',
429 silly reify   'C:\\Users\\kemo1\\OneDrive\\Documenten\\wts\\Frontend-main\\Frontend-main\\node_modules\\@babel\\helper-globals': 'C:\\Users\\kemo1\\OneDrive\\Documenten\\wts\\Frontend-main\\Frontend-main\\node_modules\\@babel\\.helper-globals-zi7CJZ0L',
429 silly reify   'C:\\Users\\kemo1\\OneDrive\\Documenten\\wts\\Frontend-main\\Frontend-main\\node_modules\\@babel\\helper-module-imports': 'C:\\Users\\kemo1\\OneDrive\\Documenten\\wts\\Frontend-main\\Frontend-main\\node_modules\\@babel\\.helper-module-imports-WIAVMTSt',
429 silly reify   'C:\\Users\\kemo1\\OneDrive\\Documenten\\wts\\Frontend-main\\Frontend-main\\node_modules\\@babel\\helper-module-transforms': 'C:\\Users\\kemo1\\OneDrive\\Documenten\\wts\\Frontend-main\\Frontend-main\\node_modules\\@babel\\.helper-module-transforms-n8t5jWWT',
429 silly reify   'C:\\Users\\kemo1\\OneDrive\\Documenten\\wts\\Frontend-main\\Frontend-main\\node_modules\\@babel\\helper-string-parser': 'C:\\Users\\kemo1\\OneDrive\\Documenten\\wts\\Frontend-main\\Frontend-main\\node_modules\\@babel\\.helper-string-parser-uBhcyQY0',
429 silly reify   'C:\\Users\\kemo1\\OneDrive\\Documenten\\wts\\Frontend-main\\Frontend-main\\node_modules\\@babel\\helper-validator-option': 'C:\\Users\\kemo1\\OneDrive\\Documenten\\wts\\Frontend-main\\Frontend-main\\node_modules\\@babel\\.helper-validator-option-2Qfoap9a',
429 silly reify   'C:\\Users\\kemo1\\OneDrive\\Documenten\\wts\\Frontend-main\\Frontend-main\\node_modules\\@babel\\helper-validator-identifier': 'C:\\Users\\kemo1\\OneDrive\\Documenten\\wts\\Frontend-main\\Frontend-main\\node_modules\\@babel\\.helper-validator-identifier-PfPnr9Xt',
429 silly reify   'C:\\Users\\kemo1\\OneDrive\\Documenten\\wts\\Frontend-main\\Frontend-main\\node_modules\\@babel\\helpers': 'C:\\Users\\kemo1\\OneDrive\\Documenten\\wts\\Frontend-main\\Frontend-main\\node_modules\\@babel\\.helpers-FvtFYRJL',
429 silly reify   'C:\\Users\\kemo1\\OneDrive\\Documenten\\wts\\Frontend-main\\Frontend-main\\node_modules\\@babel\\parser': 'C:\\Users\\kemo1\\OneDrive\\Documenten\\wts\\Frontend-main\\Frontend-main\\node_modules\\@babel\\.parser-McvLctnL',
429 silly reify   'C:\\Users\\kemo1\\OneDrive\\Documenten\\wts\\Frontend-main\\Frontend-main\\node_modules\\@babel\\template': 'C:\\Users\\kemo1\\OneDrive\\Documenten\\wts\\Frontend-main\\Frontend-main\\node_modules\\@babel\\.template-2aZgLuzz',
429 silly reify   'C:\\Users\\kemo1\\OneDrive\\Documenten\\wts\\Frontend-main\\Frontend-main\\node_modules\\@babel\\traverse': 'C:\\Users\\kemo1\\OneDrive\\Documenten\\wts\\Frontend-main\\Frontend-main\\node_modules\\@babel\\.traverse-V9CjmIYx',
429 silly reify   'C:\\Users\\kemo1\\OneDrive\\Documenten\\wts\\Frontend-main\\Frontend-main\\node_modules\\@babel\\types': 'C:\\Users\\kemo1\\OneDrive\\Documenten\\wts\\Frontend-main\\Frontend-main\\node_modules\\@babel\\.types-iDyw7slC',
429 silly reify   'C:\\Users\\kemo1\\OneDrive\\Documenten\\wts\\Frontend-main\\Frontend-main\\node_modules\\@alloc\\quick-lru': 'C:\\Users\\kemo1\\OneDrive\\Documenten\\wts\\Frontend-main\\Frontend-main\\node_modules\\@alloc\\.quick-lru-8rFTvI3f',
429 silly reify   'C:\\Users\\kemo1\\OneDrive\\Documenten\\wts\\Frontend-main\\Frontend-main\\node_modules\\@emnapi\\core': 'C:\\Users\\kemo1\\OneDrive\\Documenten\\wts\\Frontend-main\\Frontend-main\\node_modules\\@emnapi\\.core-7HtUizjQ',
429 silly reify   'C:\\Users\\kemo1\\OneDrive\\Documenten\\wts\\Frontend-main\\Frontend-main\\node_modules\\@emnapi\\runtime': 'C:\\Users\\kemo1\\OneDrive\\Documenten\\wts\\Frontend-main\\Frontend-main\\node_modules\\@emnapi\\.runtime-KHUjhqQ7',
429 silly reify   'C:\\Users\\kemo1\\OneDrive\\Documenten\\wts\\Frontend-main\\Frontend-main\\node_modules\\@emnapi\\wasi-threads': 'C:\\Users\\kemo1\\OneDrive\\Documenten\\wts\\Frontend-main\\Frontend-main\\node_modules\\@emnapi\\.wasi-threads-1BstWFC4',
429 silly reify   'C:\\Users\\kemo1\\OneDrive\\Documenten\\wts\\Frontend-main\\Frontend-main\\node_modules\\@eslint\\config-array': 'C:\\Users\\kemo1\\OneDrive\\Documenten\\wts\\Frontend-main\\Frontend-main\\node_modules\\@eslint\\.config-array-q6WRJQXL',
429 silly reify   'C:\\Users\\kemo1\\OneDrive\\Documenten\\wts\\Frontend-main\\Frontend-main\\node_modules\\@eslint\\config-helpers': 'C:\\Users\\kemo1\\OneDrive\\Documenten\\wts\\Frontend-main\\Frontend-main\\node_modules\\@eslint\\.config-helpers-2HPCZEu1',
429 silly reify   'C:\\Users\\kemo1\\OneDrive\\Documenten\\wts\\Frontend-main\\Frontend-main\\node_modules\\@eslint\\core': 'C:\\Users\\kemo1\\OneDrive\\Documenten\\wts\\Frontend-main\\Frontend-main\\node_modules\\@eslint\\.core-zWhEL7Ls',
429 silly reify   'C:\\Users\\kemo1\\OneDrive\\Documenten\\wts\\Frontend-main\\Frontend-main\\node_modules\\@eslint\\eslintrc': 'C:\\Users\\kemo1\\OneDrive\\Documenten\\wts\\Frontend-main\\Frontend-main\\node_modules\\@eslint\\.eslintrc-xhIix3cq',
429 silly reify   'C:\\Users\\kemo1\\OneDrive\\Documenten\\wts\\Frontend-main\\Frontend-main\\node_modules\\@eslint\\js': 'C:\\Users\\kemo1\\OneDrive\\Documenten\\wts\\Frontend-main\\Frontend-main\\node_modules\\@eslint\\.js-mnJHCatV',
429 silly reify   'C:\\Users\\kemo1\\OneDrive\\Documenten\\wts\\Frontend-main\\Frontend-main\\node_modules\\@eslint\\object-schema': 'C:\\Users\\kemo1\\OneDrive\\Documenten\\wts\\Frontend-main\\Frontend-main\\node_modules\\@eslint\\.object-schema-cFCPwkTr',
429 silly reify   'C:\\Users\\kemo1\\OneDrive\\Documenten\\wts\\Frontend-main\\Frontend-main\\node_modules\\@eslint\\plugin-kit': 'C:\\Users\\kemo1\\OneDrive\\Documenten\\wts\\Frontend-main\\Frontend-main\\node_modules\\@eslint\\.plugin-kit-zuR3B4MG',
429 silly reify   'C:\\Users\\kemo1\\OneDrive\\Documenten\\wts\\Frontend-main\\Frontend-main\\node_modules\\@eslint-community\\eslint-utils': 'C:\\Users\\kemo1\\OneDrive\\Documenten\\wts\\Frontend-main\\Frontend-main\\node_modules\\@eslint-community\\.eslint-utils-bJTkRgxK',
429 silly reify   'C:\\Users\\kemo1\\OneDrive\\Documenten\\wts\\Frontend-main\\Frontend-main\\node_modules\\@eslint-community\\regexpp': 'C:\\Users\\kemo1\\OneDrive\\Documenten\\wts\\Frontend-main\\Frontend-main\\node_modules\\@eslint-community\\.regexpp-kqgVpjJk',
429 silly reify   'C:\\Users\\kemo1\\OneDrive\\Documenten\\wts\\Frontend-main\\Frontend-main\\node_modules\\@humanfs\\core': 'C:\\Users\\kemo1\\OneDrive\\Documenten\\wts\\Frontend-main\\Frontend-main\\node_modules\\@humanfs\\.core-mh6ARZyz',
429 silly reify   'C:\\Users\\kemo1\\OneDrive\\Documenten\\wts\\Frontend-main\\Frontend-main\\node_modules\\@humanfs\\node': 'C:\\Users\\kemo1\\OneDrive\\Documenten\\wts\\Frontend-main\\Frontend-main\\node_modules\\@humanfs\\.node-z1qy4K5Z',
429 silly reify   'C:\\Users\\kemo1\\OneDrive\\Documenten\\wts\\Frontend-main\\Frontend-main\\node_modules\\@humanfs\\types': 'C:\\Users\\kemo1\\OneDrive\\Documenten\\wts\\Frontend-main\\Frontend-main\\node_modules\\@humanfs\\.types-KwdzYxOv',
429 silly reify   'C:\\Users\\kemo1\\OneDrive\\Documenten\\wts\\Frontend-main\\Frontend-main\\node_modules\\@humanwhocodes\\module-importer': 'C:\\Users\\kemo1\\OneDrive\\Documenten\\wts\\Frontend-main\\Frontend-main\\node_modules\\@humanwhocodes\\.module-importer-EL2wrYvE',
429 silly reify   'C:\\Users\\kemo1\\OneDrive\\Documenten\\wts\\Frontend-main\\Frontend-main\\node_modules\\@humanwhocodes\\retry': 'C:\\Users\\kemo1\\OneDrive\\Documenten\\wts\\Frontend-main\\Frontend-main\\node_modules\\@humanwhocodes\\.retry-dvrTyUHd',
429 silly reify   'C:\\Users\\kemo1\\OneDrive\\Documenten\\wts\\Frontend-main\\Frontend-main\\node_modules\\@img\\colour': 'C:\\Users\\kemo1\\OneDrive\\Documenten\\wts\\Frontend-main\\Frontend-main\\node_modules\\@img\\.colour-wTiHzamg',
429 silly reify   'C:\\Users\\kemo1\\OneDrive\\Documenten\\wts\\Frontend-main\\Frontend-main\\node_modules\\@img\\sharp-darwin-arm64': 'C:\\Users\\kemo1\\OneDrive\\Documenten\\wts\\Frontend-main\\Frontend-main\\node_modules\\@img\\.sharp-darwin-arm64-sUQPJrnT',
429 silly reify   'C:\\Users\\kemo1\\OneDrive\\Documenten\\wts\\Frontend-main\\Frontend-main\\node_modules\\@img\\sharp-darwin-x64': 'C:\\Users\\kemo1\\OneDrive\\Documenten\\wts\\Frontend-main\\Frontend-main\\node_modules\\@img\\.sharp-darwin-x64-IPZFynTE',
429 silly reify   'C:\\Users\\kemo1\\OneDrive\\Documenten\\wts\\Frontend-main\\Frontend-main\\node_modules\\@img\\sharp-libvips-darwin-arm64': 'C:\\Users\\kemo1\\OneDrive\\Documenten\\wts\\Frontend-main\\Frontend-main\\node_modules\\@img\\.sharp-libvips-darwin-arm64-ggUflork',
429 silly reify   'C:\\Users\\kemo1\\OneDrive\\Documenten\\wts\\Frontend-main\\Frontend-main\\node_modules\\@img\\sharp-libvips-linux-arm': 'C:\\Users\\kemo1\\OneDrive\\Documenten\\wts\\Frontend-main\\Frontend-main\\node_modules\\@img\\.sharp-libvips-linux-arm-pDCcijR4',
429 silly reify   'C:\\Users\\kemo1\\OneDrive\\Documenten\\wts\\Frontend-main\\Frontend-main\\node_modules\\@img\\sharp-libvips-darwin-x64': 'C:\\Users\\kemo1\\OneDrive\\Documenten\\wts\\Frontend-main\\Frontend-main\\node_modules\\@img\\.sharp-libvips-darwin-x64-f8REORWt',
429 silly reify   'C:\\Users\\kemo1\\OneDrive\\Documenten\\wts\\Frontend-main\\Frontend-main\\node_modules\\@img\\sharp-libvips-linux-arm64': 'C:\\Users\\kemo1\\OneDrive\\Documenten\\wts\\Frontend-main\\Frontend-main\\node_modules\\@img\\.sharp-libvips-linux-arm64-ff1wDYl8',
429 silly reify   'C:\\Users\\kemo1\\OneDrive\\Documenten\\wts\\Frontend-main\\Frontend-main\\node_modules\\@img\\sharp-libvips-linux-ppc64': 'C:\\Users\\kemo1\\OneDrive\\Documenten\\wts\\Frontend-main\\Frontend-main\\node_modules\\@img\\.sharp-libvips-linux-ppc64-SkmBNS0j',
429 silly reify   'C:\\Users\\kemo1\\OneDrive\\Documenten\\wts\\Frontend-main\\Frontend-main\\node_modules\\@img\\sharp-libvips-linux-riscv64': 'C:\\Users\\kemo1\\OneDrive\\Documenten\\wts\\Frontend-main\\Frontend-main\\node_modules\\@img\\.sharp-libvips-linux-riscv64-mTyVXqC6',
429 silly reify   'C:\\Users\\kemo1\\OneDrive\\Documenten\\wts\\Frontend-main\\Frontend-main\\node_modules\\@img\\sharp-libvips-linux-s390x': 'C:\\Users\\kemo1\\OneDrive\\Documenten\\wts\\Frontend-main\\Frontend-main\\node_modules\\@img\\.sharp-libvips-linux-s390x-6NLcEr8o',
429 silly reify   'C:\\Users\\kemo1\\OneDrive\\Documenten\\wts\\Frontend-main\\Frontend-main\\node_modules\\@img\\sharp-libvips-linux-x64': 'C:\\Users\\kemo1\\OneDrive\\Documenten\\wts\\Frontend-main\\Frontend-main\\node_modules\\@img\\.sharp-libvips-linux-x64-dgXKVsKu',
429 silly reify   'C:\\Users\\kemo1\\OneDrive\\Documenten\\wts\\Frontend-main\\Frontend-main\\node_modules\\@img\\sharp-libvips-linuxmusl-arm64': 'C:\\Users\\kemo1\\OneDrive\\Documenten\\wts\\Frontend-main\\Frontend-main\\node_modules\\@img\\.sharp-libvips-linuxmusl-arm64-LPux7Aaz',
429 silly reify   'C:\\Users\\kemo1\\OneDrive\\Documenten\\wts\\Frontend-main\\Frontend-main\\node_modules\\@img\\sharp-libvips-linuxmusl-x64': 'C:\\Users\\kemo1\\OneDrive\\Documenten\\wts\\Frontend-main\\Frontend-main\\node_modules\\@img\\.sharp-libvips-linuxmusl-x64-xsdgUKLA',
429 silly reify   'C:\\Users\\kemo1\\OneDrive\\Documenten\\wts\\Frontend-main\\Frontend-main\\node_modules\\@img\\sharp-linux-arm': 'C:\\Users\\kemo1\\OneDrive\\Documenten\\wts\\Frontend-main\\Frontend-main\\node_modules\\@img\\.sharp-linux-arm-U2TeYAct',
429 silly reify   'C:\\Users\\kemo1\\OneDrive\\Documenten\\wts\\Frontend-main\\Frontend-main\\node_modules\\@img\\sharp-linux-arm64': 'C:\\Users\\kemo1\\OneDrive\\Documenten\\wts\\Frontend-main\\Frontend-main\\node_modules\\@img\\.sharp-linux-arm64-KkE5eQrC',
429 silly reify   'C:\\Users\\kemo1\\OneDrive\\Documenten\\wts\\Frontend-main\\Frontend-main\\node_modules\\@img\\sharp-linux-ppc64': 'C:\\Users\\kemo1\\OneDrive\\Documenten\\wts\\Frontend-main\\Frontend-main\\node_modules\\@img\\.sharp-linux-ppc64-OCGqmhOa',
429 silly reify   'C:\\Users\\kemo1\\OneDrive\\Documenten\\wts\\Frontend-main\\Frontend-main\\node_modules\\@img\\sharp-linux-riscv64': 'C:\\Users\\kemo1\\OneDrive\\Documenten\\wts\\Frontend-main\\Frontend-main\\node_modules\\@img\\.sharp-linux-riscv64-Wgqkstdu',
429 silly reify   'C:\\Users\\kemo1\\OneDrive\\Documenten\\wts\\Frontend-main\\Frontend-main\\node_modules\\@img\\sharp-linux-s390x': 'C:\\Users\\kemo1\\OneDrive\\Documenten\\wts\\Frontend-main\\Frontend-main\\node_modules\\@img\\.sharp-linux-s390x-w27K0REQ',
429 silly reify   'C:\\Users\\kemo1\\OneDrive\\Documenten\\wts\\Frontend-main\\Frontend-main\\node_modules\\@img\\sharp-linuxmusl-arm64': 'C:\\Users\\kemo1\\OneDrive\\Documenten\\wts\\Frontend-main\\Frontend-main\\node_modules\\@img\\.sharp-linuxmusl-arm64-MxMtWwOV',
429 silly reify   'C:\\Users\\kemo1\\OneDrive\\Documenten\\wts\\Frontend-main\\Frontend-main\\node_modules\\@img\\sharp-linux-x64': 'C:\\Users\\kemo1\\OneDrive\\Documenten\\wts\\Frontend-main\\Frontend-main\\node_modules\\@img\\.sharp-linux-x64-YVszHMOt',
429 silly reify   'C:\\Users\\kemo1\\OneDrive\\Documenten\\wts\\Frontend-main\\Frontend-main\\node_modules\\@img\\sharp-linuxmusl-x64': 'C:\\Users\\kemo1\\OneDrive\\Documenten\\wts\\Frontend-main\\Frontend-main\\node_modules\\@img\\.sharp-linuxmusl-x64-FDVnsLTF',
429 silly reify   'C:\\Users\\kemo1\\OneDrive\\Documenten\\wts\\Frontend-main\\Frontend-main\\node_modules\\@img\\sharp-win32-arm64': 'C:\\Users\\kemo1\\OneDrive\\Documenten\\wts\\Frontend-main\\Frontend-main\\node_modules\\@img\\.sharp-win32-arm64-vHRv7RxD',
429 silly reify   'C:\\Users\\kemo1\\OneDrive\\Documenten\\wts\\Frontend-main\\Frontend-main\\node_modules\\@img\\sharp-wasm32': 'C:\\Users\\kemo1\\OneDrive\\Documenten\\wts\\Frontend-main\\Frontend-main\\node_modules\\@img\\.sharp-wasm32-bi8GTCIJ',
429 silly reify   'C:\\Users\\kemo1\\OneDrive\\Documenten\\wts\\Frontend-main\\Frontend-main\\node_modules\\@img\\sharp-win32-ia32': 'C:\\Users\\kemo1\\OneDrive\\Documenten\\wts\\Frontend-main\\Frontend-main\\node_modules\\@img\\.sharp-win32-ia32-zjzYqJOv',
429 silly reify   'C:\\Users\\kemo1\\OneDrive\\Documenten\\wts\\Frontend-main\\Frontend-main\\node_modules\\@img\\sharp-win32-x64': 'C:\\Users\\kemo1\\OneDrive\\Documenten\\wts\\Frontend-main\\Frontend-main\\node_modules\\@img\\.sharp-win32-x64-MSizrKG7',
429 silly reify   'C:\\Users\\kemo1\\OneDrive\\Documenten\\wts\\Frontend-main\\Frontend-main\\node_modules\\@jridgewell\\gen-mapping': 'C:\\Users\\kemo1\\OneDrive\\Documenten\\wts\\Frontend-main\\Frontend-main\\node_modules\\@jridgewell\\.gen-mapping-Di6xmoOE',
429 silly reify   'C:\\Users\\kemo1\\OneDrive\\Documenten\\wts\\Frontend-main\\Frontend-main\\node_modules\\@jridgewell\\remapping': 'C:\\Users\\kemo1\\OneDrive\\Documenten\\wts\\Frontend-main\\Frontend-main\\node_modules\\@jridgewell\\.remapping-KjGN918t',
429 silly reify   'C:\\Users\\kemo1\\OneDrive\\Documenten\\wts\\Frontend-main\\Frontend-main\\node_modules\\@jridgewell\\resolve-uri': 'C:\\Users\\kemo1\\OneDrive\\Documenten\\wts\\Frontend-main\\Frontend-main\\node_modules\\@jridgewell\\.resolve-uri-UO0UT8rl',
429 silly reify   'C:\\Users\\kemo1\\OneDrive\\Documenten\\wts\\Frontend-main\\Frontend-main\\node_modules\\@jridgewell\\sourcemap-codec': 'C:\\Users\\kemo1\\OneDrive\\Documenten\\wts\\Frontend-main\\Frontend-main\\node_modules\\@jridgewell\\.sourcemap-codec-sXa0HrS5',
429 silly reify   'C:\\Users\\kemo1\\OneDrive\\Documenten\\wts\\Frontend-main\\Frontend-main\\node_modules\\@jridgewell\\trace-mapping': 'C:\\Users\\kemo1\\OneDrive\\Documenten\\wts\\Frontend-main\\Frontend-main\\node_modules\\@jridgewell\\.trace-mapping-GcYLoej1',
429 silly reify   'C:\\Users\\kemo1\\OneDrive\\Documenten\\wts\\Frontend-main\\Frontend-main\\node_modules\\@next\\env': 'C:\\Users\\kemo1\\OneDrive\\Documenten\\wts\\Frontend-main\\Frontend-main\\node_modules\\@next\\.env-jUoHCCwS',
429 silly reify   'C:\\Users\\kemo1\\OneDrive\\Documenten\\wts\\Frontend-main\\Frontend-main\\node_modules\\@next\\eslint-plugin-next': 'C:\\Users\\kemo1\\OneDrive\\Documenten\\wts\\Frontend-main\\Frontend-main\\node_modules\\@next\\.eslint-plugin-next-goIQ2U8t',
429 silly reify   'C:\\Users\\kemo1\\OneDrive\\Documenten\\wts\\Frontend-main\\Frontend-main\\node_modules\\@next\\swc-darwin-arm64': 'C:\\Users\\kemo1\\OneDrive\\Documenten\\wts\\Frontend-main\\Frontend-main\\node_modules\\@next\\.swc-darwin-arm64-lsW5vbLI',
429 silly reify   'C:\\Users\\kemo1\\OneDrive\\Documenten\\wts\\Frontend-main\\Frontend-main\\node_modules\\@next\\swc-darwin-x64': 'C:\\Users\\kemo1\\OneDrive\\Documenten\\wts\\Frontend-main\\Frontend-main\\node_modules\\@next\\.swc-darwin-x64-KXjB2P2w',
429 silly reify   'C:\\Users\\kemo1\\OneDrive\\Documenten\\wts\\Frontend-main\\Frontend-main\\node_modules\\@next\\swc-linux-arm64-gnu': 'C:\\Users\\kemo1\\OneDrive\\Documenten\\wts\\Frontend-main\\Frontend-main\\node_modules\\@next\\.swc-linux-arm64-gnu-vsLnWaMA',
429 silly reify   'C:\\Users\\kemo1\\OneDrive\\Documenten\\wts\\Frontend-main\\Frontend-main\\node_modules\\@next\\swc-linux-arm64-musl': 'C:\\Users\\kemo1\\OneDrive\\Documenten\\wts\\Frontend-main\\Frontend-main\\node_modules\\@next\\.swc-linux-arm64-musl-ZvGOdE5D',
429 silly reify   'C:\\Users\\kemo1\\OneDrive\\Documenten\\wts\\Frontend-main\\Frontend-main\\node_modules\\@next\\swc-linux-x64-gnu': 'C:\\Users\\kemo1\\OneDrive\\Documenten\\wts\\Frontend-main\\Frontend-main\\node_modules\\@next\\.swc-linux-x64-gnu-yZDZ3Iud',
429 silly reify   'C:\\Users\\kemo1\\OneDrive\\Documenten\\wts\\Frontend-main\\Frontend-main\\node_modules\\@next\\swc-linux-x64-musl': 'C:\\Users\\kemo1\\OneDrive\\Documenten\\wts\\Frontend-main\\Frontend-main\\node_modules\\@next\\.swc-linux-x64-musl-Vm6NIOho',
429 silly reify   'C:\\Users\\kemo1\\OneDrive\\Documenten\\wts\\Frontend-main\\Frontend-main\\node_modules\\@next\\swc-win32-arm64-msvc': 'C:\\Users\\kemo1\\OneDrive\\Documenten\\wts\\Frontend-main\\Frontend-main\\node_modules\\@next\\.swc-win32-arm64-msvc-fvg9oPBW',
429 silly reify   'C:\\Users\\kemo1\\OneDrive\\Documenten\\wts\\Frontend-main\\Frontend-main\\node_modules\\@next\\swc-win32-x64-msvc': 'C:\\Users\\kemo1\\OneDrive\\Documenten\\wts\\Frontend-main\\Frontend-main\\node_modules\\@next\\.swc-win32-x64-msvc-qI2XNpA1',
429 silly reify   'C:\\Users\\kemo1\\OneDrive\\Documenten\\wts\\Frontend-main\\Frontend-main\\node_modules\\@napi-rs\\wasm-runtime': 'C:\\Users\\kemo1\\OneDrive\\Documenten\\wts\\Frontend-main\\Frontend-main\\node_modules\\@napi-rs\\.wasm-runtime-TgwlKvkQ',
429 silly reify   'C:\\Users\\kemo1\\OneDrive\\Documenten\\wts\\Frontend-main\\Frontend-main\\node_modules\\@nodelib\\fs.scandir': 'C:\\Users\\kemo1\\OneDrive\\Documenten\\wts\\Frontend-main\\Frontend-main\\node_modules\\@nodelib\\.fs.scandir-RdSP5arA',
429 silly reify   'C:\\Users\\kemo1\\OneDrive\\Documenten\\wts\\Frontend-main\\Frontend-main\\node_modules\\@nodelib\\fs.walk': 'C:\\Users\\kemo1\\OneDrive\\Documenten\\wts\\Frontend-main\\Frontend-main\\node_modules\\@nodelib\\.fs.walk-fL6Quohw',
429 silly reify   'C:\\Users\\kemo1\\OneDrive\\Documenten\\wts\\Frontend-main\\Frontend-main\\node_modules\\@nodelib\\fs.stat': 'C:\\Users\\kemo1\\OneDrive\\Documenten\\wts\\Frontend-main\\Frontend-main\\node_modules\\@nodelib\\.fs.stat-uxTZDUin',
429 silly reify   'C:\\Users\\kemo1\\OneDrive\\Documenten\\wts\\Frontend-main\\Frontend-main\\node_modules\\@nolyfill\\is-core-module': 'C:\\Users\\kemo1\\OneDrive\\Documenten\\wts\\Frontend-main\\Frontend-main\\node_modules\\@nolyfill\\.is-core-module-civnlUPT',
429 silly reify   'C:\\Users\\kemo1\\OneDrive\\Documenten\\wts\\Frontend-main\\Frontend-main\\node_modules\\@rtsao\\scc': 'C:\\Users\\kemo1\\OneDrive\\Documenten\\wts\\Frontend-main\\Frontend-main\\node_modules\\@rtsao\\.scc-PqtY4ZcC',
429 silly reify   'C:\\Users\\kemo1\\OneDrive\\Documenten\\wts\\Frontend-main\\Frontend-main\\node_modules\\@swc\\helpers': 'C:\\Users\\kemo1\\OneDrive\\Documenten\\wts\\Frontend-main\\Frontend-main\\node_modules\\@swc\\.helpers-znaQVnOS',
429 silly reify   'C:\\Users\\kemo1\\OneDrive\\Documenten\\wts\\Frontend-main\\Frontend-main\\node_modules\\@tybys\\wasm-util': 'C:\\Users\\kemo1\\OneDrive\\Documenten\\wts\\Frontend-main\\Frontend-main\\node_modules\\@tybys\\.wasm-util-LF8jUAmY',
429 silly reify   'C:\\Users\\kemo1\\OneDrive\\Documenten\\wts\\Frontend-main\\Frontend-main\\node_modules\\@types\\estree': 'C:\\Users\\kemo1\\OneDrive\\Documenten\\wts\\Frontend-main\\Frontend-main\\node_modules\\@types\\.estree-BFDLbBh1',
429 silly reify   'C:\\Users\\kemo1\\OneDrive\\Documenten\\wts\\Frontend-main\\Frontend-main\\node_modules\\@types\\json-schema': 'C:\\Users\\kemo1\\OneDrive\\Documenten\\wts\\Frontend-main\\Frontend-main\\node_modules\\@types\\.json-schema-usMRuZx4',
429 silly reify   'C:\\Users\\kemo1\\OneDrive\\Documenten\\wts\\Frontend-main\\Frontend-main\\node_modules\\@types\\json5': 'C:\\Users\\kemo1\\OneDrive\\Documenten\\wts\\Frontend-main\\Frontend-main\\node_modules\\@types\\.json5-Kz6wXhAc',
429 silly reify   'C:\\Users\\kemo1\\OneDrive\\Documenten\\wts\\Frontend-main\\Frontend-main\\node_modules\\@types\\node': 'C:\\Users\\kemo1\\OneDrive\\Documenten\\wts\\Frontend-main\\Frontend-main\\node_modules\\@types\\.node-r3iGM7qo',
429 silly reify   'C:\\Users\\kemo1\\OneDrive\\Documenten\\wts\\Frontend-main\\Frontend-main\\node_modules\\@types\\react': 'C:\\Users\\kemo1\\OneDrive\\Documenten\\wts\\Frontend-main\\Frontend-main\\node_modules\\@types\\.react-VKlw8cm2',
429 silly reify   'C:\\Users\\kemo1\\OneDrive\\Documenten\\wts\\Frontend-main\\Frontend-main\\node_modules\\@types\\react-dom': 'C:\\Users\\kemo1\\OneDrive\\Documenten\\wts\\Frontend-main\\Frontend-main\\node_modules\\@types\\.react-dom-zktQY7jl',
429 silly reify   'C:\\Users\\kemo1\\OneDrive\\Documenten\\wts\\Frontend-main\\Frontend-main\\node_modules\\@typescript-eslint\\eslint-plugin': 'C:\\Users\\kemo1\\OneDrive\\Documenten\\wts\\Frontend-main\\Frontend-main\\node_modules\\@typescript-eslint\\.eslint-plugin-XVlv9kXA',
429 silly reify   'C:\\Users\\kemo1\\OneDrive\\Documenten\\wts\\Frontend-main\\Frontend-main\\node_modules\\@typescript-eslint\\parser': 'C:\\Users\\kemo1\\OneDrive\\Documenten\\wts\\Frontend-main\\Frontend-main\\node_modules\\@typescript-eslint\\.parser-hYIvbDD6',
429 silly reify   'C:\\Users\\kemo1\\OneDrive\\Documenten\\wts\\Frontend-main\\Frontend-main\\node_modules\\@typescript-eslint\\project-service': 'C:\\Users\\kemo1\\OneDrive\\Documenten\\wts\\Frontend-main\\Frontend-main\\node_modules\\@typescript-eslint\\.project-service-Yz9H3rE8',
429 silly reify   'C:\\Users\\kemo1\\OneDrive\\Documenten\\wts\\Frontend-main\\Frontend-main\\node_modules\\@typescript-eslint\\scope-manager': 'C:\\Users\\kemo1\\OneDrive\\Documenten\\wts\\Frontend-main\\Frontend-main\\node_modules\\@typescript-eslint\\.scope-manager-AtyRpkhN',
429 silly reify   'C:\\Users\\kemo1\\OneDrive\\Documenten\\wts\\Frontend-main\\Frontend-main\\node_modules\\@typescript-eslint\\tsconfig-utils': 'C:\\Users\\kemo1\\OneDrive\\Documenten\\wts\\Frontend-main\\Frontend-main\\node_modules\\@typescript-eslint\\.tsconfig-utils-6Kn4lEQd',
429 silly reify   'C:\\Users\\kemo1\\OneDrive\\Documenten\\wts\\Frontend-main\\Frontend-main\\node_modules\\@typescript-eslint\\type-utils': 'C:\\Users\\kemo1\\OneDrive\\Documenten\\wts\\Frontend-main\\Frontend-main\\node_modules\\@typescript-eslint\\.type-utils-hBOk4VGr',
429 silly reify   'C:\\Users\\kemo1\\OneDrive\\Documenten\\wts\\Frontend-main\\Frontend-main\\node_modules\\@typescript-eslint\\types': 'C:\\Users\\kemo1\\OneDrive\\Documenten\\wts\\Frontend-main\\Frontend-main\\node_modules\\@typescript-eslint\\.types-8SDNJctB',
429 silly reify   'C:\\Users\\kemo1\\OneDrive\\Documenten\\wts\\Frontend-main\\Frontend-main\\node_modules\\@typescript-eslint\\typescript-estree': 'C:\\Users\\kemo1\\OneDrive\\Documenten\\wts\\Frontend-main\\Frontend-main\\node_modules\\@typescript-eslint\\.typescript-estree-diycKKpa',
429 silly reify   'C:\\Users\\kemo1\\OneDrive\\Documenten\\wts\\Frontend-main\\Frontend-main\\node_modules\\@typescript-eslint\\utils': 'C:\\Users\\kemo1\\OneDrive\\Documenten\\wts\\Frontend-main\\Frontend-main\\node_modules\\@typescript-eslint\\.utils-aLLZsQw2',
429 silly reify   'C:\\Users\\kemo1\\OneDrive\\Documenten\\wts\\Frontend-main\\Frontend-main\\node_modules\\@typescript-eslint\\visitor-keys': 'C:\\Users\\kemo1\\OneDrive\\Documenten\\wts\\Frontend-main\\Frontend-main\\node_modules\\@typescript-eslint\\.visitor-keys-kifI67sY',
429 silly reify   'C:\\Users\\kemo1\\OneDrive\\Documenten\\wts\\Frontend-main\\Frontend-main\\node_modules\\@unrs\\resolver-binding-android-arm-eabi': 'C:\\Users\\kemo1\\OneDrive\\Documenten\\wts\\Frontend-main\\Frontend-main\\node_modules\\@unrs\\.resolver-binding-android-arm-eabi-nsaaQPZT',
429 silly reify   'C:\\Users\\kemo1\\OneDrive\\Documenten\\wts\\Frontend-main\\Frontend-main\\node_modules\\@unrs\\resolver-binding-android-arm64': 'C:\\Users\\kemo1\\OneDrive\\Documenten\\wts\\Frontend-main\\Frontend-main\\node_modules\\@unrs\\.resolver-binding-android-arm64-PfomYUmI',
429 silly reify   'C:\\Users\\kemo1\\OneDrive\\Documenten\\wts\\Frontend-main\\Frontend-main\\node_modules\\@unrs\\resolver-binding-darwin-x64': 'C:\\Users\\kemo1\\OneDrive\\Documenten\\wts\\Frontend-main\\Frontend-main\\node_modules\\@unrs\\.resolver-binding-darwin-x64-8SB0pv3g',
429 silly reify   'C:\\Users\\kemo1\\OneDrive\\Documenten\\wts\\Frontend-main\\Frontend-main\\node_modules\\@unrs\\resolver-binding-darwin-arm64': 'C:\\Users\\kemo1\\OneDrive\\Documenten\\wts\\Frontend-main\\Frontend-main\\node_modules\\@unrs\\.resolver-binding-darwin-arm64-Jt6iNtlL',
429 silly reify   'C:\\Users\\kemo1\\OneDrive\\Documenten\\wts\\Frontend-main\\Frontend-main\\node_modules\\@unrs\\resolver-binding-freebsd-x64': 'C:\\Users\\kemo1\\OneDrive\\Documenten\\wts\\Frontend-main\\Frontend-main\\node_modules\\@unrs\\.resolver-binding-freebsd-x64-b7AsjV0M',
429 silly reify   'C:\\Users\\kemo1\\OneDrive\\Documenten\\wts\\Frontend-main\\Frontend-main\\node_modules\\@unrs\\resolver-binding-linux-arm-gnueabihf': 'C:\\Users\\kemo1\\OneDrive\\Documenten\\wts\\Frontend-main\\Frontend-main\\node_modules\\@unrs\\.resolver-binding-linux-arm-gnueabihf-TnHo7Vra',
429 silly reify   'C:\\Users\\kemo1\\OneDrive\\Documenten\\wts\\Frontend-main\\Frontend-main\\node_modules\\@unrs\\resolver-binding-linux-arm-musleabihf': 'C:\\Users\\kemo1\\OneDrive\\Documenten\\wts\\Frontend-main\\Frontend-main\\node_modules\\@unrs\\.resolver-binding-linux-arm-musleabihf-wxrZ8raU',
429 silly reify   'C:\\Users\\kemo1\\OneDrive\\Documenten\\wts\\Frontend-main\\Frontend-main\\node_modules\\@unrs\\resolver-binding-linux-arm64-gnu': 'C:\\Users\\kemo1\\OneDrive\\Documenten\\wts\\Frontend-main\\Frontend-main\\node_modules\\@unrs\\.resolver-binding-linux-arm64-gnu-uzUCSP8D',
429 silly reify   'C:\\Users\\kemo1\\OneDrive\\Documenten\\wts\\Frontend-main\\Frontend-main\\node_modules\\@unrs\\resolver-binding-linux-arm64-musl': 'C:\\Users\\kemo1\\OneDrive\\Documenten\\wts\\Frontend-main\\Frontend-main\\node_modules\\@unrs\\.resolver-binding-linux-arm64-musl-ExEWcWQw',
429 silly reify   'C:\\Users\\kemo1\\OneDrive\\Documenten\\wts\\Frontend-main\\Frontend-main\\node_modules\\@unrs\\resolver-binding-linux-ppc64-gnu': 'C:\\Users\\kemo1\\OneDrive\\Documenten\\wts\\Frontend-main\\Frontend-main\\node_modules\\@unrs\\.resolver-binding-linux-ppc64-gnu-gORqmqSB',
429 silly reify   'C:\\Users\\kemo1\\OneDrive\\Documenten\\wts\\Frontend-main\\Frontend-main\\node_modules\\@unrs\\resolver-binding-linux-riscv64-gnu': 'C:\\Users\\kemo1\\OneDrive\\Documenten\\wts\\Frontend-main\\Frontend-main\\node_modules\\@unrs\\.resolver-binding-linux-riscv64-gnu-YhIahK15',
429 silly reify   'C:\\Users\\kemo1\\OneDrive\\Documenten\\wts\\Frontend-main\\Frontend-main\\node_modules\\@unrs\\resolver-binding-linux-riscv64-musl': 'C:\\Users\\kemo1\\OneDrive\\Documenten\\wts\\Frontend-main\\Frontend-main\\node_modules\\@unrs\\.resolver-binding-linux-riscv64-musl-1eZEXEKp',
429 silly reify   'C:\\Users\\kemo1\\OneDrive\\Documenten\\wts\\Frontend-main\\Frontend-main\\node_modules\\@unrs\\resolver-binding-linux-s390x-gnu': 'C:\\Users\\kemo1\\OneDrive\\Documenten\\wts\\Frontend-main\\Frontend-main\\node_modules\\@unrs\\.resolver-binding-linux-s390x-gnu-OCn5WzaM',
429 silly reify   'C:\\Users\\kemo1\\OneDrive\\Documenten\\wts\\Frontend-main\\Frontend-main\\node_modules\\@unrs\\resolver-binding-linux-x64-gnu': 'C:\\Users\\kemo1\\OneDrive\\Documenten\\wts\\Frontend-main\\Frontend-main\\node_modules\\@unrs\\.resolver-binding-linux-x64-gnu-lKdn7DWf',
429 silly reify   'C:\\Users\\kemo1\\OneDrive\\Documenten\\wts\\Frontend-main\\Frontend-main\\node_modules\\@unrs\\resolver-binding-linux-x64-musl': 'C:\\Users\\kemo1\\OneDrive\\Documenten\\wts\\Frontend-main\\Frontend-main\\node_modules\\@unrs\\.resolver-binding-linux-x64-musl-NnIQh7nw',
429 silly reify   'C:\\Users\\kemo1\\OneDrive\\Documenten\\wts\\Frontend-main\\Frontend-main\\node_modules\\@unrs\\resolver-binding-wasm32-wasi': 'C:\\Users\\kemo1\\OneDrive\\Documenten\\wts\\Frontend-main\\Frontend-main\\node_modules\\@unrs\\.resolver-binding-wasm32-wasi-NkZe3pC7',
429 silly reify   'C:\\Users\\kemo1\\OneDrive\\Documenten\\wts\\Frontend-main\\Frontend-main\\node_modules\\@unrs\\resolver-binding-win32-arm64-msvc': 'C:\\Users\\kemo1\\OneDrive\\Documenten\\wts\\Frontend-main\\Frontend-main\\node_modules\\@unrs\\.resolver-binding-win32-arm64-msvc-6imFswTu',
429 silly reify   'C:\\Users\\kemo1\\OneDrive\\Documenten\\wts\\Frontend-main\\Frontend-main\\node_modules\\@unrs\\resolver-binding-win32-ia32-msvc': 'C:\\Users\\kemo1\\OneDrive\\Documenten\\wts\\Frontend-main\\Frontend-main\\node_modules\\@unrs\\.resolver-binding-win32-ia32-msvc-qQxgjjMW',
429 silly reify   'C:\\Users\\kemo1\\OneDrive\\Documenten\\wts\\Frontend-main\\Frontend-main\\node_modules\\@unrs\\resolver-binding-win32-x64-msvc': 'C:\\Users\\kemo1\\OneDrive\\Documenten\\wts\\Frontend-main\\Frontend-main\\node_modules\\@unrs\\.resolver-binding-win32-x64-msvc-bpkSZGkz'
429 silly reify }
430 silly audit bulk request {
430 silly audit   '@alloc/quick-lru': [ '5.2.0' ],
430 silly audit   '@babel/code-frame': [ '7.29.0' ],
430 silly audit   '@babel/compat-data': [ '7.29.3' ],
430 silly audit   '@babel/core': [ '7.29.0' ],
430 silly audit   json5: [ '2.2.3', '1.0.2' ],
430 silly audit   semver: [ '6.3.1', '7.8.0' ],
430 silly audit   '@babel/generator': [ '7.29.1' ],
430 silly audit   '@babel/helper-compilation-targets': [ '7.28.6' ],
430 silly audit   '@babel/helper-globals': [ '7.28.0' ],
430 silly audit   '@babel/helper-module-imports': [ '7.28.6' ],
430 silly audit   '@babel/helper-module-transforms': [ '7.28.6' ],
430 silly audit   '@babel/helper-string-parser': [ '7.27.1' ],
430 silly audit   '@babel/helper-validator-identifier': [ '7.28.5' ],
430 silly audit   '@babel/helper-validator-option': [ '7.27.1' ],
430 silly audit   '@babel/helpers': [ '7.29.2' ],
430 silly audit   '@babel/parser': [ '7.29.3' ],
430 silly audit   '@babel/template': [ '7.28.6' ],
430 silly audit   '@babel/traverse': [ '7.29.0' ],
430 silly audit   '@babel/types': [ '7.29.0' ],
430 silly audit   '@emnapi/core': [ '1.10.0' ],
430 silly audit   '@emnapi/runtime': [ '1.10.0' ],
430 silly audit   '@emnapi/wasi-threads': [ '1.2.1' ],
430 silly audit   '@eslint-community/eslint-utils': [ '4.9.1' ],
430 silly audit   '@eslint-community/regexpp': [ '4.12.2' ],
430 silly audit   '@eslint/config-array': [ '0.21.2' ],
430 silly audit   '@eslint/config-helpers': [ '0.4.2' ],
430 silly audit   '@eslint/core': [ '0.17.0' ],
430 silly audit   '@eslint/eslintrc': [ '3.3.5' ],
430 silly audit   '@eslint/js': [ '9.39.4' ],
430 silly audit   '@eslint/object-schema': [ '2.1.7' ],
430 silly audit   '@eslint/plugin-kit': [ '0.4.1' ],
430 silly audit   '@humanfs/core': [ '0.19.2' ],
430 silly audit   '@humanfs/node': [ '0.16.8' ],
430 silly audit   '@humanfs/types': [ '0.15.0' ],
430 silly audit   '@humanwhocodes/module-importer': [ '1.0.1' ],
430 silly audit   '@humanwhocodes/retry': [ '0.4.3' ],
430 silly audit   '@img/colour': [ '1.1.0' ],
430 silly audit   '@img/sharp-darwin-arm64': [ '0.34.5' ],
430 silly audit   '@img/sharp-darwin-x64': [ '0.34.5' ],
430 silly audit   '@img/sharp-libvips-darwin-arm64': [ '1.2.4' ],
430 silly audit   '@img/sharp-libvips-darwin-x64': [ '1.2.4' ],
430 silly audit   '@img/sharp-libvips-linux-arm': [ '1.2.4' ],
430 silly audit   '@img/sharp-libvips-linux-arm64': [ '1.2.4' ],
430 silly audit   '@img/sharp-libvips-linux-ppc64': [ '1.2.4' ],
430 silly audit   '@img/sharp-libvips-linux-riscv64': [ '1.2.4' ],
430 silly audit   '@img/sharp-libvips-linux-s390x': [ '1.2.4' ],
430 silly audit   '@img/sharp-libvips-linux-x64': [ '1.2.4' ],
430 silly audit   '@img/sharp-libvips-linuxmusl-arm64': [ '1.2.4' ],
430 silly audit   '@img/sharp-libvips-linuxmusl-x64': [ '1.2.4' ],
430 silly audit   '@img/sharp-linux-arm': [ '0.34.5' ],
430 silly audit   '@img/sharp-linux-arm64': [ '0.34.5' ],
430 silly audit   '@img/sharp-linux-ppc64': [ '0.34.5' ],
430 silly audit   '@img/sharp-linux-riscv64': [ '0.34.5' ],
430 silly audit   '@img/sharp-linux-s390x': [ '0.34.5' ],
430 silly audit   '@img/sharp-linux-x64': [ '0.34.5' ],
430 silly audit   '@img/sharp-linuxmusl-arm64': [ '0.34.5' ],
430 silly audit   '@img/sharp-linuxmusl-x64': [ '0.34.5' ],
430 silly audit   '@img/sharp-wasm32': [ '0.34.5' ],
430 silly audit   '@img/sharp-win32-arm64': [ '0.34.5' ],
430 silly audit   '@img/sharp-win32-ia32': [ '0.34.5' ],
430 silly audit   '@img/sharp-win32-x64': [ '0.34.5' ],
430 silly audit   '@jridgewell/gen-mapping': [ '0.3.13' ],
430 silly audit   '@jridgewell/remapping': [ '2.3.5' ],
430 silly audit   '@jridgewell/resolve-uri': [ '3.1.2' ],
430 silly audit   '@jridgewell/sourcemap-codec': [ '1.5.5' ],
430 silly audit   '@jridgewell/trace-mapping': [ '0.3.31' ],
430 silly audit   '@napi-rs/wasm-runtime': [ '0.2.12' ],
430 silly audit   '@next/env': [ '16.2.6' ],
430 silly audit   '@next/eslint-plugin-next': [ '16.2.6' ],
430 silly audit   'fast-glob': [ '3.3.1', '3.3.3' ],
430 silly audit   'glob-parent': [ '5.1.2', '6.0.2' ],
430 silly audit   '@next/swc-darwin-arm64': [ '16.2.6' ],
430 silly audit   '@next/swc-darwin-x64': [ '16.2.6' ],
430 silly audit   '@next/swc-linux-arm64-gnu': [ '16.2.6' ],
430 silly audit   '@next/swc-linux-arm64-musl': [ '16.2.6' ],
430 silly audit   '@next/swc-linux-x64-gnu': [ '16.2.6' ],
430 silly audit   '@next/swc-linux-x64-musl': [ '16.2.6' ],
430 silly audit   '@next/swc-win32-arm64-msvc': [ '16.2.6' ],
430 silly audit   '@next/swc-win32-x64-msvc': [ '16.2.6' ],
430 silly audit   '@nodelib/fs.scandir': [ '2.1.5' ],
430 silly audit   '@nodelib/fs.stat': [ '2.0.5' ],
430 silly audit   '@nodelib/fs.walk': [ '1.2.8' ],
430 silly audit   '@nolyfill/is-core-module': [ '1.0.39' ],
430 silly audit   '@rtsao/scc': [ '1.1.0' ],
430 silly audit   '@swc/helpers': [ '0.5.15' ],
430 silly audit   '@tybys/wasm-util': [ '0.10.2' ],
430 silly audit   '@types/estree': [ '1.0.9' ],
430 silly audit   '@types/json-schema': [ '7.0.15' ],
430 silly audit   '@types/json5': [ '0.0.29' ],
430 silly audit   '@types/node': [ '20.19.40' ],
430 silly audit   '@types/react': [ '19.2.14' ],
430 silly audit   '@types/react-dom': [ '19.2.3' ],
430 silly audit   '@typescript-eslint/eslint-plugin': [ '8.59.2' ],
430 silly audit   ignore: [ '7.0.5', '5.3.2' ],
430 silly audit   '@typescript-eslint/parser': [ '8.59.2' ],
430 silly audit   '@typescript-eslint/project-service': [ '8.59.2' ],
430 silly audit   '@typescript-eslint/scope-manager': [ '8.59.2' ],
430 silly audit   '@typescript-eslint/tsconfig-utils': [ '8.59.2' ],
430 silly audit   '@typescript-eslint/type-utils': [ '8.59.2' ],
430 silly audit   '@typescript-eslint/types': [ '8.59.2' ],
430 silly audit   '@typescript-eslint/typescript-estree': [ '8.59.2' ],
430 silly audit   'balanced-match': [ '4.0.4', '1.0.2' ],
430 silly audit   'brace-expansion': [ '5.0.6', '1.1.14' ],
430 silly audit   minimatch: [ '10.2.5', '3.1.5' ],
430 silly audit   '@typescript-eslint/utils': [ '8.59.2' ],
430 silly audit   '@typescript-eslint/visitor-keys': [ '8.59.2' ],
430 silly audit   'eslint-visitor-keys': [ '5.0.1', '3.4.3', '4.2.1' ],
430 silly audit   '@unrs/resolver-binding-android-arm-eabi': [ '1.11.1' ],
430 silly audit   '@unrs/resolver-binding-android-arm64': [ '1.11.1' ],
430 silly audit   '@unrs/resolver-binding-darwin-arm64': [ '1.11.1' ],
430 silly audit   '@unrs/resolver-binding-darwin-x64': [ '1.11.1' ],
430 silly audit   '@unrs/resolver-binding-freebsd-x64': [ '1.11.1' ],
430 silly audit   '@unrs/resolver-binding-linux-arm-gnueabihf': [ '1.11.1' ],
430 silly audit   '@unrs/resolver-binding-linux-arm-musleabihf': [ '1.11.1' ],
430 silly audit   '@unrs/resolver-binding-linux-arm64-gnu': [ '1.11.1' ],
430 silly audit   '@unrs/resolver-binding-linux-arm64-musl': [ '1.11.1' ],
430 silly audit   '@unrs/resolver-binding-linux-ppc64-gnu': [ '1.11.1' ],
430 silly audit   '@unrs/resolver-binding-linux-riscv64-gnu': [ '1.11.1' ],
430 silly audit   '@unrs/resolver-binding-linux-riscv64-musl': [ '1.11.1' ],
430 silly audit   '@unrs/resolver-binding-linux-s390x-gnu': [ '1.11.1' ],
430 silly audit   '@unrs/resolver-binding-linux-x64-gnu': [ '1.11.1' ],
430 silly audit   '@unrs/resolver-binding-linux-x64-musl': [ '1.11.1' ],
430 silly audit   '@unrs/resolver-binding-wasm32-wasi': [ '1.11.1' ],
430 silly audit   '@unrs/resolver-binding-win32-arm64-msvc': [ '1.11.1' ],
430 silly audit   '@unrs/resolver-binding-win32-ia32-msvc': [ '1.11.1' ],
430 silly audit   '@unrs/resolver-binding-win32-x64-msvc': [ '1.11.1' ],
430 silly audit   acorn: [ '8.16.0' ],
430 silly audit   'acorn-jsx': [ '5.3.2' ],
430 silly audit   ajv: [ '6.15.0' ],
430 silly audit   'ansi-styles': [ '4.3.0' ],
430 silly audit   'any-promise': [ '1.3.0' ],
430 silly audit   anymatch: [ '3.1.3' ],
430 silly audit   arg: [ '5.0.2' ],
430 silly audit   argparse: [ '2.0.1' ],
430 silly audit   'aria-query': [ '5.3.2' ],
430 silly audit   'array-buffer-byte-length': [ '1.0.2' ],
430 silly audit   'array-includes': [ '3.1.9' ],
430 silly audit   'array.prototype.findlast': [ '1.2.5' ],
430 silly audit   'array.prototype.findlastindex': [ '1.2.6' ],
430 silly audit   'array.prototype.flat': [ '1.3.3' ],
430 silly audit   'array.prototype.flatmap': [ '1.3.3' ],
430 silly audit   'array.prototype.tosorted': [ '1.1.4' ],
430 silly audit   'arraybuffer.prototype.slice': [ '1.0.4' ],
430 silly audit   'ast-types-flow': [ '0.0.8' ],
430 silly audit   'async-function': [ '1.0.0' ],
430 silly audit   autoprefixer: [ '10.5.0' ],
430 silly audit   'available-typed-arrays': [ '1.0.7' ],
430 silly audit   'axe-core': [ '4.11.4' ],
430 silly audit   'axobject-query': [ '4.1.0' ],
430 silly audit   'baseline-browser-mapping': [ '2.10.29' ],
430 silly audit   'binary-extensions': [ '2.3.0' ],
430 silly audit   braces: [ '3.0.3' ],
430 silly audit   browserslist: [ '4.28.2' ],
430 silly audit   'call-bind': [ '1.0.9' ],
430 silly audit   'call-bind-apply-helpers': [ '1.0.2' ],
430 silly audit   'call-bound': [ '1.0.4' ],
430 silly audit   callsites: [ '3.1.0' ],
430 silly audit   'camelcase-css': [ '2.0.1' ],
430 silly audit   'caniuse-lite': [ '1.0.30001792' ],
430 silly audit   chalk: [ '4.1.2' ],
430 silly audit   chokidar: [ '3.6.0' ],
430 silly audit   'client-only': [ '0.0.1' ],
430 silly audit   clsx: [ '2.1.1' ],
430 silly audit   'color-convert': [ '2.0.1' ],
430 silly audit   'color-name': [ '1.1.4' ],
430 silly audit   commander: [ '4.1.1' ],
430 silly audit   'concat-map': [ '0.0.1' ],
430 silly audit   'convert-source-map': [ '2.0.0' ],
430 silly audit   'cross-spawn': [ '7.0.6' ],
430 silly audit   cssesc: [ '3.0.0' ],
430 silly audit   csstype: [ '3.2.3' ],
430 silly audit   'damerau-levenshtein': [ '1.0.8' ],
430 silly audit   'data-view-buffer': [ '1.0.2' ],
430 silly audit   'data-view-byte-length': [ '1.0.2' ],
430 silly audit   'data-view-byte-offset': [ '1.0.1' ],
430 silly audit   debug: [ '4.4.3', '3.2.7' ],
430 silly audit   'deep-is': [ '0.1.4' ],
430 silly audit   'define-data-property': [ '1.1.4' ],
430 silly audit   'define-properties': [ '1.2.1' ],
430 silly audit   'detect-libc': [ '2.1.2' ],
430 silly audit   didyoumean: [ '1.2.2' ],
430 silly audit   dlv: [ '1.1.3' ],
430 silly audit   doctrine: [ '2.1.0' ],
430 silly audit   'dunder-proto': [ '1.0.1' ],
430 silly audit   'electron-to-chromium': [ '1.5.353' ],
430 silly audit   'emoji-regex': [ '9.2.2' ],
430 silly audit   'es-abstract': [ '1.24.2' ],
430 silly audit   'es-define-property': [ '1.0.1' ],
430 silly audit   'es-errors': [ '1.3.0' ],
430 silly audit   'es-iterator-helpers': [ '1.3.2' ],
430 silly audit   'es-object-atoms': [ '1.1.1' ],
430 silly audit   'es-set-tostringtag': [ '2.1.0' ],
430 silly audit   'es-shim-unscopables': [ '1.1.0' ],
430 silly audit   'es-to-primitive': [ '1.3.0' ],
430 silly audit   escalade: [ '3.2.0' ],
430 silly audit   'escape-string-regexp': [ '4.0.0' ],
430 silly audit   eslint: [ '9.39.4' ],
430 silly audit   'eslint-config-next': [ '16.2.6' ],
430 silly audit   'eslint-plugin-react': [ '7.37.5' ],
430 silly audit   globals: [ '16.4.0', '14.0.0' ],
430 silly audit   'eslint-import-resolver-node': [ '0.3.10' ],
430 silly audit   'eslint-import-resolver-typescript': [ '3.10.1' ],
430 silly audit   'eslint-module-utils': [ '2.12.1' ],
430 silly audit   'eslint-plugin-import': [ '2.32.0' ],
430 silly audit   'eslint-plugin-jsx-a11y': [ '6.10.2' ],
430 silly audit   'eslint-plugin-react-hooks': [ '7.1.1' ],
430 silly audit   'eslint-scope': [ '8.4.0' ],
430 silly audit   espree: [ '10.4.0' ],
430 silly audit   esquery: [ '1.7.0' ],
430 silly audit   esrecurse: [ '4.3.0' ],
430 silly audit   estraverse: [ '5.3.0' ],
430 silly audit   esutils: [ '2.0.3' ],
430 silly audit   'fast-deep-equal': [ '3.1.3' ],
430 silly audit   'fast-json-stable-stringify': [ '2.1.0' ],
430 silly audit   'fast-levenshtein': [ '2.0.6' ],
430 silly audit   fastq: [ '1.20.1' ],
430 silly audit   'file-entry-cache': [ '8.0.0' ],
430 silly audit   'fill-range': [ '7.1.1' ],
430 silly audit   'find-up': [ '5.0.0' ],
430 silly audit   'flat-cache': [ '4.0.1' ],
430 silly audit   flatted: [ '3.4.2' ],
430 silly audit   'for-each': [ '0.3.5' ],
430 silly audit   'fraction.js': [ '5.3.4' ],
430 silly audit   fsevents: [ '2.3.3' ],
430 silly audit   'function-bind': [ '1.1.2' ],
430 silly audit   'function.prototype.name': [ '1.1.8' ],
430 silly audit   'functions-have-names': [ '1.2.3' ],
430 silly audit   'generator-function': [ '2.0.1' ],
430 silly audit   gensync: [ '1.0.0-beta.2' ],
430 silly audit   'get-intrinsic': [ '1.3.0' ],
430 silly audit   'get-proto': [ '1.0.1' ],
430 silly audit   'get-symbol-description': [ '1.1.0' ],
430 silly audit   'get-tsconfig': [ '4.14.0' ],
430 silly audit   globalthis: [ '1.0.4' ],
430 silly audit   gopd: [ '1.2.0' ],
430 silly audit   'has-bigints': [ '1.1.0' ],
430 silly audit   'has-flag': [ '4.0.0' ],
430 silly audit   'has-property-descriptors': [ '1.0.2' ],
430 silly audit   'has-proto': [ '1.2.0' ],
430 silly audit   'has-symbols': [ '1.1.0' ],
430 silly audit   'has-tostringtag': [ '1.0.2' ],
430 silly audit   hasown: [ '2.0.3' ],
430 silly audit   'hermes-estree': [ '0.25.1' ],
430 silly audit   'hermes-parser': [ '0.25.1' ],
430 silly audit   'import-fresh': [ '3.3.1' ],
430 silly audit   imurmurhash: [ '0.1.4' ],
430 silly audit   'internal-slot': [ '1.1.0' ],
430 silly audit   'is-array-buffer': [ '3.0.5' ],
430 silly audit   'is-async-function': [ '2.1.1' ],
430 silly audit   'is-bigint': [ '1.1.0' ],
430 silly audit   'is-binary-path': [ '2.1.0' ],
430 silly audit   'is-boolean-object': [ '1.2.2' ],
430 silly audit   'is-bun-module': [ '2.0.0' ],
430 silly audit   'is-callable': [ '1.2.7' ],
430 silly audit   'is-core-module': [ '2.16.2' ],
430 silly audit   'is-data-view': [ '1.0.2' ],
430 silly audit   'is-date-object': [ '1.1.0' ],
430 silly audit   'is-extglob': [ '2.1.1' ],
430 silly audit   'is-finalizationregistry': [ '1.1.1' ],
430 silly audit   'is-generator-function': [ '1.1.2' ],
430 silly audit   'is-glob': [ '4.0.3' ],
430 silly audit   'is-map': [ '2.0.3' ],
430 silly audit   'is-negative-zero': [ '2.0.3' ],
430 silly audit   'is-number': [ '7.0.0' ],
430 silly audit   'is-number-object': [ '1.1.1' ],
430 silly audit   'is-regex': [ '1.2.1' ],
430 silly audit   'is-set': [ '2.0.3' ],
430 silly audit   'is-shared-array-buffer': [ '1.0.4' ],
430 silly audit   'is-string': [ '1.1.1' ],
430 silly audit   'is-symbol': [ '1.1.1' ],
430 silly audit   'is-typed-array': [ '1.1.15' ],
430 silly audit   'is-weakmap': [ '2.0.2' ],
430 silly audit   'is-weakref': [ '1.1.1' ],
430 silly audit   'is-weakset': [ '2.0.4' ],
430 silly audit   isarray: [ '2.0.5' ],
430 silly audit   isexe: [ '2.0.0' ],
430 silly audit   'iterator.prototype': [ '1.1.5' ],
430 silly audit   jiti: [ '1.21.7' ],
430 silly audit   'js-tokens': [ '4.0.0' ],
430 silly audit   'js-yaml': [ '4.1.1' ],
430 silly audit   jsesc: [ '3.1.0' ],
430 silly audit   'json-buffer': [ '3.0.1' ],
430 silly audit   'json-schema-traverse': [ '0.4.1' ],
430 silly audit   'json-stable-stringify-without-jsonify': [ '1.0.1' ],
430 silly audit   'jsx-ast-utils': [ '3.3.5' ],
430 silly audit   keyv: [ '4.5.4' ],
430 silly audit   'language-subtag-registry': [ '0.3.23' ],
430 silly audit   'language-tags': [ '1.0.9' ],
430 silly audit   levn: [ '0.4.1' ],
430 silly audit   lilconfig: [ '3.1.3' ],
430 silly audit   'lines-and-columns': [ '1.2.4' ],
430 silly audit   'locate-path': [ '6.0.0' ],
430 silly audit   'lodash.merge': [ '4.6.2' ],
430 silly audit   'loose-envify': [ '1.4.0' ],
430 silly audit   'lru-cache': [ '5.1.1' ],
430 silly audit   'lucide-react': [ '0.468.0' ],
430 silly audit   'math-intrinsics': [ '1.1.0' ],
430 silly audit   merge2: [ '1.4.1' ],
430 silly audit   micromatch: [ '4.0.8' ],
430 silly audit   minimist: [ '1.2.8' ],
430 silly audit   ms: [ '2.1.3' ],
430 silly audit   mz: [ '2.7.0' ],
430 silly audit   nanoid: [ '3.3.12' ],
430 silly audit   'napi-postinstall': [ '0.3.4' ],
430 silly audit   'natural-compare': [ '1.4.0' ],
430 silly audit   next: [ '16.2.6' ],
430 silly audit   postcss: [ '8.4.31', '8.5.14' ],
430 silly audit   'node-exports-info': [ '1.6.0' ],
430 silly audit   'node-releases': [ '2.0.38' ],
430 silly audit   'normalize-path': [ '3.0.0' ],
430 silly audit   'object-assign': [ '4.1.1' ],
430 silly audit   'object-hash': [ '3.0.0' ],
430 silly audit   'object-inspect': [ '1.13.4' ],
430 silly audit   'object-keys': [ '1.1.1' ],
430 silly audit   'object.assign': [ '4.1.7' ],
430 silly audit   'object.entries': [ '1.1.9' ],
430 silly audit   'object.fromentries': [ '2.0.8' ],
430 silly audit   'object.groupby': [ '1.0.3' ],
430 silly audit   'object.values': [ '1.2.1' ],
430 silly audit   optionator: [ '0.9.4' ],
430 silly audit   'own-keys': [ '1.0.1' ],
430 silly audit   'p-limit': [ '3.1.0' ],
430 silly audit   'p-locate': [ '5.0.0' ],
430 silly audit   'parent-module': [ '1.0.1' ],
430 silly audit   'path-exists': [ '4.0.0' ],
430 silly audit   'path-key': [ '3.1.1' ],
430 silly audit   'path-parse': [ '1.0.7' ],
430 silly audit   picocolors: [ '1.1.1' ],
430 silly audit   picomatch: [ '2.3.2', '4.0.4' ],
430 silly audit   pify: [ '2.3.0' ],
430 silly audit   pirates: [ '4.0.7' ],
430 silly audit   'possible-typed-array-names': [ '1.1.0' ],
430 silly audit   'postcss-import': [ '15.1.0' ],
430 silly audit   resolve: [ '1.22.12', '2.0.0-next.6' ],
430 silly audit   'postcss-js': [ '4.1.0' ],
430 silly audit   'postcss-load-config': [ '6.0.1' ],
430 silly audit   'postcss-nested': [ '6.2.0' ],
430 silly audit   'postcss-selector-parser': [ '6.1.2' ],
430 silly audit   'postcss-value-parser': [ '4.2.0' ],
430 silly audit   'prelude-ls': [ '1.2.1' ],
430 silly audit   'prop-types': [ '15.8.1' ],
430 silly audit   punycode: [ '2.3.1' ],
430 silly audit   'queue-microtask': [ '1.2.3' ],
430 silly audit   react: [ '19.2.1' ],
430 silly audit   'react-dom': [ '19.2.1' ],
430 silly audit   'react-is': [ '16.13.1' ],
430 silly audit   'read-cache': [ '1.0.0' ],
430 silly audit   readdirp: [ '3.6.0' ],
430 silly audit   'reflect.getprototypeof': [ '1.0.10' ],
430 silly audit   'regexp.prototype.flags': [ '1.5.4' ],
430 silly audit   'resolve-from': [ '4.0.0' ],
430 silly audit   'resolve-pkg-maps': [ '1.0.0' ],
430 silly audit   reusify: [ '1.1.0' ],
430 silly audit   'run-parallel': [ '1.2.0' ],
430 silly audit   'safe-array-concat': [ '1.1.4' ],
430 silly audit   'safe-push-apply': [ '1.0.0' ],
430 silly audit   'safe-regex-test': [ '1.1.0' ],
430 silly audit   scheduler: [ '0.27.0' ],
430 silly audit   'set-function-length': [ '1.2.2' ],
430 silly audit   'set-function-name': [ '2.0.2' ],
430 silly audit   'set-proto': [ '1.0.0' ],
430 silly audit   sharp: [ '0.34.5' ],
430 silly audit   'shebang-command': [ '2.0.0' ],
430 silly audit   'shebang-regex': [ '3.0.0' ],
430 silly audit   'side-channel': [ '1.1.0' ],
430 silly audit   'side-channel-list': [ '1.0.1' ],
430 silly audit   'side-channel-map': [ '1.0.1' ],
430 silly audit   'side-channel-weakmap': [ '1.0.2' ],
430 silly audit   'source-map-js': [ '1.2.1' ],
430 silly audit   'stable-hash': [ '0.0.5' ],
430 silly audit   'stop-iteration-iterator': [ '1.1.0' ],
430 silly audit   'string.prototype.includes': [ '2.0.1' ],
430 silly audit   'string.prototype.matchall': [ '4.0.12' ],
430 silly audit   'string.prototype.repeat': [ '1.0.0' ],
430 silly audit   'string.prototype.trim': [ '1.2.10' ],
430 silly audit   'string.prototype.trimend': [ '1.0.9' ],
430 silly audit   'string.prototype.trimstart': [ '1.0.8' ],
430 silly audit   'strip-bom': [ '3.0.0' ],
430 silly audit   'strip-json-comments': [ '3.1.1' ],
430 silly audit   'styled-jsx': [ '5.1.6' ],
430 silly audit   sucrase: [ '3.35.1' ],
430 silly audit   'supports-color': [ '7.2.0' ],
430 silly audit   'supports-preserve-symlinks-flag': [ '1.0.0' ],
430 silly audit   'tailwind-merge': [ '2.6.1' ],
430 silly audit   tailwindcss: [ '3.4.19' ],
430 silly audit   thenify: [ '3.3.1' ],
430 silly audit   'thenify-all': [ '1.6.0' ],
430 silly audit   tinyglobby: [ '0.2.16' ],
430 silly audit   fdir: [ '6.5.0' ],
430 silly audit   'to-regex-range': [ '5.0.1' ],
430 silly audit   'ts-api-utils': [ '2.5.0' ],
430 silly audit   'ts-interface-checker': [ '0.1.13' ],
430 silly audit   'tsconfig-paths': [ '3.15.0' ],
430 silly audit   tslib: [ '2.8.1' ],
430 silly audit   'type-check': [ '0.4.0' ],
430 silly audit   'typed-array-buffer': [ '1.0.3' ],
430 silly audit   'typed-array-byte-length': [ '1.0.3' ],
430 silly audit   'typed-array-byte-offset': [ '1.0.4' ],
430 silly audit   'typed-array-length': [ '1.0.7' ],
430 silly audit   typescript: [ '5.9.3' ],
430 silly audit   'typescript-eslint': [ '8.59.2' ],
430 silly audit   'unbox-primitive': [ '1.1.0' ],
430 silly audit   'undici-types': [ '6.21.0' ],
430 silly audit   'unrs-resolver': [ '1.11.1' ],
430 silly audit   'update-browserslist-db': [ '1.2.3' ],
430 silly audit   'uri-js': [ '4.4.1' ],
430 silly audit   'util-deprecate': [ '1.0.2' ],
430 silly audit   which: [ '2.0.2' ],
430 silly audit   'which-boxed-primitive': [ '1.1.1' ],
430 silly audit   'which-builtin-type': [ '1.2.1' ],
430 silly audit   'which-collection': [ '1.0.2' ],
430 silly audit   'which-typed-array': [ '1.1.20' ],
430 silly audit   'word-wrap': [ '1.2.5' ],
430 silly audit   yallist: [ '3.1.1' ],
430 silly audit   'yocto-queue': [ '0.1.0' ],
430 silly audit   zod: [ '4.4.3' ],
430 silly audit   'zod-validation-error': [ '4.0.2' ]
430 silly audit }
431 verbose reify failed optional dependency C:\Users\kemo1\OneDrive\Documenten\wts\Frontend-main\Frontend-main\node_modules\@unrs\resolver-binding-win32-ia32-msvc
432 silly reify mark deleted [
432 silly reify   'C:\\Users\\kemo1\\OneDrive\\Documenten\\wts\\Frontend-main\\Frontend-main\\node_modules\\@unrs\\resolver-binding-win32-ia32-msvc'
432 silly reify ]
433 verbose reify failed optional dependency C:\Users\kemo1\OneDrive\Documenten\wts\Frontend-main\Frontend-main\node_modules\@unrs\resolver-binding-win32-arm64-msvc
434 silly reify mark deleted [
434 silly reify   'C:\\Users\\kemo1\\OneDrive\\Documenten\\wts\\Frontend-main\\Frontend-main\\node_modules\\@unrs\\resolver-binding-win32-arm64-msvc'
434 silly reify ]
435 verbose reify failed optional dependency C:\Users\kemo1\OneDrive\Documenten\wts\Frontend-main\Frontend-main\node_modules\@unrs\resolver-binding-wasm32-wasi
436 silly reify mark deleted [
436 silly reify   'C:\\Users\\kemo1\\OneDrive\\Documenten\\wts\\Frontend-main\\Frontend-main\\node_modules\\@unrs\\resolver-binding-wasm32-wasi'
436 silly reify ]
437 verbose reify failed optional dependency C:\Users\kemo1\OneDrive\Documenten\wts\Frontend-main\Frontend-main\node_modules\@napi-rs\wasm-runtime
438 silly reify mark deleted [
438 silly reify   'C:\\Users\\kemo1\\OneDrive\\Documenten\\wts\\Frontend-main\\Frontend-main\\node_modules\\@napi-rs\\wasm-runtime'
438 silly reify ]
439 verbose reify failed optional dependency C:\Users\kemo1\OneDrive\Documenten\wts\Frontend-main\Frontend-main\node_modules\@emnapi\core
440 silly reify mark deleted [
440 silly reify   'C:\\Users\\kemo1\\OneDrive\\Documenten\\wts\\Frontend-main\\Frontend-main\\node_modules\\@emnapi\\core'
440 silly reify ]
441 verbose reify failed optional dependency C:\Users\kemo1\OneDrive\Documenten\wts\Frontend-main\Frontend-main\node_modules\@tybys\wasm-util
442 silly reify mark deleted [
442 silly reify   'C:\\Users\\kemo1\\OneDrive\\Documenten\\wts\\Frontend-main\\Frontend-main\\node_modules\\@tybys\\wasm-util'
442 silly reify ]
443 verbose reify failed optional dependency C:\Users\kemo1\OneDrive\Documenten\wts\Frontend-main\Frontend-main\node_modules\@emnapi\wasi-threads
444 silly reify mark deleted [
444 silly reify   'C:\\Users\\kemo1\\OneDrive\\Documenten\\wts\\Frontend-main\\Frontend-main\\node_modules\\@emnapi\\wasi-threads'
444 silly reify ]
445 verbose reify failed optional dependency C:\Users\kemo1\OneDrive\Documenten\wts\Frontend-main\Frontend-main\node_modules\@unrs\resolver-binding-linux-x64-musl
446 silly reify mark deleted [
446 silly reify   'C:\\Users\\kemo1\\OneDrive\\Documenten\\wts\\Frontend-main\\Frontend-main\\node_modules\\@unrs\\resolver-binding-linux-x64-musl'
446 silly reify ]
447 verbose reify failed optional dependency C:\Users\kemo1\OneDrive\Documenten\wts\Frontend-main\Frontend-main\node_modules\@unrs\resolver-binding-linux-x64-gnu
448 silly reify mark deleted [
448 silly reify   'C:\\Users\\kemo1\\OneDrive\\Documenten\\wts\\Frontend-main\\Frontend-main\\node_modules\\@unrs\\resolver-binding-linux-x64-gnu'
448 silly reify ]
449 verbose reify failed optional dependency C:\Users\kemo1\OneDrive\Documenten\wts\Frontend-main\Frontend-main\node_modules\@unrs\resolver-binding-linux-s390x-gnu
450 silly reify mark deleted [
450 silly reify   'C:\\Users\\kemo1\\OneDrive\\Documenten\\wts\\Frontend-main\\Frontend-main\\node_modules\\@unrs\\resolver-binding-linux-s390x-gnu'
450 silly reify ]
451 verbose reify failed optional dependency C:\Users\kemo1\OneDrive\Documenten\wts\Frontend-main\Frontend-main\node_modules\@unrs\resolver-binding-linux-riscv64-musl
452 silly reify mark deleted [
452 silly reify   'C:\\Users\\kemo1\\OneDrive\\Documenten\\wts\\Frontend-main\\Frontend-main\\node_modules\\@unrs\\resolver-binding-linux-riscv64-musl'
452 silly reify ]
453 verbose reify failed optional dependency C:\Users\kemo1\OneDrive\Documenten\wts\Frontend-main\Frontend-main\node_modules\@unrs\resolver-binding-linux-riscv64-gnu
454 silly reify mark deleted [
454 silly reify   'C:\\Users\\kemo1\\OneDrive\\Documenten\\wts\\Frontend-main\\Frontend-main\\node_modules\\@unrs\\resolver-binding-linux-riscv64-gnu'
454 silly reify ]
455 verbose reify failed optional dependency C:\Users\kemo1\OneDrive\Documenten\wts\Frontend-main\Frontend-main\node_modules\@unrs\resolver-binding-linux-ppc64-gnu
456 silly reify mark deleted [
456 silly reify   'C:\\Users\\kemo1\\OneDrive\\Documenten\\wts\\Frontend-main\\Frontend-main\\node_modules\\@unrs\\resolver-binding-linux-ppc64-gnu'
456 silly reify ]
457 verbose reify failed optional dependency C:\Users\kemo1\OneDrive\Documenten\wts\Frontend-main\Frontend-main\node_modules\@unrs\resolver-binding-linux-arm64-musl
458 silly reify mark deleted [
458 silly reify   'C:\\Users\\kemo1\\OneDrive\\Documenten\\wts\\Frontend-main\\Frontend-main\\node_modules\\@unrs\\resolver-binding-linux-arm64-musl'
458 silly reify ]
459 verbose reify failed optional dependency C:\Users\kemo1\OneDrive\Documenten\wts\Frontend-main\Frontend-main\node_modules\@unrs\resolver-binding-linux-arm64-gnu
460 silly reify mark deleted [
460 silly reify   'C:\\Users\\kemo1\\OneDrive\\Documenten\\wts\\Frontend-main\\Frontend-main\\node_modules\\@unrs\\resolver-binding-linux-arm64-gnu'
460 silly reify ]
461 verbose reify failed optional dependency C:\Users\kemo1\OneDrive\Documenten\wts\Frontend-main\Frontend-main\node_modules\@unrs\resolver-binding-linux-arm-musleabihf
462 silly reify mark deleted [
462 silly reify   'C:\\Users\\kemo1\\OneDrive\\Documenten\\wts\\Frontend-main\\Frontend-main\\node_modules\\@unrs\\resolver-binding-linux-arm-musleabihf'
462 silly reify ]
463 verbose reify failed optional dependency C:\Users\kemo1\OneDrive\Documenten\wts\Frontend-main\Frontend-main\node_modules\@unrs\resolver-binding-linux-arm-gnueabihf
464 silly reify mark deleted [
464 silly reify   'C:\\Users\\kemo1\\OneDrive\\Documenten\\wts\\Frontend-main\\Frontend-main\\node_modules\\@unrs\\resolver-binding-linux-arm-gnueabihf'
464 silly reify ]
465 verbose reify failed optional dependency C:\Users\kemo1\OneDrive\Documenten\wts\Frontend-main\Frontend-main\node_modules\@unrs\resolver-binding-freebsd-x64
466 silly reify mark deleted [
466 silly reify   'C:\\Users\\kemo1\\OneDrive\\Documenten\\wts\\Frontend-main\\Frontend-main\\node_modules\\@unrs\\resolver-binding-freebsd-x64'
466 silly reify ]
467 verbose reify failed optional dependency C:\Users\kemo1\OneDrive\Documenten\wts\Frontend-main\Frontend-main\node_modules\@unrs\resolver-binding-darwin-arm64
468 silly reify mark deleted [
468 silly reify   'C:\\Users\\kemo1\\OneDrive\\Documenten\\wts\\Frontend-main\\Frontend-main\\node_modules\\@unrs\\resolver-binding-darwin-arm64'
468 silly reify ]
469 verbose reify failed optional dependency C:\Users\kemo1\OneDrive\Documenten\wts\Frontend-main\Frontend-main\node_modules\@unrs\resolver-binding-darwin-x64
470 silly reify mark deleted [
470 silly reify   'C:\\Users\\kemo1\\OneDrive\\Documenten\\wts\\Frontend-main\\Frontend-main\\node_modules\\@unrs\\resolver-binding-darwin-x64'
470 silly reify ]
471 verbose reify failed optional dependency C:\Users\kemo1\OneDrive\Documenten\wts\Frontend-main\Frontend-main\node_modules\@unrs\resolver-binding-android-arm64
472 silly reify mark deleted [
472 silly reify   'C:\\Users\\kemo1\\OneDrive\\Documenten\\wts\\Frontend-main\\Frontend-main\\node_modules\\@unrs\\resolver-binding-android-arm64'
472 silly reify ]
473 verbose reify failed optional dependency C:\Users\kemo1\OneDrive\Documenten\wts\Frontend-main\Frontend-main\node_modules\@unrs\resolver-binding-android-arm-eabi
474 silly reify mark deleted [
474 silly reify   'C:\\Users\\kemo1\\OneDrive\\Documenten\\wts\\Frontend-main\\Frontend-main\\node_modules\\@unrs\\resolver-binding-android-arm-eabi'
474 silly reify ]
475 verbose reify failed optional dependency C:\Users\kemo1\OneDrive\Documenten\wts\Frontend-main\Frontend-main\node_modules\@next\swc-win32-arm64-msvc
476 silly reify mark deleted [
476 silly reify   'C:\\Users\\kemo1\\OneDrive\\Documenten\\wts\\Frontend-main\\Frontend-main\\node_modules\\@next\\swc-win32-arm64-msvc'
476 silly reify ]
477 verbose reify failed optional dependency C:\Users\kemo1\OneDrive\Documenten\wts\Frontend-main\Frontend-main\node_modules\@next\swc-linux-x64-musl
478 silly reify mark deleted [
478 silly reify   'C:\\Users\\kemo1\\OneDrive\\Documenten\\wts\\Frontend-main\\Frontend-main\\node_modules\\@next\\swc-linux-x64-musl'
478 silly reify ]
479 verbose reify failed optional dependency C:\Users\kemo1\OneDrive\Documenten\wts\Frontend-main\Frontend-main\node_modules\@next\swc-linux-x64-gnu
480 silly reify mark deleted [
480 silly reify   'C:\\Users\\kemo1\\OneDrive\\Documenten\\wts\\Frontend-main\\Frontend-main\\node_modules\\@next\\swc-linux-x64-gnu'
480 silly reify ]
481 verbose reify failed optional dependency C:\Users\kemo1\OneDrive\Documenten\wts\Frontend-main\Frontend-main\node_modules\@next\swc-linux-arm64-musl
482 silly reify mark deleted [
482 silly reify   'C:\\Users\\kemo1\\OneDrive\\Documenten\\wts\\Frontend-main\\Frontend-main\\node_modules\\@next\\swc-linux-arm64-musl'
482 silly reify ]
483 verbose reify failed optional dependency C:\Users\kemo1\OneDrive\Documenten\wts\Frontend-main\Frontend-main\node_modules\@next\swc-linux-arm64-gnu
484 silly reify mark deleted [
484 silly reify   'C:\\Users\\kemo1\\OneDrive\\Documenten\\wts\\Frontend-main\\Frontend-main\\node_modules\\@next\\swc-linux-arm64-gnu'
484 silly reify ]
485 verbose reify failed optional dependency C:\Users\kemo1\OneDrive\Documenten\wts\Frontend-main\Frontend-main\node_modules\@next\swc-darwin-x64
486 silly reify mark deleted [
486 silly reify   'C:\\Users\\kemo1\\OneDrive\\Documenten\\wts\\Frontend-main\\Frontend-main\\node_modules\\@next\\swc-darwin-x64'
486 silly reify ]
487 verbose reify failed optional dependency C:\Users\kemo1\OneDrive\Documenten\wts\Frontend-main\Frontend-main\node_modules\@next\swc-darwin-arm64
488 silly reify mark deleted [
488 silly reify   'C:\\Users\\kemo1\\OneDrive\\Documenten\\wts\\Frontend-main\\Frontend-main\\node_modules\\@next\\swc-darwin-arm64'
488 silly reify ]
489 verbose reify failed optional dependency C:\Users\kemo1\OneDrive\Documenten\wts\Frontend-main\Frontend-main\node_modules\@img\sharp-win32-ia32
490 silly reify mark deleted [
490 silly reify   'C:\\Users\\kemo1\\OneDrive\\Documenten\\wts\\Frontend-main\\Frontend-main\\node_modules\\@img\\sharp-win32-ia32'
490 silly reify ]
491 verbose reify failed optional dependency C:\Users\kemo1\OneDrive\Documenten\wts\Frontend-main\Frontend-main\node_modules\@img\sharp-wasm32
492 silly reify mark deleted [
492 silly reify   'C:\\Users\\kemo1\\OneDrive\\Documenten\\wts\\Frontend-main\\Frontend-main\\node_modules\\@img\\sharp-wasm32'
492 silly reify ]
493 verbose reify failed optional dependency C:\Users\kemo1\OneDrive\Documenten\wts\Frontend-main\Frontend-main\node_modules\@img\sharp-win32-arm64
494 silly reify mark deleted [
494 silly reify   'C:\\Users\\kemo1\\OneDrive\\Documenten\\wts\\Frontend-main\\Frontend-main\\node_modules\\@img\\sharp-win32-arm64'
494 silly reify ]
495 verbose reify failed optional dependency C:\Users\kemo1\OneDrive\Documenten\wts\Frontend-main\Frontend-main\node_modules\@img\sharp-linuxmusl-x64
496 silly reify mark deleted [
496 silly reify   'C:\\Users\\kemo1\\OneDrive\\Documenten\\wts\\Frontend-main\\Frontend-main\\node_modules\\@img\\sharp-linuxmusl-x64'
496 silly reify ]
497 verbose reify failed optional dependency C:\Users\kemo1\OneDrive\Documenten\wts\Frontend-main\Frontend-main\node_modules\@img\sharp-linux-x64
498 silly reify mark deleted [
498 silly reify   'C:\\Users\\kemo1\\OneDrive\\Documenten\\wts\\Frontend-main\\Frontend-main\\node_modules\\@img\\sharp-linux-x64'
498 silly reify ]
499 verbose reify failed optional dependency C:\Users\kemo1\OneDrive\Documenten\wts\Frontend-main\Frontend-main\node_modules\@img\sharp-linuxmusl-arm64
500 silly reify mark deleted [
500 silly reify   'C:\\Users\\kemo1\\OneDrive\\Documenten\\wts\\Frontend-main\\Frontend-main\\node_modules\\@img\\sharp-linuxmusl-arm64'
500 silly reify ]
501 verbose reify failed optional dependency C:\Users\kemo1\OneDrive\Documenten\wts\Frontend-main\Frontend-main\node_modules\@img\sharp-linux-s390x
502 silly reify mark deleted [
502 silly reify   'C:\\Users\\kemo1\\OneDrive\\Documenten\\wts\\Frontend-main\\Frontend-main\\node_modules\\@img\\sharp-linux-s390x'
502 silly reify ]
503 verbose reify failed optional dependency C:\Users\kemo1\OneDrive\Documenten\wts\Frontend-main\Frontend-main\node_modules\@img\sharp-linux-riscv64
504 silly reify mark deleted [
504 silly reify   'C:\\Users\\kemo1\\OneDrive\\Documenten\\wts\\Frontend-main\\Frontend-main\\node_modules\\@img\\sharp-linux-riscv64'
504 silly reify ]
505 verbose reify failed optional dependency C:\Users\kemo1\OneDrive\Documenten\wts\Frontend-main\Frontend-main\node_modules\@img\sharp-linux-ppc64
506 silly reify mark deleted [
506 silly reify   'C:\\Users\\kemo1\\OneDrive\\Documenten\\wts\\Frontend-main\\Frontend-main\\node_modules\\@img\\sharp-linux-ppc64'
506 silly reify ]
507 verbose reify failed optional dependency C:\Users\kemo1\OneDrive\Documenten\wts\Frontend-main\Frontend-main\node_modules\@img\sharp-linux-arm64
508 silly reify mark deleted [
508 silly reify   'C:\\Users\\kemo1\\OneDrive\\Documenten\\wts\\Frontend-main\\Frontend-main\\node_modules\\@img\\sharp-linux-arm64'
508 silly reify ]
509 verbose reify failed optional dependency C:\Users\kemo1\OneDrive\Documenten\wts\Frontend-main\Frontend-main\node_modules\@img\sharp-linux-arm
510 silly reify mark deleted [
510 silly reify   'C:\\Users\\kemo1\\OneDrive\\Documenten\\wts\\Frontend-main\\Frontend-main\\node_modules\\@img\\sharp-linux-arm'
510 silly reify ]
511 verbose reify failed optional dependency C:\Users\kemo1\OneDrive\Documenten\wts\Frontend-main\Frontend-main\node_modules\@img\sharp-libvips-linuxmusl-x64
512 silly reify mark deleted [
512 silly reify   'C:\\Users\\kemo1\\OneDrive\\Documenten\\wts\\Frontend-main\\Frontend-main\\node_modules\\@img\\sharp-libvips-linuxmusl-x64'
512 silly reify ]
513 verbose reify failed optional dependency C:\Users\kemo1\OneDrive\Documenten\wts\Frontend-main\Frontend-main\node_modules\@img\sharp-libvips-linuxmusl-arm64
514 silly reify mark deleted [
514 silly reify   'C:\\Users\\kemo1\\OneDrive\\Documenten\\wts\\Frontend-main\\Frontend-main\\node_modules\\@img\\sharp-libvips-linuxmusl-arm64'
514 silly reify ]
515 verbose reify failed optional dependency C:\Users\kemo1\OneDrive\Documenten\wts\Frontend-main\Frontend-main\node_modules\@img\sharp-libvips-linux-x64
516 silly reify mark deleted [
516 silly reify   'C:\\Users\\kemo1\\OneDrive\\Documenten\\wts\\Frontend-main\\Frontend-main\\node_modules\\@img\\sharp-libvips-linux-x64'
516 silly reify ]
517 verbose reify failed optional dependency C:\Users\kemo1\OneDrive\Documenten\wts\Frontend-main\Frontend-main\node_modules\@img\sharp-libvips-linux-s390x
518 silly reify mark deleted [
518 silly reify   'C:\\Users\\kemo1\\OneDrive\\Documenten\\wts\\Frontend-main\\Frontend-main\\node_modules\\@img\\sharp-libvips-linux-s390x'
518 silly reify ]
519 verbose reify failed optional dependency C:\Users\kemo1\OneDrive\Documenten\wts\Frontend-main\Frontend-main\node_modules\@img\sharp-libvips-linux-riscv64
520 silly reify mark deleted [
520 silly reify   'C:\\Users\\kemo1\\OneDrive\\Documenten\\wts\\Frontend-main\\Frontend-main\\node_modules\\@img\\sharp-libvips-linux-riscv64'
520 silly reify ]
521 verbose reify failed optional dependency C:\Users\kemo1\OneDrive\Documenten\wts\Frontend-main\Frontend-main\node_modules\@img\sharp-libvips-linux-ppc64
522 silly reify mark deleted [
522 silly reify   'C:\\Users\\kemo1\\OneDrive\\Documenten\\wts\\Frontend-main\\Frontend-main\\node_modules\\@img\\sharp-libvips-linux-ppc64'
522 silly reify ]
523 verbose reify failed optional dependency C:\Users\kemo1\OneDrive\Documenten\wts\Frontend-main\Frontend-main\node_modules\@img\sharp-libvips-linux-arm64
524 silly reify mark deleted [
524 silly reify   'C:\\Users\\kemo1\\OneDrive\\Documenten\\wts\\Frontend-main\\Frontend-main\\node_modules\\@img\\sharp-libvips-linux-arm64'
524 silly reify ]
525 verbose reify failed optional dependency C:\Users\kemo1\OneDrive\Documenten\wts\Frontend-main\Frontend-main\node_modules\@img\sharp-libvips-darwin-x64
526 silly reify mark deleted [
526 silly reify   'C:\\Users\\kemo1\\OneDrive\\Documenten\\wts\\Frontend-main\\Frontend-main\\node_modules\\@img\\sharp-libvips-darwin-x64'
526 silly reify ]
527 verbose reify failed optional dependency C:\Users\kemo1\OneDrive\Documenten\wts\Frontend-main\Frontend-main\node_modules\@img\sharp-libvips-linux-arm
528 silly reify mark deleted [
528 silly reify   'C:\\Users\\kemo1\\OneDrive\\Documenten\\wts\\Frontend-main\\Frontend-main\\node_modules\\@img\\sharp-libvips-linux-arm'
528 silly reify ]
529 verbose reify failed optional dependency C:\Users\kemo1\OneDrive\Documenten\wts\Frontend-main\Frontend-main\node_modules\@img\sharp-libvips-darwin-arm64
530 silly reify mark deleted [
530 silly reify   'C:\\Users\\kemo1\\OneDrive\\Documenten\\wts\\Frontend-main\\Frontend-main\\node_modules\\@img\\sharp-libvips-darwin-arm64'
530 silly reify ]
531 verbose reify failed optional dependency C:\Users\kemo1\OneDrive\Documenten\wts\Frontend-main\Frontend-main\node_modules\@img\sharp-darwin-x64
532 silly reify mark deleted [
532 silly reify   'C:\\Users\\kemo1\\OneDrive\\Documenten\\wts\\Frontend-main\\Frontend-main\\node_modules\\@img\\sharp-darwin-x64'
532 silly reify ]
533 verbose reify failed optional dependency C:\Users\kemo1\OneDrive\Documenten\wts\Frontend-main\Frontend-main\node_modules\@img\sharp-darwin-arm64
534 silly reify mark deleted [
534 silly reify   'C:\\Users\\kemo1\\OneDrive\\Documenten\\wts\\Frontend-main\\Frontend-main\\node_modules\\@img\\sharp-darwin-arm64'
534 silly reify ]
535 verbose reify failed optional dependency C:\Users\kemo1\OneDrive\Documenten\wts\Frontend-main\Frontend-main\node_modules\fsevents
536 silly reify mark deleted [
536 silly reify   'C:\\Users\\kemo1\\OneDrive\\Documenten\\wts\\Frontend-main\\Frontend-main\\node_modules\\fsevents'
536 silly reify ]
537 http cache @unrs/resolver-binding-win32-x64-msvc@https://registry.npmjs.org/@unrs/resolver-binding-win32-x64-msvc/-/resolver-binding-win32-x64-msvc-1.11.1.tgz 1ms (cache hit)
538 http cache @typescript-eslint/visitor-keys@https://registry.npmjs.org/@typescript-eslint/visitor-keys/-/visitor-keys-8.59.2.tgz 0ms (cache hit)
539 http cache @typescript-eslint/utils@https://registry.npmjs.org/@typescript-eslint/utils/-/utils-8.59.2.tgz 0ms (cache hit)
540 http cache @typescript-eslint/typescript-estree@https://registry.npmjs.org/@typescript-eslint/typescript-estree/-/typescript-estree-8.59.2.tgz 0ms (cache hit)
541 http cache @typescript-eslint/type-utils@https://registry.npmjs.org/@typescript-eslint/type-utils/-/type-utils-8.59.2.tgz 0ms (cache hit)
542 http cache @typescript-eslint/types@https://registry.npmjs.org/@typescript-eslint/types/-/types-8.59.2.tgz 0ms (cache hit)
543 http cache @typescript-eslint/tsconfig-utils@https://registry.npmjs.org/@typescript-eslint/tsconfig-utils/-/tsconfig-utils-8.59.2.tgz 0ms (cache hit)
544 http cache @typescript-eslint/scope-manager@https://registry.npmjs.org/@typescript-eslint/scope-manager/-/scope-manager-8.59.2.tgz 0ms (cache hit)
545 http cache @typescript-eslint/parser@https://registry.npmjs.org/@typescript-eslint/parser/-/parser-8.59.2.tgz 1ms (cache hit)
546 http cache @types/react-dom@https://registry.npmjs.org/@types/react-dom/-/react-dom-19.2.3.tgz 0ms (cache hit)
547 http cache @typescript-eslint/eslint-plugin@https://registry.npmjs.org/@typescript-eslint/eslint-plugin/-/eslint-plugin-8.59.2.tgz 0ms (cache hit)
548 http cache @types/json5@https://registry.npmjs.org/@types/json5/-/json5-0.0.29.tgz 0ms (cache hit)
549 http cache @types/node@https://registry.npmjs.org/@types/node/-/node-20.19.40.tgz 0ms (cache hit)
550 http cache @typescript-eslint/project-service@https://registry.npmjs.org/@typescript-eslint/project-service/-/project-service-8.59.2.tgz 0ms (cache hit)
551 http cache @types/estree@https://registry.npmjs.org/@types/estree/-/estree-1.0.9.tgz 0ms (cache hit)
552 http cache @types/json-schema@https://registry.npmjs.org/@types/json-schema/-/json-schema-7.0.15.tgz 0ms (cache hit)
553 http cache @rtsao/scc@https://registry.npmjs.org/@rtsao/scc/-/scc-1.1.0.tgz 0ms (cache hit)
554 http cache @tybys/wasm-util@https://registry.npmjs.org/@tybys/wasm-util/-/wasm-util-0.10.2.tgz 0ms (cache hit)
555 http cache @swc/helpers@https://registry.npmjs.org/@swc/helpers/-/helpers-0.5.15.tgz 0ms (cache hit)
556 http cache @types/react@https://registry.npmjs.org/@types/react/-/react-19.2.14.tgz 0ms (cache hit)
557 http cache @nolyfill/is-core-module@https://registry.npmjs.org/@nolyfill/is-core-module/-/is-core-module-1.0.39.tgz 0ms (cache hit)
558 http cache @nodelib/fs.walk@https://registry.npmjs.org/@nodelib/fs.walk/-/fs.walk-1.2.8.tgz 0ms (cache hit)
559 http cache @napi-rs/wasm-runtime@https://registry.npmjs.org/@napi-rs/wasm-runtime/-/wasm-runtime-0.2.12.tgz 0ms (cache hit)
560 http cache @nodelib/fs.stat@https://registry.npmjs.org/@nodelib/fs.stat/-/fs.stat-2.0.5.tgz 0ms (cache hit)
561 http cache @next/swc-win32-x64-msvc@https://registry.npmjs.org/@next/swc-win32-x64-msvc/-/swc-win32-x64-msvc-16.2.6.tgz 0ms (cache hit)
562 http cache @nodelib/fs.scandir@https://registry.npmjs.org/@nodelib/fs.scandir/-/fs.scandir-2.1.5.tgz 0ms (cache hit)
563 http cache @next/eslint-plugin-next@https://registry.npmjs.org/@next/eslint-plugin-next/-/eslint-plugin-next-16.2.6.tgz 0ms (cache hit)
564 http cache @jridgewell/sourcemap-codec@https://registry.npmjs.org/@jridgewell/sourcemap-codec/-/sourcemap-codec-1.5.5.tgz 0ms (cache hit)
565 http cache @next/env@https://registry.npmjs.org/@next/env/-/env-16.2.6.tgz 0ms (cache hit)
566 http cache @jridgewell/trace-mapping@https://registry.npmjs.org/@jridgewell/trace-mapping/-/trace-mapping-0.3.31.tgz 0ms (cache hit)
567 http cache @jridgewell/resolve-uri@https://registry.npmjs.org/@jridgewell/resolve-uri/-/resolve-uri-3.1.2.tgz 0ms (cache hit)
568 http cache @jridgewell/gen-mapping@https://registry.npmjs.org/@jridgewell/gen-mapping/-/gen-mapping-0.3.13.tgz 0ms (cache hit)
569 http cache @img/colour@https://registry.npmjs.org/@img/colour/-/colour-1.1.0.tgz 0ms (cache hit)
570 http cache @jridgewell/remapping@https://registry.npmjs.org/@jridgewell/remapping/-/remapping-2.3.5.tgz 0ms (cache hit)
571 http cache @humanfs/types@https://registry.npmjs.org/@humanfs/types/-/types-0.15.0.tgz 0ms (cache hit)
572 http cache @img/sharp-win32-x64@https://registry.npmjs.org/@img/sharp-win32-x64/-/sharp-win32-x64-0.34.5.tgz 0ms (cache hit)
573 http cache @humanwhocodes/retry@https://registry.npmjs.org/@humanwhocodes/retry/-/retry-0.4.3.tgz 0ms (cache hit)
574 http cache @humanwhocodes/module-importer@https://registry.npmjs.org/@humanwhocodes/module-importer/-/module-importer-1.0.1.tgz 0ms (cache hit)
575 http cache @humanfs/core@https://registry.npmjs.org/@humanfs/core/-/core-0.19.2.tgz 0ms (cache hit)
576 http cache @humanfs/node@https://registry.npmjs.org/@humanfs/node/-/node-0.16.8.tgz 0ms (cache hit)
577 http cache @eslint-community/eslint-utils@https://registry.npmjs.org/@eslint-community/eslint-utils/-/eslint-utils-4.9.1.tgz 0ms (cache hit)
578 http cache @eslint/object-schema@https://registry.npmjs.org/@eslint/object-schema/-/object-schema-2.1.7.tgz 0ms (cache hit)
579 http cache @eslint/plugin-kit@https://registry.npmjs.org/@eslint/plugin-kit/-/plugin-kit-0.4.1.tgz 0ms (cache hit)
580 http cache @eslint-community/regexpp@https://registry.npmjs.org/@eslint-community/regexpp/-/regexpp-4.12.2.tgz 0ms (cache hit)
581 http cache @eslint/js@https://registry.npmjs.org/@eslint/js/-/js-9.39.4.tgz 0ms (cache hit)
582 http cache @eslint/eslintrc@https://registry.npmjs.org/@eslint/eslintrc/-/eslintrc-3.3.5.tgz 0ms (cache hit)
583 http cache @eslint/config-array@https://registry.npmjs.org/@eslint/config-array/-/config-array-0.21.2.tgz 0ms (cache hit)
584 http cache @eslint/core@https://registry.npmjs.org/@eslint/core/-/core-0.17.0.tgz 0ms (cache hit)
585 http cache @eslint/config-helpers@https://registry.npmjs.org/@eslint/config-helpers/-/config-helpers-0.4.2.tgz 0ms (cache hit)
586 http cache @babel/types@https://registry.npmjs.org/@babel/types/-/types-7.29.0.tgz 0ms (cache hit)
587 http cache @alloc/quick-lru@https://registry.npmjs.org/@alloc/quick-lru/-/quick-lru-5.2.0.tgz 0ms (cache hit)
588 http cache @emnapi/runtime@https://registry.npmjs.org/@emnapi/runtime/-/runtime-1.10.0.tgz 0ms (cache hit)
589 http cache @babel/traverse@https://registry.npmjs.org/@babel/traverse/-/traverse-7.29.0.tgz 0ms (cache hit)
590 http cache @emnapi/core@https://registry.npmjs.org/@emnapi/core/-/core-1.10.0.tgz 0ms (cache hit)
591 http cache @emnapi/wasi-threads@https://registry.npmjs.org/@emnapi/wasi-threads/-/wasi-threads-1.2.1.tgz 0ms (cache hit)
592 http cache @babel/parser@https://registry.npmjs.org/@babel/parser/-/parser-7.29.3.tgz 0ms (cache hit)
593 http cache @babel/template@https://registry.npmjs.org/@babel/template/-/template-7.28.6.tgz 0ms (cache hit)
594 http cache @babel/helpers@https://registry.npmjs.org/@babel/helpers/-/helpers-7.29.2.tgz 0ms (cache hit)
595 http cache @babel/helper-validator-option@https://registry.npmjs.org/@babel/helper-validator-option/-/helper-validator-option-7.27.1.tgz 0ms (cache hit)
596 http cache @babel/helper-string-parser@https://registry.npmjs.org/@babel/helper-string-parser/-/helper-string-parser-7.27.1.tgz 0ms (cache hit)
597 http cache @babel/helper-validator-identifier@https://registry.npmjs.org/@babel/helper-validator-identifier/-/helper-validator-identifier-7.28.5.tgz 0ms (cache hit)
598 http cache @babel/helper-module-imports@https://registry.npmjs.org/@babel/helper-module-imports/-/helper-module-imports-7.28.6.tgz 0ms (cache hit)
599 http cache @babel/helper-module-transforms@https://registry.npmjs.org/@babel/helper-module-transforms/-/helper-module-transforms-7.28.6.tgz 0ms (cache hit)
600 http cache @babel/generator@https://registry.npmjs.org/@babel/generator/-/generator-7.29.1.tgz 0ms (cache hit)
601 http cache @babel/helper-globals@https://registry.npmjs.org/@babel/helper-globals/-/helper-globals-7.28.0.tgz 0ms (cache hit)
602 http cache @babel/core@https://registry.npmjs.org/@babel/core/-/core-7.29.0.tgz 0ms (cache hit)
603 http cache @babel/helper-compilation-targets@https://registry.npmjs.org/@babel/helper-compilation-targets/-/helper-compilation-targets-7.28.6.tgz 0ms (cache hit)
604 http cache zod-validation-error@https://registry.npmjs.org/zod-validation-error/-/zod-validation-error-4.0.2.tgz 0ms (cache hit)
605 http cache zod@https://registry.npmjs.org/zod/-/zod-4.4.3.tgz 0ms (cache hit)
606 http cache @babel/compat-data@https://registry.npmjs.org/@babel/compat-data/-/compat-data-7.29.3.tgz 0ms (cache hit)
607 http cache word-wrap@https://registry.npmjs.org/word-wrap/-/word-wrap-1.2.5.tgz 0ms (cache hit)
608 http cache @babel/code-frame@https://registry.npmjs.org/@babel/code-frame/-/code-frame-7.29.0.tgz 0ms (cache hit)
609 http cache yocto-queue@https://registry.npmjs.org/yocto-queue/-/yocto-queue-0.1.0.tgz 0ms (cache hit)
610 http cache which-typed-array@https://registry.npmjs.org/which-typed-array/-/which-typed-array-1.1.20.tgz 0ms (cache hit)
611 http cache yallist@https://registry.npmjs.org/yallist/-/yallist-3.1.1.tgz 0ms (cache hit)
612 http cache which-collection@https://registry.npmjs.org/which-collection/-/which-collection-1.0.2.tgz 0ms (cache hit)
613 http cache which-boxed-primitive@https://registry.npmjs.org/which-boxed-primitive/-/which-boxed-primitive-1.1.1.tgz 0ms (cache hit)
614 http cache which-builtin-type@https://registry.npmjs.org/which-builtin-type/-/which-builtin-type-1.2.1.tgz 0ms (cache hit)
615 http cache which@https://registry.npmjs.org/which/-/which-2.0.2.tgz 0ms (cache hit)
616 http cache util-deprecate@https://registry.npmjs.org/util-deprecate/-/util-deprecate-1.0.2.tgz 0ms (cache hit)
617 http cache uri-js@https://registry.npmjs.org/uri-js/-/uri-js-4.4.1.tgz 0ms (cache hit)
618 http cache update-browserslist-db@https://registry.npmjs.org/update-browserslist-db/-/update-browserslist-db-1.2.3.tgz 0ms (cache hit)
619 http cache unbox-primitive@https://registry.npmjs.org/unbox-primitive/-/unbox-primitive-1.1.0.tgz 0ms (cache hit)
620 http cache unrs-resolver@https://registry.npmjs.org/unrs-resolver/-/unrs-resolver-1.11.1.tgz 0ms (cache hit)
621 http cache undici-types@https://registry.npmjs.org/undici-types/-/undici-types-6.21.0.tgz 0ms (cache hit)
622 http cache typescript@https://registry.npmjs.org/typescript/-/typescript-5.9.3.tgz 0ms (cache hit)
623 http cache typescript-eslint@https://registry.npmjs.org/typescript-eslint/-/typescript-eslint-8.59.2.tgz 0ms (cache hit)
624 http cache typed-array-length@https://registry.npmjs.org/typed-array-length/-/typed-array-length-1.0.7.tgz 0ms (cache hit)
625 http cache typed-array-byte-length@https://registry.npmjs.org/typed-array-byte-length/-/typed-array-byte-length-1.0.3.tgz 0ms (cache hit)
626 http cache typed-array-byte-offset@https://registry.npmjs.org/typed-array-byte-offset/-/typed-array-byte-offset-1.0.4.tgz 0ms (cache hit)
627 http cache typed-array-buffer@https://registry.npmjs.org/typed-array-buffer/-/typed-array-buffer-1.0.3.tgz 0ms (cache hit)
628 http cache tslib@https://registry.npmjs.org/tslib/-/tslib-2.8.1.tgz 0ms (cache hit)
629 http cache type-check@https://registry.npmjs.org/type-check/-/type-check-0.4.0.tgz 0ms (cache hit)
630 http cache tsconfig-paths@https://registry.npmjs.org/tsconfig-paths/-/tsconfig-paths-3.15.0.tgz 0ms (cache hit)
631 http cache ts-api-utils@https://registry.npmjs.org/ts-api-utils/-/ts-api-utils-2.5.0.tgz 0ms (cache hit)
632 http cache ts-interface-checker@https://registry.npmjs.org/ts-interface-checker/-/ts-interface-checker-0.1.13.tgz 0ms (cache hit)
633 http cache tinyglobby@https://registry.npmjs.org/tinyglobby/-/tinyglobby-0.2.16.tgz 0ms (cache hit)
634 http cache to-regex-range@https://registry.npmjs.org/to-regex-range/-/to-regex-range-5.0.1.tgz 0ms (cache hit)
635 http cache thenify-all@https://registry.npmjs.org/thenify-all/-/thenify-all-1.6.0.tgz 0ms (cache hit)
636 http cache thenify@https://registry.npmjs.org/thenify/-/thenify-3.3.1.tgz 0ms (cache hit)
637 http cache tailwindcss@https://registry.npmjs.org/tailwindcss/-/tailwindcss-3.4.19.tgz 0ms (cache hit)
638 http cache supports-preserve-symlinks-flag@https://registry.npmjs.org/supports-preserve-symlinks-flag/-/supports-preserve-symlinks-flag-1.0.0.tgz 0ms (cache hit)
639 http cache tailwind-merge@https://registry.npmjs.org/tailwind-merge/-/tailwind-merge-2.6.1.tgz 0ms (cache hit)
640 http cache strip-json-comments@https://registry.npmjs.org/strip-json-comments/-/strip-json-comments-3.1.1.tgz 0ms (cache hit)
641 http cache supports-color@https://registry.npmjs.org/supports-color/-/supports-color-7.2.0.tgz 0ms (cache hit)
642 http cache strip-bom@https://registry.npmjs.org/strip-bom/-/strip-bom-3.0.0.tgz 0ms (cache hit)
643 http cache styled-jsx@https://registry.npmjs.org/styled-jsx/-/styled-jsx-5.1.6.tgz 0ms (cache hit)
644 http cache sucrase@https://registry.npmjs.org/sucrase/-/sucrase-3.35.1.tgz 0ms (cache hit)
645 http cache string.prototype.trimstart@https://registry.npmjs.org/string.prototype.trimstart/-/string.prototype.trimstart-1.0.8.tgz 0ms (cache hit)
646 http cache string.prototype.trimend@https://registry.npmjs.org/string.prototype.trimend/-/string.prototype.trimend-1.0.9.tgz 0ms (cache hit)
647 http cache string.prototype.trim@https://registry.npmjs.org/string.prototype.trim/-/string.prototype.trim-1.2.10.tgz 0ms (cache hit)
648 http cache string.prototype.repeat@https://registry.npmjs.org/string.prototype.repeat/-/string.prototype.repeat-1.0.0.tgz 0ms (cache hit)
649 http cache string.prototype.includes@https://registry.npmjs.org/string.prototype.includes/-/string.prototype.includes-2.0.1.tgz 0ms (cache hit)
650 http cache string.prototype.matchall@https://registry.npmjs.org/string.prototype.matchall/-/string.prototype.matchall-4.0.12.tgz 0ms (cache hit)
651 http cache stop-iteration-iterator@https://registry.npmjs.org/stop-iteration-iterator/-/stop-iteration-iterator-1.1.0.tgz 0ms (cache hit)
652 http cache stable-hash@https://registry.npmjs.org/stable-hash/-/stable-hash-0.0.5.tgz 0ms (cache hit)
653 http cache source-map-js@https://registry.npmjs.org/source-map-js/-/source-map-js-1.2.1.tgz 0ms (cache hit)
654 http cache side-channel-weakmap@https://registry.npmjs.org/side-channel-weakmap/-/side-channel-weakmap-1.0.2.tgz 0ms (cache hit)
655 http cache side-channel-map@https://registry.npmjs.org/side-channel-map/-/side-channel-map-1.0.1.tgz 0ms (cache hit)
656 http cache side-channel@https://registry.npmjs.org/side-channel/-/side-channel-1.1.0.tgz 0ms (cache hit)
657 http cache side-channel-list@https://registry.npmjs.org/side-channel-list/-/side-channel-list-1.0.1.tgz 0ms (cache hit)
658 http cache sharp@https://registry.npmjs.org/sharp/-/sharp-0.34.5.tgz 0ms (cache hit)
659 http cache shebang-regex@https://registry.npmjs.org/shebang-regex/-/shebang-regex-3.0.0.tgz 0ms (cache hit)
660 http cache set-proto@https://registry.npmjs.org/set-proto/-/set-proto-1.0.0.tgz 0ms (cache hit)
661 http cache set-function-name@https://registry.npmjs.org/set-function-name/-/set-function-name-2.0.2.tgz 0ms (cache hit)
662 http cache semver@https://registry.npmjs.org/semver/-/semver-7.8.0.tgz 0ms (cache hit)
663 http cache set-function-length@https://registry.npmjs.org/set-function-length/-/set-function-length-1.2.2.tgz 0ms (cache hit)
664 http cache scheduler@https://registry.npmjs.org/scheduler/-/scheduler-0.27.0.tgz 0ms (cache hit)
665 http cache safe-regex-test@https://registry.npmjs.org/safe-regex-test/-/safe-regex-test-1.1.0.tgz 0ms (cache hit)
666 http cache safe-array-concat@https://registry.npmjs.org/safe-array-concat/-/safe-array-concat-1.1.4.tgz 0ms (cache hit)
667 http cache shebang-command@https://registry.npmjs.org/shebang-command/-/shebang-command-2.0.0.tgz 0ms (cache hit)
668 http cache run-parallel@https://registry.npmjs.org/run-parallel/-/run-parallel-1.2.0.tgz 0ms (cache hit)
669 http cache resolve-pkg-maps@https://registry.npmjs.org/resolve-pkg-maps/-/resolve-pkg-maps-1.0.0.tgz 0ms (cache hit)
670 http cache resolve-from@https://registry.npmjs.org/resolve-from/-/resolve-from-4.0.0.tgz 0ms (cache hit)
671 http cache resolve@https://registry.npmjs.org/resolve/-/resolve-2.0.0-next.6.tgz 0ms (cache hit)
672 http cache regexp.prototype.flags@https://registry.npmjs.org/regexp.prototype.flags/-/regexp.prototype.flags-1.5.4.tgz 0ms (cache hit)
673 http cache reusify@https://registry.npmjs.org/reusify/-/reusify-1.1.0.tgz 0ms (cache hit)
674 http cache reflect.getprototypeof@https://registry.npmjs.org/reflect.getprototypeof/-/reflect.getprototypeof-1.0.10.tgz 0ms (cache hit)
675 http cache safe-push-apply@https://registry.npmjs.org/safe-push-apply/-/safe-push-apply-1.0.0.tgz 0ms (cache hit)
676 http cache read-cache@https://registry.npmjs.org/read-cache/-/read-cache-1.0.0.tgz 0ms (cache hit)
677 http cache readdirp@https://registry.npmjs.org/readdirp/-/readdirp-3.6.0.tgz 0ms (cache hit)
678 http cache react-is@https://registry.npmjs.org/react-is/-/react-is-16.13.1.tgz 0ms (cache hit)
679 http cache react@https://registry.npmjs.org/react/-/react-19.2.1.tgz 0ms (cache hit)
680 http cache react-dom@https://registry.npmjs.org/react-dom/-/react-dom-19.2.1.tgz 0ms (cache hit)
681 http cache queue-microtask@https://registry.npmjs.org/queue-microtask/-/queue-microtask-1.2.3.tgz 0ms (cache hit)
682 http cache punycode@https://registry.npmjs.org/punycode/-/punycode-2.3.1.tgz 0ms (cache hit)
683 http cache prop-types@https://registry.npmjs.org/prop-types/-/prop-types-15.8.1.tgz 1ms (cache hit)
684 http cache prelude-ls@https://registry.npmjs.org/prelude-ls/-/prelude-ls-1.2.1.tgz 0ms (cache hit)
685 http cache postcss-selector-parser@https://registry.npmjs.org/postcss-selector-parser/-/postcss-selector-parser-6.1.2.tgz 0ms (cache hit)
686 http cache postcss-value-parser@https://registry.npmjs.org/postcss-value-parser/-/postcss-value-parser-4.2.0.tgz 0ms (cache hit)
687 http cache postcss-nested@https://registry.npmjs.org/postcss-nested/-/postcss-nested-6.2.0.tgz 0ms (cache hit)
688 http cache postcss-js@https://registry.npmjs.org/postcss-js/-/postcss-js-4.1.0.tgz 0ms (cache hit)
689 http cache postcss-load-config@https://registry.npmjs.org/postcss-load-config/-/postcss-load-config-6.0.1.tgz 0ms (cache hit)
690 http cache postcss-import@https://registry.npmjs.org/postcss-import/-/postcss-import-15.1.0.tgz 0ms (cache hit)
691 http cache postcss@https://registry.npmjs.org/postcss/-/postcss-8.5.14.tgz 0ms (cache hit)
692 http cache possible-typed-array-names@https://registry.npmjs.org/possible-typed-array-names/-/possible-typed-array-names-1.1.0.tgz 0ms (cache hit)
693 http cache pify@https://registry.npmjs.org/pify/-/pify-2.3.0.tgz 0ms (cache hit)
694 http cache pirates@https://registry.npmjs.org/pirates/-/pirates-4.0.7.tgz 0ms (cache hit)
695 http cache picomatch@https://registry.npmjs.org/picomatch/-/picomatch-2.3.2.tgz 0ms (cache hit)
696 http cache picocolors@https://registry.npmjs.org/picocolors/-/picocolors-1.1.1.tgz 0ms (cache hit)
697 http cache path-parse@https://registry.npmjs.org/path-parse/-/path-parse-1.0.7.tgz 0ms (cache hit)
698 http cache path-key@https://registry.npmjs.org/path-key/-/path-key-3.1.1.tgz 0ms (cache hit)
699 http cache parent-module@https://registry.npmjs.org/parent-module/-/parent-module-1.0.1.tgz 0ms (cache hit)
700 http cache path-exists@https://registry.npmjs.org/path-exists/-/path-exists-4.0.0.tgz 0ms (cache hit)
701 http cache p-locate@https://registry.npmjs.org/p-locate/-/p-locate-5.0.0.tgz 0ms (cache hit)
702 http cache p-limit@https://registry.npmjs.org/p-limit/-/p-limit-3.1.0.tgz 0ms (cache hit)
703 http cache optionator@https://registry.npmjs.org/optionator/-/optionator-0.9.4.tgz 0ms (cache hit)
704 http cache object.values@https://registry.npmjs.org/object.values/-/object.values-1.2.1.tgz 0ms (cache hit)
705 http cache own-keys@https://registry.npmjs.org/own-keys/-/own-keys-1.0.1.tgz 0ms (cache hit)
706 http cache object.fromentries@https://registry.npmjs.org/object.fromentries/-/object.fromentries-2.0.8.tgz 0ms (cache hit)
707 http cache object.groupby@https://registry.npmjs.org/object.groupby/-/object.groupby-1.0.3.tgz 0ms (cache hit)
708 http cache object.entries@https://registry.npmjs.org/object.entries/-/object.entries-1.1.9.tgz 0ms (cache hit)
709 http cache object.assign@https://registry.npmjs.org/object.assign/-/object.assign-4.1.7.tgz 0ms (cache hit)
710 http cache object-keys@https://registry.npmjs.org/object-keys/-/object-keys-1.1.1.tgz 0ms (cache hit)
711 http cache object-inspect@https://registry.npmjs.org/object-inspect/-/object-inspect-1.13.4.tgz 0ms (cache hit)
712 http cache object-hash@https://registry.npmjs.org/object-hash/-/object-hash-3.0.0.tgz 0ms (cache hit)
713 http cache object-assign@https://registry.npmjs.org/object-assign/-/object-assign-4.1.1.tgz 0ms (cache hit)
714 http cache normalize-path@https://registry.npmjs.org/normalize-path/-/normalize-path-3.0.0.tgz 0ms (cache hit)
715 http cache node-releases@https://registry.npmjs.org/node-releases/-/node-releases-2.0.38.tgz 0ms (cache hit)
716 http cache napi-postinstall@https://registry.npmjs.org/napi-postinstall/-/napi-postinstall-0.3.4.tgz 0ms (cache hit)
717 http cache node-exports-info@https://registry.npmjs.org/node-exports-info/-/node-exports-info-1.6.0.tgz 0ms (cache hit)
718 http cache nanoid@https://registry.npmjs.org/nanoid/-/nanoid-3.3.12.tgz 0ms (cache hit)
719 http cache natural-compare@https://registry.npmjs.org/natural-compare/-/natural-compare-1.4.0.tgz 0ms (cache hit)
720 http cache next@https://registry.npmjs.org/next/-/next-16.2.6.tgz 0ms (cache hit)
721 http cache mz@https://registry.npmjs.org/mz/-/mz-2.7.0.tgz 0ms (cache hit)
722 http cache ms@https://registry.npmjs.org/ms/-/ms-2.1.3.tgz 0ms (cache hit)
723 http cache minimist@https://registry.npmjs.org/minimist/-/minimist-1.2.8.tgz 0ms (cache hit)
724 http cache minimatch@https://registry.npmjs.org/minimatch/-/minimatch-3.1.5.tgz 0ms (cache hit)
725 http cache merge2@https://registry.npmjs.org/merge2/-/merge2-1.4.1.tgz 0ms (cache hit)
726 http cache micromatch@https://registry.npmjs.org/micromatch/-/micromatch-4.0.8.tgz 0ms (cache hit)
727 http cache math-intrinsics@https://registry.npmjs.org/math-intrinsics/-/math-intrinsics-1.1.0.tgz 0ms (cache hit)
728 http cache lucide-react@https://registry.npmjs.org/lucide-react/-/lucide-react-0.468.0.tgz 0ms (cache hit)
729 http cache lru-cache@https://registry.npmjs.org/lru-cache/-/lru-cache-5.1.1.tgz 0ms (cache hit)
730 http cache loose-envify@https://registry.npmjs.org/loose-envify/-/loose-envify-1.4.0.tgz 0ms (cache hit)
731 http cache locate-path@https://registry.npmjs.org/locate-path/-/locate-path-6.0.0.tgz 0ms (cache hit)
732 http cache lodash.merge@https://registry.npmjs.org/lodash.merge/-/lodash.merge-4.6.2.tgz 0ms (cache hit)
733 http cache lines-and-columns@https://registry.npmjs.org/lines-and-columns/-/lines-and-columns-1.2.4.tgz 0ms (cache hit)
734 http cache lilconfig@https://registry.npmjs.org/lilconfig/-/lilconfig-3.1.3.tgz 0ms (cache hit)
735 http cache levn@https://registry.npmjs.org/levn/-/levn-0.4.1.tgz 0ms (cache hit)
736 http cache language-tags@https://registry.npmjs.org/language-tags/-/language-tags-1.0.9.tgz 0ms (cache hit)
737 http cache language-subtag-registry@https://registry.npmjs.org/language-subtag-registry/-/language-subtag-registry-0.3.23.tgz 1ms (cache hit)
738 http cache keyv@https://registry.npmjs.org/keyv/-/keyv-4.5.4.tgz 0ms (cache hit)
739 http cache jsx-ast-utils@https://registry.npmjs.org/jsx-ast-utils/-/jsx-ast-utils-3.3.5.tgz 0ms (cache hit)
740 http cache json-schema-traverse@https://registry.npmjs.org/json-schema-traverse/-/json-schema-traverse-0.4.1.tgz 0ms (cache hit)
741 http cache json-stable-stringify-without-jsonify@https://registry.npmjs.org/json-stable-stringify-without-jsonify/-/json-stable-stringify-without-jsonify-1.0.1.tgz 0ms (cache hit)
742 http cache json-buffer@https://registry.npmjs.org/json-buffer/-/json-buffer-3.0.1.tgz 0ms (cache hit)
743 http cache jsesc@https://registry.npmjs.org/jsesc/-/jsesc-3.1.0.tgz 0ms (cache hit)
744 http cache json5@https://registry.npmjs.org/json5/-/json5-1.0.2.tgz 0ms (cache hit)
745 http cache js-tokens@https://registry.npmjs.org/js-tokens/-/js-tokens-4.0.0.tgz 1ms (cache hit)
746 http cache iterator.prototype@https://registry.npmjs.org/iterator.prototype/-/iterator.prototype-1.1.5.tgz 0ms (cache hit)
747 http cache js-yaml@https://registry.npmjs.org/js-yaml/-/js-yaml-4.1.1.tgz 0ms (cache hit)
748 http cache jiti@https://registry.npmjs.org/jiti/-/jiti-1.21.7.tgz 0ms (cache hit)
749 http cache isexe@https://registry.npmjs.org/isexe/-/isexe-2.0.0.tgz 0ms (cache hit)
750 http cache isarray@https://registry.npmjs.org/isarray/-/isarray-2.0.5.tgz 0ms (cache hit)
751 http cache is-weakset@https://registry.npmjs.org/is-weakset/-/is-weakset-2.0.4.tgz 0ms (cache hit)
752 http cache is-weakref@https://registry.npmjs.org/is-weakref/-/is-weakref-1.1.1.tgz 0ms (cache hit)
753 http cache is-weakmap@https://registry.npmjs.org/is-weakmap/-/is-weakmap-2.0.2.tgz 0ms (cache hit)
754 http cache is-typed-array@https://registry.npmjs.org/is-typed-array/-/is-typed-array-1.1.15.tgz 0ms (cache hit)
755 http cache is-symbol@https://registry.npmjs.org/is-symbol/-/is-symbol-1.1.1.tgz 0ms (cache hit)
756 http cache is-string@https://registry.npmjs.org/is-string/-/is-string-1.1.1.tgz 0ms (cache hit)
757 http cache is-shared-array-buffer@https://registry.npmjs.org/is-shared-array-buffer/-/is-shared-array-buffer-1.0.4.tgz 0ms (cache hit)
758 http cache is-set@https://registry.npmjs.org/is-set/-/is-set-2.0.3.tgz 0ms (cache hit)
759 http cache is-regex@https://registry.npmjs.org/is-regex/-/is-regex-1.2.1.tgz 0ms (cache hit)
760 http cache is-number-object@https://registry.npmjs.org/is-number-object/-/is-number-object-1.1.1.tgz 0ms (cache hit)
761 http cache is-negative-zero@https://registry.npmjs.org/is-negative-zero/-/is-negative-zero-2.0.3.tgz 0ms (cache hit)
762 http cache is-number@https://registry.npmjs.org/is-number/-/is-number-7.0.0.tgz 0ms (cache hit)
763 http cache is-glob@https://registry.npmjs.org/is-glob/-/is-glob-4.0.3.tgz 0ms (cache hit)
764 http cache is-map@https://registry.npmjs.org/is-map/-/is-map-2.0.3.tgz 0ms (cache hit)
765 http cache is-generator-function@https://registry.npmjs.org/is-generator-function/-/is-generator-function-1.1.2.tgz 0ms (cache hit)
766 http cache is-finalizationregistry@https://registry.npmjs.org/is-finalizationregistry/-/is-finalizationregistry-1.1.1.tgz 0ms (cache hit)
767 http cache is-extglob@https://registry.npmjs.org/is-extglob/-/is-extglob-2.1.1.tgz 0ms (cache hit)
768 http cache is-date-object@https://registry.npmjs.org/is-date-object/-/is-date-object-1.1.0.tgz 0ms (cache hit)
769 http cache is-data-view@https://registry.npmjs.org/is-data-view/-/is-data-view-1.0.2.tgz 0ms (cache hit)
770 http cache is-core-module@https://registry.npmjs.org/is-core-module/-/is-core-module-2.16.2.tgz 0ms (cache hit)
771 http cache is-callable@https://registry.npmjs.org/is-callable/-/is-callable-1.2.7.tgz 0ms (cache hit)
772 http cache is-bun-module@https://registry.npmjs.org/is-bun-module/-/is-bun-module-2.0.0.tgz 0ms (cache hit)
773 http cache is-binary-path@https://registry.npmjs.org/is-binary-path/-/is-binary-path-2.1.0.tgz 0ms (cache hit)
774 http cache is-boolean-object@https://registry.npmjs.org/is-boolean-object/-/is-boolean-object-1.2.2.tgz 0ms (cache hit)
775 http cache is-bigint@https://registry.npmjs.org/is-bigint/-/is-bigint-1.1.0.tgz 0ms (cache hit)
776 http cache is-async-function@https://registry.npmjs.org/is-async-function/-/is-async-function-2.1.1.tgz 0ms (cache hit)
777 http cache is-array-buffer@https://registry.npmjs.org/is-array-buffer/-/is-array-buffer-3.0.5.tgz 0ms (cache hit)
778 http cache internal-slot@https://registry.npmjs.org/internal-slot/-/internal-slot-1.1.0.tgz 0ms (cache hit)
779 http cache imurmurhash@https://registry.npmjs.org/imurmurhash/-/imurmurhash-0.1.4.tgz 0ms (cache hit)
780 http cache ignore@https://registry.npmjs.org/ignore/-/ignore-5.3.2.tgz 0ms (cache hit)
781 http cache hermes-parser@https://registry.npmjs.org/hermes-parser/-/hermes-parser-0.25.1.tgz 0ms (cache hit)
782 http cache import-fresh@https://registry.npmjs.org/import-fresh/-/import-fresh-3.3.1.tgz 0ms (cache hit)
783 http cache hermes-estree@https://registry.npmjs.org/hermes-estree/-/hermes-estree-0.25.1.tgz 0ms (cache hit)
784 http cache hasown@https://registry.npmjs.org/hasown/-/hasown-2.0.3.tgz 0ms (cache hit)
785 http cache has-tostringtag@https://registry.npmjs.org/has-tostringtag/-/has-tostringtag-1.0.2.tgz 0ms (cache hit)
786 http cache has-symbols@https://registry.npmjs.org/has-symbols/-/has-symbols-1.1.0.tgz 0ms (cache hit)
787 http cache has-property-descriptors@https://registry.npmjs.org/has-property-descriptors/-/has-property-descriptors-1.0.2.tgz 0ms (cache hit)
788 http cache has-proto@https://registry.npmjs.org/has-proto/-/has-proto-1.2.0.tgz 0ms (cache hit)
789 http cache has-bigints@https://registry.npmjs.org/has-bigints/-/has-bigints-1.1.0.tgz 0ms (cache hit)
790 http cache has-flag@https://registry.npmjs.org/has-flag/-/has-flag-4.0.0.tgz 0ms (cache hit)
791 http cache globalthis@https://registry.npmjs.org/globalthis/-/globalthis-1.0.4.tgz 0ms (cache hit)
792 http cache globals@https://registry.npmjs.org/globals/-/globals-14.0.0.tgz 0ms (cache hit)
793 http cache get-tsconfig@https://registry.npmjs.org/get-tsconfig/-/get-tsconfig-4.14.0.tgz 0ms (cache hit)
794 http cache glob-parent@https://registry.npmjs.org/glob-parent/-/glob-parent-6.0.2.tgz 0ms (cache hit)
795 http cache gopd@https://registry.npmjs.org/gopd/-/gopd-1.2.0.tgz 0ms (cache hit)
796 http cache get-symbol-description@https://registry.npmjs.org/get-symbol-description/-/get-symbol-description-1.1.0.tgz 0ms (cache hit)
797 http cache get-proto@https://registry.npmjs.org/get-proto/-/get-proto-1.0.1.tgz 0ms (cache hit)
798 http cache get-intrinsic@https://registry.npmjs.org/get-intrinsic/-/get-intrinsic-1.3.0.tgz 0ms (cache hit)
799 http cache gensync@https://registry.npmjs.org/gensync/-/gensync-1.0.0-beta.2.tgz 0ms (cache hit)
800 http cache generator-function@https://registry.npmjs.org/generator-function/-/generator-function-2.0.1.tgz 0ms (cache hit)
801 http cache functions-have-names@https://registry.npmjs.org/functions-have-names/-/functions-have-names-1.2.3.tgz 1ms (cache hit)
802 http cache function.prototype.name@https://registry.npmjs.org/function.prototype.name/-/function.prototype.name-1.1.8.tgz 0ms (cache hit)
803 http cache function-bind@https://registry.npmjs.org/function-bind/-/function-bind-1.1.2.tgz 0ms (cache hit)
804 http cache for-each@https://registry.npmjs.org/for-each/-/for-each-0.3.5.tgz 0ms (cache hit)
805 http cache fraction.js@https://registry.npmjs.org/fraction.js/-/fraction.js-5.3.4.tgz 0ms (cache hit)
806 http cache flatted@https://registry.npmjs.org/flatted/-/flatted-3.4.2.tgz 0ms (cache hit)
807 http cache flat-cache@https://registry.npmjs.org/flat-cache/-/flat-cache-4.0.1.tgz 0ms (cache hit)
808 http cache find-up@https://registry.npmjs.org/find-up/-/find-up-5.0.0.tgz 0ms (cache hit)
809 http cache fill-range@https://registry.npmjs.org/fill-range/-/fill-range-7.1.1.tgz 0ms (cache hit)
810 http cache file-entry-cache@https://registry.npmjs.org/file-entry-cache/-/file-entry-cache-8.0.0.tgz 0ms (cache hit)
811 http cache fast-levenshtein@https://registry.npmjs.org/fast-levenshtein/-/fast-levenshtein-2.0.6.tgz 0ms (cache hit)
812 http cache fastq@https://registry.npmjs.org/fastq/-/fastq-1.20.1.tgz 0ms (cache hit)
813 http cache fast-json-stable-stringify@https://registry.npmjs.org/fast-json-stable-stringify/-/fast-json-stable-stringify-2.1.0.tgz 0ms (cache hit)
814 http cache fast-glob@https://registry.npmjs.org/fast-glob/-/fast-glob-3.3.3.tgz 0ms (cache hit)
815 http cache fast-deep-equal@https://registry.npmjs.org/fast-deep-equal/-/fast-deep-equal-3.1.3.tgz 0ms (cache hit)
816 http cache esutils@https://registry.npmjs.org/esutils/-/esutils-2.0.3.tgz 0ms (cache hit)
817 http cache estraverse@https://registry.npmjs.org/estraverse/-/estraverse-5.3.0.tgz 0ms (cache hit)
818 http cache esrecurse@https://registry.npmjs.org/esrecurse/-/esrecurse-4.3.0.tgz 0ms (cache hit)
819 http cache esquery@https://registry.npmjs.org/esquery/-/esquery-1.7.0.tgz 0ms (cache hit)
820 http cache eslint-visitor-keys@https://registry.npmjs.org/eslint-visitor-keys/-/eslint-visitor-keys-3.4.3.tgz 0ms (cache hit)
821 http cache eslint-scope@https://registry.npmjs.org/eslint-scope/-/eslint-scope-8.4.0.tgz 0ms (cache hit)
822 http cache eslint-plugin-jsx-a11y@https://registry.npmjs.org/eslint-plugin-jsx-a11y/-/eslint-plugin-jsx-a11y-6.10.2.tgz 0ms (cache hit)
823 http cache espree@https://registry.npmjs.org/espree/-/espree-10.4.0.tgz 0ms (cache hit)
824 http cache eslint-plugin-import@https://registry.npmjs.org/eslint-plugin-import/-/eslint-plugin-import-2.32.0.tgz 0ms (cache hit)
825 http cache eslint-plugin-react-hooks@https://registry.npmjs.org/eslint-plugin-react-hooks/-/eslint-plugin-react-hooks-7.1.1.tgz 0ms (cache hit)
826 http cache eslint-module-utils@https://registry.npmjs.org/eslint-module-utils/-/eslint-module-utils-2.12.1.tgz 0ms (cache hit)
827 http cache eslint-import-resolver-typescript@https://registry.npmjs.org/eslint-import-resolver-typescript/-/eslint-import-resolver-typescript-3.10.1.tgz 0ms (cache hit)
828 http cache eslint-import-resolver-node@https://registry.npmjs.org/eslint-import-resolver-node/-/eslint-import-resolver-node-0.3.10.tgz 0ms (cache hit)
829 http cache eslint-config-next@https://registry.npmjs.org/eslint-config-next/-/eslint-config-next-16.2.6.tgz 0ms (cache hit)
830 http cache eslint@https://registry.npmjs.org/eslint/-/eslint-9.39.4.tgz 0ms (cache hit)
831 http cache escape-string-regexp@https://registry.npmjs.org/escape-string-regexp/-/escape-string-regexp-4.0.0.tgz 0ms (cache hit)
832 http cache escalade@https://registry.npmjs.org/escalade/-/escalade-3.2.0.tgz 0ms (cache hit)
833 http cache es-shim-unscopables@https://registry.npmjs.org/es-shim-unscopables/-/es-shim-unscopables-1.1.0.tgz 0ms (cache hit)
834 http cache es-to-primitive@https://registry.npmjs.org/es-to-primitive/-/es-to-primitive-1.3.0.tgz 0ms (cache hit)
835 http cache es-set-tostringtag@https://registry.npmjs.org/es-set-tostringtag/-/es-set-tostringtag-2.1.0.tgz 0ms (cache hit)
836 http cache es-object-atoms@https://registry.npmjs.org/es-object-atoms/-/es-object-atoms-1.1.1.tgz 0ms (cache hit)
837 http cache es-iterator-helpers@https://registry.npmjs.org/es-iterator-helpers/-/es-iterator-helpers-1.3.2.tgz 0ms (cache hit)
838 http cache es-abstract@https://registry.npmjs.org/es-abstract/-/es-abstract-1.24.2.tgz 0ms (cache hit)
839 http cache es-errors@https://registry.npmjs.org/es-errors/-/es-errors-1.3.0.tgz 0ms (cache hit)
840 http cache emoji-regex@https://registry.npmjs.org/emoji-regex/-/emoji-regex-9.2.2.tgz 0ms (cache hit)
841 http cache electron-to-chromium@https://registry.npmjs.org/electron-to-chromium/-/electron-to-chromium-1.5.353.tgz 0ms (cache hit)
842 http cache dunder-proto@https://registry.npmjs.org/dunder-proto/-/dunder-proto-1.0.1.tgz 0ms (cache hit)
843 http cache doctrine@https://registry.npmjs.org/doctrine/-/doctrine-2.1.0.tgz 0ms (cache hit)
844 http cache es-define-property@https://registry.npmjs.org/es-define-property/-/es-define-property-1.0.1.tgz 0ms (cache hit)
845 http cache detect-libc@https://registry.npmjs.org/detect-libc/-/detect-libc-2.1.2.tgz 0ms (cache hit)
846 http cache dlv@https://registry.npmjs.org/dlv/-/dlv-1.1.3.tgz 0ms (cache hit)
847 http cache didyoumean@https://registry.npmjs.org/didyoumean/-/didyoumean-1.2.2.tgz 0ms (cache hit)
848 http cache define-properties@https://registry.npmjs.org/define-properties/-/define-properties-1.2.1.tgz 0ms (cache hit)
849 http cache define-data-property@https://registry.npmjs.org/define-data-property/-/define-data-property-1.1.4.tgz 0ms (cache hit)
850 http cache deep-is@https://registry.npmjs.org/deep-is/-/deep-is-0.1.4.tgz 0ms (cache hit)
851 http cache data-view-byte-offset@https://registry.npmjs.org/data-view-byte-offset/-/data-view-byte-offset-1.0.1.tgz 0ms (cache hit)
852 http cache debug@https://registry.npmjs.org/debug/-/debug-4.4.3.tgz 0ms (cache hit)
853 http cache data-view-byte-length@https://registry.npmjs.org/data-view-byte-length/-/data-view-byte-length-1.0.2.tgz 0ms (cache hit)
854 http cache data-view-buffer@https://registry.npmjs.org/data-view-buffer/-/data-view-buffer-1.0.2.tgz 0ms (cache hit)
855 http cache csstype@https://registry.npmjs.org/csstype/-/csstype-3.2.3.tgz 0ms (cache hit)
856 http cache damerau-levenshtein@https://registry.npmjs.org/damerau-levenshtein/-/damerau-levenshtein-1.0.8.tgz 0ms (cache hit)
857 http cache cssesc@https://registry.npmjs.org/cssesc/-/cssesc-3.0.0.tgz 0ms (cache hit)
858 http cache cross-spawn@https://registry.npmjs.org/cross-spawn/-/cross-spawn-7.0.6.tgz 0ms (cache hit)
859 http cache convert-source-map@https://registry.npmjs.org/convert-source-map/-/convert-source-map-2.0.0.tgz 0ms (cache hit)
860 http cache concat-map@https://registry.npmjs.org/concat-map/-/concat-map-0.0.1.tgz 0ms (cache hit)
861 http cache color-name@https://registry.npmjs.org/color-name/-/color-name-1.1.4.tgz 0ms (cache hit)
862 http cache clsx@https://registry.npmjs.org/clsx/-/clsx-2.1.1.tgz 0ms (cache hit)
863 http cache color-convert@https://registry.npmjs.org/color-convert/-/color-convert-2.0.1.tgz 0ms (cache hit)
864 http cache client-only@https://registry.npmjs.org/client-only/-/client-only-0.0.1.tgz 0ms (cache hit)
865 http cache caniuse-lite@https://registry.npmjs.org/caniuse-lite/-/caniuse-lite-1.0.30001792.tgz 0ms (cache hit)
866 http cache chokidar@https://registry.npmjs.org/chokidar/-/chokidar-3.6.0.tgz 0ms (cache hit)
867 http cache commander@https://registry.npmjs.org/commander/-/commander-4.1.1.tgz 0ms (cache hit)
868 http cache chalk@https://registry.npmjs.org/chalk/-/chalk-4.1.2.tgz 0ms (cache hit)
869 http cache camelcase-css@https://registry.npmjs.org/camelcase-css/-/camelcase-css-2.0.1.tgz 0ms (cache hit)
870 http cache callsites@https://registry.npmjs.org/callsites/-/callsites-3.1.0.tgz 0ms (cache hit)
871 http cache call-bind-apply-helpers@https://registry.npmjs.org/call-bind-apply-helpers/-/call-bind-apply-helpers-1.0.2.tgz 0ms (cache hit)
872 http cache call-bind@https://registry.npmjs.org/call-bind/-/call-bind-1.0.9.tgz 0ms (cache hit)
873 http cache browserslist@https://registry.npmjs.org/browserslist/-/browserslist-4.28.2.tgz 0ms (cache hit)
874 http cache binary-extensions@https://registry.npmjs.org/binary-extensions/-/binary-extensions-2.3.0.tgz 0ms (cache hit)
875 http cache braces@https://registry.npmjs.org/braces/-/braces-3.0.3.tgz 0ms (cache hit)
876 http cache call-bound@https://registry.npmjs.org/call-bound/-/call-bound-1.0.4.tgz 0ms (cache hit)
877 http cache brace-expansion@https://registry.npmjs.org/brace-expansion/-/brace-expansion-1.1.14.tgz 0ms (cache hit)
878 http cache axe-core@https://registry.npmjs.org/axe-core/-/axe-core-4.11.4.tgz 0ms (cache hit)
879 http cache baseline-browser-mapping@https://registry.npmjs.org/baseline-browser-mapping/-/baseline-browser-mapping-2.10.29.tgz 0ms (cache hit)
880 http cache balanced-match@https://registry.npmjs.org/balanced-match/-/balanced-match-1.0.2.tgz 0ms (cache hit)
881 http cache autoprefixer@https://registry.npmjs.org/autoprefixer/-/autoprefixer-10.5.0.tgz 0ms (cache hit)
882 http cache ast-types-flow@https://registry.npmjs.org/ast-types-flow/-/ast-types-flow-0.0.8.tgz 0ms (cache hit)
883 http cache async-function@https://registry.npmjs.org/async-function/-/async-function-1.0.0.tgz 0ms (cache hit)
884 http cache arraybuffer.prototype.slice@https://registry.npmjs.org/arraybuffer.prototype.slice/-/arraybuffer.prototype.slice-1.0.4.tgz 0ms (cache hit)
885 http cache axobject-query@https://registry.npmjs.org/axobject-query/-/axobject-query-4.1.0.tgz 0ms (cache hit)
886 http cache array.prototype.flatmap@https://registry.npmjs.org/array.prototype.flatmap/-/array.prototype.flatmap-1.3.3.tgz 0ms (cache hit)
887 http cache array.prototype.findlastindex@https://registry.npmjs.org/array.prototype.findlastindex/-/array.prototype.findlastindex-1.2.6.tgz 0ms (cache hit)
888 http cache array.prototype.flat@https://registry.npmjs.org/array.prototype.flat/-/array.prototype.flat-1.3.3.tgz 0ms (cache hit)
889 http cache array-includes@https://registry.npmjs.org/array-includes/-/array-includes-3.1.9.tgz 0ms (cache hit)
890 http cache available-typed-arrays@https://registry.npmjs.org/available-typed-arrays/-/available-typed-arrays-1.0.7.tgz 0ms (cache hit)
891 http cache array.prototype.findlast@https://registry.npmjs.org/array.prototype.findlast/-/array.prototype.findlast-1.2.5.tgz 0ms (cache hit)
892 http cache array-buffer-byte-length@https://registry.npmjs.org/array-buffer-byte-length/-/array-buffer-byte-length-1.0.2.tgz 0ms (cache hit)
893 http cache array.prototype.tosorted@https://registry.npmjs.org/array.prototype.tosorted/-/array.prototype.tosorted-1.1.4.tgz 0ms (cache hit)
894 http cache argparse@https://registry.npmjs.org/argparse/-/argparse-2.0.1.tgz 0ms (cache hit)
895 http cache arg@https://registry.npmjs.org/arg/-/arg-5.0.2.tgz 0ms (cache hit)
896 http cache aria-query@https://registry.npmjs.org/aria-query/-/aria-query-5.3.2.tgz 0ms (cache hit)
897 http cache ajv@https://registry.npmjs.org/ajv/-/ajv-6.15.0.tgz 0ms (cache hit)
898 http cache anymatch@https://registry.npmjs.org/anymatch/-/anymatch-3.1.3.tgz 0ms (cache hit)
899 http cache any-promise@https://registry.npmjs.org/any-promise/-/any-promise-1.3.0.tgz 0ms (cache hit)
900 http cache ansi-styles@https://registry.npmjs.org/ansi-styles/-/ansi-styles-4.3.0.tgz 0ms (cache hit)
901 http cache acorn-jsx@https://registry.npmjs.org/acorn-jsx/-/acorn-jsx-5.3.2.tgz 0ms (cache hit)
902 http cache acorn@https://registry.npmjs.org/acorn/-/acorn-8.16.0.tgz 0ms (cache hit)
903 http cache eslint-visitor-keys@https://registry.npmjs.org/eslint-visitor-keys/-/eslint-visitor-keys-5.0.1.tgz 0ms (cache hit)
904 http cache minimatch@https://registry.npmjs.org/minimatch/-/minimatch-10.2.5.tgz 0ms (cache hit)
905 http cache ignore@https://registry.npmjs.org/ignore/-/ignore-7.0.5.tgz 0ms (cache hit)
906 http cache brace-expansion@https://registry.npmjs.org/brace-expansion/-/brace-expansion-5.0.6.tgz 0ms (cache hit)
907 http cache balanced-match@https://registry.npmjs.org/balanced-match/-/balanced-match-4.0.4.tgz 0ms (cache hit)
908 http cache glob-parent@https://registry.npmjs.org/glob-parent/-/glob-parent-5.1.2.tgz 0ms (cache hit)
909 http cache fast-glob@https://registry.npmjs.org/fast-glob/-/fast-glob-3.3.1.tgz 0ms (cache hit)
910 http cache semver@https://registry.npmjs.org/semver/-/semver-6.3.1.tgz 0ms (cache hit)
911 http cache semver@https://registry.npmjs.org/semver/-/semver-6.3.1.tgz 0ms (cache hit)
912 http cache json5@https://registry.npmjs.org/json5/-/json5-2.2.3.tgz 0ms (cache hit)
913 http cache resolve@https://registry.npmjs.org/resolve/-/resolve-1.22.12.tgz 0ms (cache hit)
914 http cache picomatch@https://registry.npmjs.org/picomatch/-/picomatch-4.0.4.tgz 0ms (cache hit)
915 http cache fdir@https://registry.npmjs.org/fdir/-/fdir-6.5.0.tgz 0ms (cache hit)
916 http cache resolve@https://registry.npmjs.org/resolve/-/resolve-1.22.12.tgz 0ms (cache hit)
917 http cache semver@https://registry.npmjs.org/semver/-/semver-6.3.1.tgz 0ms (cache hit)
918 http cache glob-parent@https://registry.npmjs.org/glob-parent/-/glob-parent-5.1.2.tgz 0ms (cache hit)
919 http cache postcss@https://registry.npmjs.org/postcss/-/postcss-8.4.31.tgz 0ms (cache hit)
920 http cache eslint-visitor-keys@https://registry.npmjs.org/eslint-visitor-keys/-/eslint-visitor-keys-4.2.1.tgz 0ms (cache hit)
921 http cache semver@https://registry.npmjs.org/semver/-/semver-6.3.1.tgz 0ms (cache hit)
922 http cache debug@https://registry.npmjs.org/debug/-/debug-3.2.7.tgz 0ms (cache hit)
923 http cache debug@https://registry.npmjs.org/debug/-/debug-3.2.7.tgz 0ms (cache hit)
924 http cache debug@https://registry.npmjs.org/debug/-/debug-3.2.7.tgz 0ms (cache hit)
925 http cache eslint-visitor-keys@https://registry.npmjs.org/eslint-visitor-keys/-/eslint-visitor-keys-4.2.1.tgz 0ms (cache hit)
926 http cache glob-parent@https://registry.npmjs.org/glob-parent/-/glob-parent-5.1.2.tgz 0ms (cache hit)
927 http cache semver@https://registry.npmjs.org/semver/-/semver-6.3.1.tgz 0ms (cache hit)
928 silly tarball no local data for @unrs/resolver-binding-win32-x64-msvc@https://registry.npmjs.org/@unrs/resolver-binding-win32-x64-msvc/-/resolver-binding-win32-x64-msvc-1.11.1.tgz. Extracting by manifest.
929 silly tarball no local data for @typescript-eslint/visitor-keys@https://registry.npmjs.org/@typescript-eslint/visitor-keys/-/visitor-keys-8.59.2.tgz. Extracting by manifest.
930 silly tarball no local data for @typescript-eslint/utils@https://registry.npmjs.org/@typescript-eslint/utils/-/utils-8.59.2.tgz. Extracting by manifest.
931 silly tarball no local data for @typescript-eslint/typescript-estree@https://registry.npmjs.org/@typescript-eslint/typescript-estree/-/typescript-estree-8.59.2.tgz. Extracting by manifest.
932 silly tarball no local data for @typescript-eslint/type-utils@https://registry.npmjs.org/@typescript-eslint/type-utils/-/type-utils-8.59.2.tgz. Extracting by manifest.
933 silly tarball no local data for @typescript-eslint/types@https://registry.npmjs.org/@typescript-eslint/types/-/types-8.59.2.tgz. Extracting by manifest.
934 http cache globals@https://registry.npmjs.org/globals/-/globals-16.4.0.tgz 0ms (cache hit)
935 silly tarball no local data for @typescript-eslint/tsconfig-utils@https://registry.npmjs.org/@typescript-eslint/tsconfig-utils/-/tsconfig-utils-8.59.2.tgz. Extracting by manifest.
936 silly tarball no local data for @typescript-eslint/scope-manager@https://registry.npmjs.org/@typescript-eslint/scope-manager/-/scope-manager-8.59.2.tgz. Extracting by manifest.
937 silly tarball no local data for @typescript-eslint/parser@https://registry.npmjs.org/@typescript-eslint/parser/-/parser-8.59.2.tgz. Extracting by manifest.
938 http cache eslint-plugin-react@https://registry.npmjs.org/eslint-plugin-react/-/eslint-plugin-react-7.37.5.tgz 0ms (cache hit)
939 silly tarball no local data for @types/react-dom@https://registry.npmjs.org/@types/react-dom/-/react-dom-19.2.3.tgz. Extracting by manifest.
940 silly tarball no local data for @typescript-eslint/eslint-plugin@https://registry.npmjs.org/@typescript-eslint/eslint-plugin/-/eslint-plugin-8.59.2.tgz. Extracting by manifest.
941 silly tarball no local data for @types/json5@https://registry.npmjs.org/@types/json5/-/json5-0.0.29.tgz. Extracting by manifest.
942 silly tarball no local data for @types/node@https://registry.npmjs.org/@types/node/-/node-20.19.40.tgz. Extracting by manifest.
943 silly tarball no local data for @typescript-eslint/project-service@https://registry.npmjs.org/@typescript-eslint/project-service/-/project-service-8.59.2.tgz. Extracting by manifest.
944 silly tarball no local data for @types/estree@https://registry.npmjs.org/@types/estree/-/estree-1.0.9.tgz. Extracting by manifest.
945 silly tarball no local data for @types/json-schema@https://registry.npmjs.org/@types/json-schema/-/json-schema-7.0.15.tgz. Extracting by manifest.
946 silly tarball no local data for @rtsao/scc@https://registry.npmjs.org/@rtsao/scc/-/scc-1.1.0.tgz. Extracting by manifest.
947 silly tarball no local data for @tybys/wasm-util@https://registry.npmjs.org/@tybys/wasm-util/-/wasm-util-0.10.2.tgz. Extracting by manifest.
948 silly tarball no local data for @swc/helpers@https://registry.npmjs.org/@swc/helpers/-/helpers-0.5.15.tgz. Extracting by manifest.
949 silly tarball no local data for @types/react@https://registry.npmjs.org/@types/react/-/react-19.2.14.tgz. Extracting by manifest.
950 silly tarball no local data for @nolyfill/is-core-module@https://registry.npmjs.org/@nolyfill/is-core-module/-/is-core-module-1.0.39.tgz. Extracting by manifest.
951 silly tarball no local data for @nodelib/fs.walk@https://registry.npmjs.org/@nodelib/fs.walk/-/fs.walk-1.2.8.tgz. Extracting by manifest.
952 silly tarball no local data for @napi-rs/wasm-runtime@https://registry.npmjs.org/@napi-rs/wasm-runtime/-/wasm-runtime-0.2.12.tgz. Extracting by manifest.
953 silly tarball no local data for @nodelib/fs.stat@https://registry.npmjs.org/@nodelib/fs.stat/-/fs.stat-2.0.5.tgz. Extracting by manifest.
954 silly tarball no local data for @next/swc-win32-x64-msvc@https://registry.npmjs.org/@next/swc-win32-x64-msvc/-/swc-win32-x64-msvc-16.2.6.tgz. Extracting by manifest.
955 silly tarball no local data for @nodelib/fs.scandir@https://registry.npmjs.org/@nodelib/fs.scandir/-/fs.scandir-2.1.5.tgz. Extracting by manifest.
956 silly tarball no local data for @next/eslint-plugin-next@https://registry.npmjs.org/@next/eslint-plugin-next/-/eslint-plugin-next-16.2.6.tgz. Extracting by manifest.
957 silly tarball no local data for @jridgewell/sourcemap-codec@https://registry.npmjs.org/@jridgewell/sourcemap-codec/-/sourcemap-codec-1.5.5.tgz. Extracting by manifest.
958 silly tarball no local data for @next/env@https://registry.npmjs.org/@next/env/-/env-16.2.6.tgz. Extracting by manifest.
959 silly tarball no local data for @jridgewell/trace-mapping@https://registry.npmjs.org/@jridgewell/trace-mapping/-/trace-mapping-0.3.31.tgz. Extracting by manifest.
960 silly tarball no local data for @jridgewell/resolve-uri@https://registry.npmjs.org/@jridgewell/resolve-uri/-/resolve-uri-3.1.2.tgz. Extracting by manifest.
961 silly tarball no local data for @jridgewell/gen-mapping@https://registry.npmjs.org/@jridgewell/gen-mapping/-/gen-mapping-0.3.13.tgz. Extracting by manifest.
962 silly tarball no local data for @img/colour@https://registry.npmjs.org/@img/colour/-/colour-1.1.0.tgz. Extracting by manifest.
963 silly tarball no local data for @jridgewell/remapping@https://registry.npmjs.org/@jridgewell/remapping/-/remapping-2.3.5.tgz. Extracting by manifest.
964 silly tarball no local data for @humanfs/types@https://registry.npmjs.org/@humanfs/types/-/types-0.15.0.tgz. Extracting by manifest.
965 silly tarball no local data for @img/sharp-win32-x64@https://registry.npmjs.org/@img/sharp-win32-x64/-/sharp-win32-x64-0.34.5.tgz. Extracting by manifest.
966 silly tarball no local data for @humanwhocodes/retry@https://registry.npmjs.org/@humanwhocodes/retry/-/retry-0.4.3.tgz. Extracting by manifest.
967 silly tarball no local data for @humanwhocodes/module-importer@https://registry.npmjs.org/@humanwhocodes/module-importer/-/module-importer-1.0.1.tgz. Extracting by manifest.
968 silly tarball no local data for @humanfs/core@https://registry.npmjs.org/@humanfs/core/-/core-0.19.2.tgz. Extracting by manifest.
969 silly tarball no local data for @humanfs/node@https://registry.npmjs.org/@humanfs/node/-/node-0.16.8.tgz. Extracting by manifest.
970 silly tarball no local data for @eslint-community/eslint-utils@https://registry.npmjs.org/@eslint-community/eslint-utils/-/eslint-utils-4.9.1.tgz. Extracting by manifest.
971 silly tarball no local data for @eslint/object-schema@https://registry.npmjs.org/@eslint/object-schema/-/object-schema-2.1.7.tgz. Extracting by manifest.
972 silly tarball no local data for @eslint/plugin-kit@https://registry.npmjs.org/@eslint/plugin-kit/-/plugin-kit-0.4.1.tgz. Extracting by manifest.
973 silly tarball no local data for @eslint-community/regexpp@https://registry.npmjs.org/@eslint-community/regexpp/-/regexpp-4.12.2.tgz. Extracting by manifest.
974 silly tarball no local data for @eslint/js@https://registry.npmjs.org/@eslint/js/-/js-9.39.4.tgz. Extracting by manifest.
975 silly tarball no local data for @eslint/eslintrc@https://registry.npmjs.org/@eslint/eslintrc/-/eslintrc-3.3.5.tgz. Extracting by manifest.
976 silly tarball no local data for @eslint/config-array@https://registry.npmjs.org/@eslint/config-array/-/config-array-0.21.2.tgz. Extracting by manifest.
977 silly tarball no local data for @eslint/core@https://registry.npmjs.org/@eslint/core/-/core-0.17.0.tgz. Extracting by manifest.
978 silly tarball no local data for @eslint/config-helpers@https://registry.npmjs.org/@eslint/config-helpers/-/config-helpers-0.4.2.tgz. Extracting by manifest.
979 silly tarball no local data for @babel/types@https://registry.npmjs.org/@babel/types/-/types-7.29.0.tgz. Extracting by manifest.
980 silly tarball no local data for @alloc/quick-lru@https://registry.npmjs.org/@alloc/quick-lru/-/quick-lru-5.2.0.tgz. Extracting by manifest.
981 silly tarball no local data for @emnapi/runtime@https://registry.npmjs.org/@emnapi/runtime/-/runtime-1.10.0.tgz. Extracting by manifest.
982 silly tarball no local data for @babel/traverse@https://registry.npmjs.org/@babel/traverse/-/traverse-7.29.0.tgz. Extracting by manifest.
983 silly tarball no local data for @emnapi/core@https://registry.npmjs.org/@emnapi/core/-/core-1.10.0.tgz. Extracting by manifest.
984 silly tarball no local data for @emnapi/wasi-threads@https://registry.npmjs.org/@emnapi/wasi-threads/-/wasi-threads-1.2.1.tgz. Extracting by manifest.
985 silly tarball no local data for @babel/parser@https://registry.npmjs.org/@babel/parser/-/parser-7.29.3.tgz. Extracting by manifest.
986 silly tarball no local data for @babel/template@https://registry.npmjs.org/@babel/template/-/template-7.28.6.tgz. Extracting by manifest.
987 silly tarball no local data for @babel/helpers@https://registry.npmjs.org/@babel/helpers/-/helpers-7.29.2.tgz. Extracting by manifest.
988 silly tarball no local data for @babel/helper-validator-option@https://registry.npmjs.org/@babel/helper-validator-option/-/helper-validator-option-7.27.1.tgz. Extracting by manifest.
989 silly tarball no local data for @babel/helper-string-parser@https://registry.npmjs.org/@babel/helper-string-parser/-/helper-string-parser-7.27.1.tgz. Extracting by manifest.
990 silly tarball no local data for @babel/helper-validator-identifier@https://registry.npmjs.org/@babel/helper-validator-identifier/-/helper-validator-identifier-7.28.5.tgz. Extracting by manifest.
991 silly tarball no local data for @babel/helper-module-imports@https://registry.npmjs.org/@babel/helper-module-imports/-/helper-module-imports-7.28.6.tgz. Extracting by manifest.
992 silly tarball no local data for @babel/helper-module-transforms@https://registry.npmjs.org/@babel/helper-module-transforms/-/helper-module-transforms-7.28.6.tgz. Extracting by manifest.
993 silly tarball no local data for @babel/generator@https://registry.npmjs.org/@babel/generator/-/generator-7.29.1.tgz. Extracting by manifest.
994 silly tarball no local data for @babel/helper-globals@https://registry.npmjs.org/@babel/helper-globals/-/helper-globals-7.28.0.tgz. Extracting by manifest.
995 silly tarball no local data for @babel/core@https://registry.npmjs.org/@babel/core/-/core-7.29.0.tgz. Extracting by manifest.
996 silly tarball no local data for @babel/helper-compilation-targets@https://registry.npmjs.org/@babel/helper-compilation-targets/-/helper-compilation-targets-7.28.6.tgz. Extracting by manifest.
997 silly tarball no local data for zod-validation-error@https://registry.npmjs.org/zod-validation-error/-/zod-validation-error-4.0.2.tgz. Extracting by manifest.
998 silly tarball no local data for zod@https://registry.npmjs.org/zod/-/zod-4.4.3.tgz. Extracting by manifest.
999 silly tarball no local data for @babel/compat-data@https://registry.npmjs.org/@babel/compat-data/-/compat-data-7.29.3.tgz. Extracting by manifest.
1000 silly tarball no local data for word-wrap@https://registry.npmjs.org/word-wrap/-/word-wrap-1.2.5.tgz. Extracting by manifest.
1001 silly tarball no local data for @babel/code-frame@https://registry.npmjs.org/@babel/code-frame/-/code-frame-7.29.0.tgz. Extracting by manifest.
1002 silly tarball no local data for yocto-queue@https://registry.npmjs.org/yocto-queue/-/yocto-queue-0.1.0.tgz. Extracting by manifest.
1003 silly tarball no local data for which-typed-array@https://registry.npmjs.org/which-typed-array/-/which-typed-array-1.1.20.tgz. Extracting by manifest.
1004 silly tarball no local data for yallist@https://registry.npmjs.org/yallist/-/yallist-3.1.1.tgz. Extracting by manifest.
1005 silly tarball no local data for which-collection@https://registry.npmjs.org/which-collection/-/which-collection-1.0.2.tgz. Extracting by manifest.
1006 silly tarball no local data for which-boxed-primitive@https://registry.npmjs.org/which-boxed-primitive/-/which-boxed-primitive-1.1.1.tgz. Extracting by manifest.
1007 silly tarball no local data for which-builtin-type@https://registry.npmjs.org/which-builtin-type/-/which-builtin-type-1.2.1.tgz. Extracting by manifest.
1008 silly tarball no local data for which@https://registry.npmjs.org/which/-/which-2.0.2.tgz. Extracting by manifest.
1009 silly tarball no local data for util-deprecate@https://registry.npmjs.org/util-deprecate/-/util-deprecate-1.0.2.tgz. Extracting by manifest.
1010 silly tarball no local data for uri-js@https://registry.npmjs.org/uri-js/-/uri-js-4.4.1.tgz. Extracting by manifest.
1011 silly tarball no local data for update-browserslist-db@https://registry.npmjs.org/update-browserslist-db/-/update-browserslist-db-1.2.3.tgz. Extracting by manifest.
1012 silly tarball no local data for unbox-primitive@https://registry.npmjs.org/unbox-primitive/-/unbox-primitive-1.1.0.tgz. Extracting by manifest.
1013 silly tarball no local data for unrs-resolver@https://registry.npmjs.org/unrs-resolver/-/unrs-resolver-1.11.1.tgz. Extracting by manifest.
1014 silly tarball no local data for undici-types@https://registry.npmjs.org/undici-types/-/undici-types-6.21.0.tgz. Extracting by manifest.
1015 silly tarball no local data for typescript@https://registry.npmjs.org/typescript/-/typescript-5.9.3.tgz. Extracting by manifest.
1016 silly tarball no local data for typescript-eslint@https://registry.npmjs.org/typescript-eslint/-/typescript-eslint-8.59.2.tgz. Extracting by manifest.
1017 silly tarball no local data for typed-array-length@https://registry.npmjs.org/typed-array-length/-/typed-array-length-1.0.7.tgz. Extracting by manifest.
1018 silly tarball no local data for typed-array-byte-length@https://registry.npmjs.org/typed-array-byte-length/-/typed-array-byte-length-1.0.3.tgz. Extracting by manifest.
1019 silly tarball no local data for typed-array-byte-offset@https://registry.npmjs.org/typed-array-byte-offset/-/typed-array-byte-offset-1.0.4.tgz. Extracting by manifest.
1020 silly tarball no local data for typed-array-buffer@https://registry.npmjs.org/typed-array-buffer/-/typed-array-buffer-1.0.3.tgz. Extracting by manifest.
1021 silly tarball no local data for tslib@https://registry.npmjs.org/tslib/-/tslib-2.8.1.tgz. Extracting by manifest.
1022 silly tarball no local data for type-check@https://registry.npmjs.org/type-check/-/type-check-0.4.0.tgz. Extracting by manifest.
1023 silly tarball no local data for tsconfig-paths@https://registry.npmjs.org/tsconfig-paths/-/tsconfig-paths-3.15.0.tgz. Extracting by manifest.
1024 silly tarball no local data for ts-api-utils@https://registry.npmjs.org/ts-api-utils/-/ts-api-utils-2.5.0.tgz. Extracting by manifest.
1025 silly tarball no local data for ts-interface-checker@https://registry.npmjs.org/ts-interface-checker/-/ts-interface-checker-0.1.13.tgz. Extracting by manifest.
1026 silly tarball no local data for tinyglobby@https://registry.npmjs.org/tinyglobby/-/tinyglobby-0.2.16.tgz. Extracting by manifest.
1027 silly tarball no local data for to-regex-range@https://registry.npmjs.org/to-regex-range/-/to-regex-range-5.0.1.tgz. Extracting by manifest.
1028 silly tarball no local data for thenify-all@https://registry.npmjs.org/thenify-all/-/thenify-all-1.6.0.tgz. Extracting by manifest.
1029 silly tarball no local data for thenify@https://registry.npmjs.org/thenify/-/thenify-3.3.1.tgz. Extracting by manifest.
1030 silly tarball no local data for tailwindcss@https://registry.npmjs.org/tailwindcss/-/tailwindcss-3.4.19.tgz. Extracting by manifest.
1031 silly tarball no local data for supports-preserve-symlinks-flag@https://registry.npmjs.org/supports-preserve-symlinks-flag/-/supports-preserve-symlinks-flag-1.0.0.tgz. Extracting by manifest.
1032 silly tarball no local data for tailwind-merge@https://registry.npmjs.org/tailwind-merge/-/tailwind-merge-2.6.1.tgz. Extracting by manifest.
1033 silly tarball no local data for strip-json-comments@https://registry.npmjs.org/strip-json-comments/-/strip-json-comments-3.1.1.tgz. Extracting by manifest.
1034 silly tarball no local data for supports-color@https://registry.npmjs.org/supports-color/-/supports-color-7.2.0.tgz. Extracting by manifest.
1035 silly tarball no local data for strip-bom@https://registry.npmjs.org/strip-bom/-/strip-bom-3.0.0.tgz. Extracting by manifest.
1036 silly tarball no local data for styled-jsx@https://registry.npmjs.org/styled-jsx/-/styled-jsx-5.1.6.tgz. Extracting by manifest.
1037 silly tarball no local data for sucrase@https://registry.npmjs.org/sucrase/-/sucrase-3.35.1.tgz. Extracting by manifest.
1038 silly tarball no local data for string.prototype.trimstart@https://registry.npmjs.org/string.prototype.trimstart/-/string.prototype.trimstart-1.0.8.tgz. Extracting by manifest.
1039 silly tarball no local data for string.prototype.trimend@https://registry.npmjs.org/string.prototype.trimend/-/string.prototype.trimend-1.0.9.tgz. Extracting by manifest.
1040 silly tarball no local data for string.prototype.trim@https://registry.npmjs.org/string.prototype.trim/-/string.prototype.trim-1.2.10.tgz. Extracting by manifest.
1041 silly tarball no local data for string.prototype.repeat@https://registry.npmjs.org/string.prototype.repeat/-/string.prototype.repeat-1.0.0.tgz. Extracting by manifest.
1042 silly tarball no local data for string.prototype.includes@https://registry.npmjs.org/string.prototype.includes/-/string.prototype.includes-2.0.1.tgz. Extracting by manifest.
1043 silly tarball no local data for string.prototype.matchall@https://registry.npmjs.org/string.prototype.matchall/-/string.prototype.matchall-4.0.12.tgz. Extracting by manifest.
1044 silly tarball no local data for stop-iteration-iterator@https://registry.npmjs.org/stop-iteration-iterator/-/stop-iteration-iterator-1.1.0.tgz. Extracting by manifest.
1045 silly tarball no local data for stable-hash@https://registry.npmjs.org/stable-hash/-/stable-hash-0.0.5.tgz. Extracting by manifest.
1046 silly tarball no local data for source-map-js@https://registry.npmjs.org/source-map-js/-/source-map-js-1.2.1.tgz. Extracting by manifest.
1047 silly tarball no local data for side-channel-weakmap@https://registry.npmjs.org/side-channel-weakmap/-/side-channel-weakmap-1.0.2.tgz. Extracting by manifest.
1048 silly tarball no local data for side-channel-map@https://registry.npmjs.org/side-channel-map/-/side-channel-map-1.0.1.tgz. Extracting by manifest.
1049 silly tarball no local data for side-channel@https://registry.npmjs.org/side-channel/-/side-channel-1.1.0.tgz. Extracting by manifest.
1050 silly tarball no local data for side-channel-list@https://registry.npmjs.org/side-channel-list/-/side-channel-list-1.0.1.tgz. Extracting by manifest.
1051 silly tarball no local data for sharp@https://registry.npmjs.org/sharp/-/sharp-0.34.5.tgz. Extracting by manifest.
1052 silly tarball no local data for shebang-regex@https://registry.npmjs.org/shebang-regex/-/shebang-regex-3.0.0.tgz. Extracting by manifest.
1053 silly tarball no local data for set-proto@https://registry.npmjs.org/set-proto/-/set-proto-1.0.0.tgz. Extracting by manifest.
1054 silly tarball no local data for set-function-name@https://registry.npmjs.org/set-function-name/-/set-function-name-2.0.2.tgz. Extracting by manifest.
1055 silly tarball no local data for semver@https://registry.npmjs.org/semver/-/semver-7.8.0.tgz. Extracting by manifest.
1056 silly tarball no local data for set-function-length@https://registry.npmjs.org/set-function-length/-/set-function-length-1.2.2.tgz. Extracting by manifest.
1057 silly tarball no local data for scheduler@https://registry.npmjs.org/scheduler/-/scheduler-0.27.0.tgz. Extracting by manifest.
1058 silly tarball no local data for safe-regex-test@https://registry.npmjs.org/safe-regex-test/-/safe-regex-test-1.1.0.tgz. Extracting by manifest.
1059 silly tarball no local data for safe-array-concat@https://registry.npmjs.org/safe-array-concat/-/safe-array-concat-1.1.4.tgz. Extracting by manifest.
1060 silly tarball no local data for shebang-command@https://registry.npmjs.org/shebang-command/-/shebang-command-2.0.0.tgz. Extracting by manifest.
1061 silly tarball no local data for run-parallel@https://registry.npmjs.org/run-parallel/-/run-parallel-1.2.0.tgz. Extracting by manifest.
1062 silly tarball no local data for resolve-pkg-maps@https://registry.npmjs.org/resolve-pkg-maps/-/resolve-pkg-maps-1.0.0.tgz. Extracting by manifest.
1063 silly tarball no local data for resolve-from@https://registry.npmjs.org/resolve-from/-/resolve-from-4.0.0.tgz. Extracting by manifest.
1064 silly tarball no local data for resolve@https://registry.npmjs.org/resolve/-/resolve-2.0.0-next.6.tgz. Extracting by manifest.
1065 silly tarball no local data for regexp.prototype.flags@https://registry.npmjs.org/regexp.prototype.flags/-/regexp.prototype.flags-1.5.4.tgz. Extracting by manifest.
1066 silly tarball no local data for reusify@https://registry.npmjs.org/reusify/-/reusify-1.1.0.tgz. Extracting by manifest.
1067 silly tarball no local data for reflect.getprototypeof@https://registry.npmjs.org/reflect.getprototypeof/-/reflect.getprototypeof-1.0.10.tgz. Extracting by manifest.
1068 silly tarball no local data for safe-push-apply@https://registry.npmjs.org/safe-push-apply/-/safe-push-apply-1.0.0.tgz. Extracting by manifest.
1069 silly tarball no local data for read-cache@https://registry.npmjs.org/read-cache/-/read-cache-1.0.0.tgz. Extracting by manifest.
1070 silly tarball no local data for readdirp@https://registry.npmjs.org/readdirp/-/readdirp-3.6.0.tgz. Extracting by manifest.
1071 silly tarball no local data for react-is@https://registry.npmjs.org/react-is/-/react-is-16.13.1.tgz. Extracting by manifest.
1072 silly tarball no local data for react@https://registry.npmjs.org/react/-/react-19.2.1.tgz. Extracting by manifest.
1073 silly tarball no local data for react-dom@https://registry.npmjs.org/react-dom/-/react-dom-19.2.1.tgz. Extracting by manifest.
1074 silly tarball no local data for queue-microtask@https://registry.npmjs.org/queue-microtask/-/queue-microtask-1.2.3.tgz. Extracting by manifest.
1075 silly tarball no local data for punycode@https://registry.npmjs.org/punycode/-/punycode-2.3.1.tgz. Extracting by manifest.
1076 silly tarball no local data for prop-types@https://registry.npmjs.org/prop-types/-/prop-types-15.8.1.tgz. Extracting by manifest.
1077 silly tarball no local data for prelude-ls@https://registry.npmjs.org/prelude-ls/-/prelude-ls-1.2.1.tgz. Extracting by manifest.
1078 silly tarball no local data for postcss-selector-parser@https://registry.npmjs.org/postcss-selector-parser/-/postcss-selector-parser-6.1.2.tgz. Extracting by manifest.
1079 silly tarball no local data for postcss-value-parser@https://registry.npmjs.org/postcss-value-parser/-/postcss-value-parser-4.2.0.tgz. Extracting by manifest.
1080 silly tarball no local data for postcss-nested@https://registry.npmjs.org/postcss-nested/-/postcss-nested-6.2.0.tgz. Extracting by manifest.
1081 silly tarball no local data for postcss-js@https://registry.npmjs.org/postcss-js/-/postcss-js-4.1.0.tgz. Extracting by manifest.
1082 silly tarball no local data for postcss-load-config@https://registry.npmjs.org/postcss-load-config/-/postcss-load-config-6.0.1.tgz. Extracting by manifest.
1083 silly tarball no local data for postcss-import@https://registry.npmjs.org/postcss-import/-/postcss-import-15.1.0.tgz. Extracting by manifest.
1084 silly tarball no local data for postcss@https://registry.npmjs.org/postcss/-/postcss-8.5.14.tgz. Extracting by manifest.
1085 silly tarball no local data for possible-typed-array-names@https://registry.npmjs.org/possible-typed-array-names/-/possible-typed-array-names-1.1.0.tgz. Extracting by manifest.
1086 silly tarball no local data for pify@https://registry.npmjs.org/pify/-/pify-2.3.0.tgz. Extracting by manifest.
1087 silly tarball no local data for pirates@https://registry.npmjs.org/pirates/-/pirates-4.0.7.tgz. Extracting by manifest.
1088 silly tarball no local data for picomatch@https://registry.npmjs.org/picomatch/-/picomatch-2.3.2.tgz. Extracting by manifest.
1089 silly tarball no local data for picocolors@https://registry.npmjs.org/picocolors/-/picocolors-1.1.1.tgz. Extracting by manifest.
1090 silly tarball no local data for path-parse@https://registry.npmjs.org/path-parse/-/path-parse-1.0.7.tgz. Extracting by manifest.
1091 silly tarball no local data for path-key@https://registry.npmjs.org/path-key/-/path-key-3.1.1.tgz. Extracting by manifest.
1092 silly tarball no local data for parent-module@https://registry.npmjs.org/parent-module/-/parent-module-1.0.1.tgz. Extracting by manifest.
1093 silly tarball no local data for path-exists@https://registry.npmjs.org/path-exists/-/path-exists-4.0.0.tgz. Extracting by manifest.
1094 silly tarball no local data for p-locate@https://registry.npmjs.org/p-locate/-/p-locate-5.0.0.tgz. Extracting by manifest.
1095 silly tarball no local data for p-limit@https://registry.npmjs.org/p-limit/-/p-limit-3.1.0.tgz. Extracting by manifest.
1096 silly tarball no local data for optionator@https://registry.npmjs.org/optionator/-/optionator-0.9.4.tgz. Extracting by manifest.
1097 silly tarball no local data for object.values@https://registry.npmjs.org/object.values/-/object.values-1.2.1.tgz. Extracting by manifest.
1098 silly tarball no local data for own-keys@https://registry.npmjs.org/own-keys/-/own-keys-1.0.1.tgz. Extracting by manifest.
1099 silly tarball no local data for object.fromentries@https://registry.npmjs.org/object.fromentries/-/object.fromentries-2.0.8.tgz. Extracting by manifest.
1100 silly tarball no local data for object.groupby@https://registry.npmjs.org/object.groupby/-/object.groupby-1.0.3.tgz. Extracting by manifest.
1101 silly tarball no local data for object.entries@https://registry.npmjs.org/object.entries/-/object.entries-1.1.9.tgz. Extracting by manifest.
1102 silly tarball no local data for object.assign@https://registry.npmjs.org/object.assign/-/object.assign-4.1.7.tgz. Extracting by manifest.
1103 silly tarball no local data for object-keys@https://registry.npmjs.org/object-keys/-/object-keys-1.1.1.tgz. Extracting by manifest.
1104 silly tarball no local data for object-inspect@https://registry.npmjs.org/object-inspect/-/object-inspect-1.13.4.tgz. Extracting by manifest.
1105 silly tarball no local data for object-hash@https://registry.npmjs.org/object-hash/-/object-hash-3.0.0.tgz. Extracting by manifest.
1106 silly tarball no local data for object-assign@https://registry.npmjs.org/object-assign/-/object-assign-4.1.1.tgz. Extracting by manifest.
1107 silly tarball no local data for normalize-path@https://registry.npmjs.org/normalize-path/-/normalize-path-3.0.0.tgz. Extracting by manifest.
1108 silly tarball no local data for node-releases@https://registry.npmjs.org/node-releases/-/node-releases-2.0.38.tgz. Extracting by manifest.
1109 silly tarball no local data for napi-postinstall@https://registry.npmjs.org/napi-postinstall/-/napi-postinstall-0.3.4.tgz. Extracting by manifest.
1110 silly tarball no local data for node-exports-info@https://registry.npmjs.org/node-exports-info/-/node-exports-info-1.6.0.tgz. Extracting by manifest.
1111 silly tarball no local data for nanoid@https://registry.npmjs.org/nanoid/-/nanoid-3.3.12.tgz. Extracting by manifest.
1112 silly tarball no local data for natural-compare@https://registry.npmjs.org/natural-compare/-/natural-compare-1.4.0.tgz. Extracting by manifest.
1113 silly tarball no local data for next@https://registry.npmjs.org/next/-/next-16.2.6.tgz. Extracting by manifest.
1114 silly tarball no local data for mz@https://registry.npmjs.org/mz/-/mz-2.7.0.tgz. Extracting by manifest.
1115 silly tarball no local data for ms@https://registry.npmjs.org/ms/-/ms-2.1.3.tgz. Extracting by manifest.
1116 silly tarball no local data for minimist@https://registry.npmjs.org/minimist/-/minimist-1.2.8.tgz. Extracting by manifest.
1117 silly tarball no local data for minimatch@https://registry.npmjs.org/minimatch/-/minimatch-3.1.5.tgz. Extracting by manifest.
1118 silly tarball no local data for merge2@https://registry.npmjs.org/merge2/-/merge2-1.4.1.tgz. Extracting by manifest.
1119 silly tarball no local data for micromatch@https://registry.npmjs.org/micromatch/-/micromatch-4.0.8.tgz. Extracting by manifest.
1120 silly tarball no local data for math-intrinsics@https://registry.npmjs.org/math-intrinsics/-/math-intrinsics-1.1.0.tgz. Extracting by manifest.
1121 silly tarball no local data for lucide-react@https://registry.npmjs.org/lucide-react/-/lucide-react-0.468.0.tgz. Extracting by manifest.
1122 silly tarball no local data for lru-cache@https://registry.npmjs.org/lru-cache/-/lru-cache-5.1.1.tgz. Extracting by manifest.
1123 silly tarball no local data for loose-envify@https://registry.npmjs.org/loose-envify/-/loose-envify-1.4.0.tgz. Extracting by manifest.
1124 silly tarball no local data for locate-path@https://registry.npmjs.org/locate-path/-/locate-path-6.0.0.tgz. Extracting by manifest.
1125 silly tarball no local data for lodash.merge@https://registry.npmjs.org/lodash.merge/-/lodash.merge-4.6.2.tgz. Extracting by manifest.
1126 silly tarball no local data for lines-and-columns@https://registry.npmjs.org/lines-and-columns/-/lines-and-columns-1.2.4.tgz. Extracting by manifest.
1127 silly tarball no local data for lilconfig@https://registry.npmjs.org/lilconfig/-/lilconfig-3.1.3.tgz. Extracting by manifest.
1128 silly tarball no local data for levn@https://registry.npmjs.org/levn/-/levn-0.4.1.tgz. Extracting by manifest.
1129 silly tarball no local data for language-tags@https://registry.npmjs.org/language-tags/-/language-tags-1.0.9.tgz. Extracting by manifest.
1130 silly tarball no local data for language-subtag-registry@https://registry.npmjs.org/language-subtag-registry/-/language-subtag-registry-0.3.23.tgz. Extracting by manifest.
1131 silly tarball no local data for keyv@https://registry.npmjs.org/keyv/-/keyv-4.5.4.tgz. Extracting by manifest.
1132 silly tarball no local data for jsx-ast-utils@https://registry.npmjs.org/jsx-ast-utils/-/jsx-ast-utils-3.3.5.tgz. Extracting by manifest.
1133 silly tarball no local data for json-schema-traverse@https://registry.npmjs.org/json-schema-traverse/-/json-schema-traverse-0.4.1.tgz. Extracting by manifest.
1134 silly tarball no local data for json-stable-stringify-without-jsonify@https://registry.npmjs.org/json-stable-stringify-without-jsonify/-/json-stable-stringify-without-jsonify-1.0.1.tgz. Extracting by manifest.
1135 silly tarball no local data for json-buffer@https://registry.npmjs.org/json-buffer/-/json-buffer-3.0.1.tgz. Extracting by manifest.
1136 silly tarball no local data for jsesc@https://registry.npmjs.org/jsesc/-/jsesc-3.1.0.tgz. Extracting by manifest.
1137 silly tarball no local data for json5@https://registry.npmjs.org/json5/-/json5-1.0.2.tgz. Extracting by manifest.
1138 silly tarball no local data for js-tokens@https://registry.npmjs.org/js-tokens/-/js-tokens-4.0.0.tgz. Extracting by manifest.
1139 silly tarball no local data for iterator.prototype@https://registry.npmjs.org/iterator.prototype/-/iterator.prototype-1.1.5.tgz. Extracting by manifest.
1140 silly tarball no local data for js-yaml@https://registry.npmjs.org/js-yaml/-/js-yaml-4.1.1.tgz. Extracting by manifest.
1141 silly tarball no local data for jiti@https://registry.npmjs.org/jiti/-/jiti-1.21.7.tgz. Extracting by manifest.
1142 silly tarball no local data for isexe@https://registry.npmjs.org/isexe/-/isexe-2.0.0.tgz. Extracting by manifest.
1143 silly tarball no local data for isarray@https://registry.npmjs.org/isarray/-/isarray-2.0.5.tgz. Extracting by manifest.
1144 silly tarball no local data for is-weakset@https://registry.npmjs.org/is-weakset/-/is-weakset-2.0.4.tgz. Extracting by manifest.
1145 silly tarball no local data for is-weakref@https://registry.npmjs.org/is-weakref/-/is-weakref-1.1.1.tgz. Extracting by manifest.
1146 silly tarball no local data for is-weakmap@https://registry.npmjs.org/is-weakmap/-/is-weakmap-2.0.2.tgz. Extracting by manifest.
1147 silly tarball no local data for is-typed-array@https://registry.npmjs.org/is-typed-array/-/is-typed-array-1.1.15.tgz. Extracting by manifest.
1148 silly tarball no local data for is-symbol@https://registry.npmjs.org/is-symbol/-/is-symbol-1.1.1.tgz. Extracting by manifest.
1149 silly tarball no local data for is-string@https://registry.npmjs.org/is-string/-/is-string-1.1.1.tgz. Extracting by manifest.
1150 silly tarball no local data for is-shared-array-buffer@https://registry.npmjs.org/is-shared-array-buffer/-/is-shared-array-buffer-1.0.4.tgz. Extracting by manifest.
1151 silly tarball no local data for is-set@https://registry.npmjs.org/is-set/-/is-set-2.0.3.tgz. Extracting by manifest.
1152 silly tarball no local data for is-regex@https://registry.npmjs.org/is-regex/-/is-regex-1.2.1.tgz. Extracting by manifest.
1153 silly tarball no local data for is-number-object@https://registry.npmjs.org/is-number-object/-/is-number-object-1.1.1.tgz. Extracting by manifest.
1154 silly tarball no local data for is-negative-zero@https://registry.npmjs.org/is-negative-zero/-/is-negative-zero-2.0.3.tgz. Extracting by manifest.
1155 silly tarball no local data for is-number@https://registry.npmjs.org/is-number/-/is-number-7.0.0.tgz. Extracting by manifest.
1156 silly tarball no local data for is-glob@https://registry.npmjs.org/is-glob/-/is-glob-4.0.3.tgz. Extracting by manifest.
1157 silly tarball no local data for is-map@https://registry.npmjs.org/is-map/-/is-map-2.0.3.tgz. Extracting by manifest.
1158 silly tarball no local data for is-generator-function@https://registry.npmjs.org/is-generator-function/-/is-generator-function-1.1.2.tgz. Extracting by manifest.
1159 silly tarball no local data for is-finalizationregistry@https://registry.npmjs.org/is-finalizationregistry/-/is-finalizationregistry-1.1.1.tgz. Extracting by manifest.
1160 silly tarball no local data for is-extglob@https://registry.npmjs.org/is-extglob/-/is-extglob-2.1.1.tgz. Extracting by manifest.
1161 silly tarball no local data for is-date-object@https://registry.npmjs.org/is-date-object/-/is-date-object-1.1.0.tgz. Extracting by manifest.
1162 silly tarball no local data for is-data-view@https://registry.npmjs.org/is-data-view/-/is-data-view-1.0.2.tgz. Extracting by manifest.
1163 silly tarball no local data for is-core-module@https://registry.npmjs.org/is-core-module/-/is-core-module-2.16.2.tgz. Extracting by manifest.
1164 silly tarball no local data for is-callable@https://registry.npmjs.org/is-callable/-/is-callable-1.2.7.tgz. Extracting by manifest.
1165 silly tarball no local data for is-bun-module@https://registry.npmjs.org/is-bun-module/-/is-bun-module-2.0.0.tgz. Extracting by manifest.
1166 silly tarball no local data for is-binary-path@https://registry.npmjs.org/is-binary-path/-/is-binary-path-2.1.0.tgz. Extracting by manifest.
1167 silly tarball no local data for is-boolean-object@https://registry.npmjs.org/is-boolean-object/-/is-boolean-object-1.2.2.tgz. Extracting by manifest.
1168 silly tarball no local data for is-bigint@https://registry.npmjs.org/is-bigint/-/is-bigint-1.1.0.tgz. Extracting by manifest.
1169 silly tarball no local data for is-async-function@https://registry.npmjs.org/is-async-function/-/is-async-function-2.1.1.tgz. Extracting by manifest.
1170 silly tarball no local data for is-array-buffer@https://registry.npmjs.org/is-array-buffer/-/is-array-buffer-3.0.5.tgz. Extracting by manifest.
1171 silly tarball no local data for internal-slot@https://registry.npmjs.org/internal-slot/-/internal-slot-1.1.0.tgz. Extracting by manifest.
1172 silly tarball no local data for imurmurhash@https://registry.npmjs.org/imurmurhash/-/imurmurhash-0.1.4.tgz. Extracting by manifest.
1173 silly tarball no local data for ignore@https://registry.npmjs.org/ignore/-/ignore-5.3.2.tgz. Extracting by manifest.
1174 silly tarball no local data for hermes-parser@https://registry.npmjs.org/hermes-parser/-/hermes-parser-0.25.1.tgz. Extracting by manifest.
1175 silly tarball no local data for import-fresh@https://registry.npmjs.org/import-fresh/-/import-fresh-3.3.1.tgz. Extracting by manifest.
1176 silly tarball no local data for hermes-estree@https://registry.npmjs.org/hermes-estree/-/hermes-estree-0.25.1.tgz. Extracting by manifest.
1177 silly tarball no local data for hasown@https://registry.npmjs.org/hasown/-/hasown-2.0.3.tgz. Extracting by manifest.
1178 silly tarball no local data for has-tostringtag@https://registry.npmjs.org/has-tostringtag/-/has-tostringtag-1.0.2.tgz. Extracting by manifest.
1179 silly tarball no local data for has-symbols@https://registry.npmjs.org/has-symbols/-/has-symbols-1.1.0.tgz. Extracting by manifest.
1180 silly tarball no local data for has-property-descriptors@https://registry.npmjs.org/has-property-descriptors/-/has-property-descriptors-1.0.2.tgz. Extracting by manifest.
1181 silly tarball no local data for has-proto@https://registry.npmjs.org/has-proto/-/has-proto-1.2.0.tgz. Extracting by manifest.
1182 silly tarball no local data for has-bigints@https://registry.npmjs.org/has-bigints/-/has-bigints-1.1.0.tgz. Extracting by manifest.
1183 silly tarball no local data for has-flag@https://registry.npmjs.org/has-flag/-/has-flag-4.0.0.tgz. Extracting by manifest.
1184 silly tarball no local data for globalthis@https://registry.npmjs.org/globalthis/-/globalthis-1.0.4.tgz. Extracting by manifest.
1185 silly tarball no local data for globals@https://registry.npmjs.org/globals/-/globals-14.0.0.tgz. Extracting by manifest.
1186 silly tarball no local data for get-tsconfig@https://registry.npmjs.org/get-tsconfig/-/get-tsconfig-4.14.0.tgz. Extracting by manifest.
1187 silly tarball no local data for glob-parent@https://registry.npmjs.org/glob-parent/-/glob-parent-6.0.2.tgz. Extracting by manifest.
1188 silly tarball no local data for gopd@https://registry.npmjs.org/gopd/-/gopd-1.2.0.tgz. Extracting by manifest.
1189 silly tarball no local data for get-symbol-description@https://registry.npmjs.org/get-symbol-description/-/get-symbol-description-1.1.0.tgz. Extracting by manifest.
1190 silly tarball no local data for get-proto@https://registry.npmjs.org/get-proto/-/get-proto-1.0.1.tgz. Extracting by manifest.
1191 silly tarball no local data for get-intrinsic@https://registry.npmjs.org/get-intrinsic/-/get-intrinsic-1.3.0.tgz. Extracting by manifest.
1192 silly tarball no local data for gensync@https://registry.npmjs.org/gensync/-/gensync-1.0.0-beta.2.tgz. Extracting by manifest.
1193 silly tarball no local data for generator-function@https://registry.npmjs.org/generator-function/-/generator-function-2.0.1.tgz. Extracting by manifest.
1194 silly tarball no local data for functions-have-names@https://registry.npmjs.org/functions-have-names/-/functions-have-names-1.2.3.tgz. Extracting by manifest.
1195 silly tarball no local data for function.prototype.name@https://registry.npmjs.org/function.prototype.name/-/function.prototype.name-1.1.8.tgz. Extracting by manifest.
1196 silly tarball no local data for function-bind@https://registry.npmjs.org/function-bind/-/function-bind-1.1.2.tgz. Extracting by manifest.
1197 silly tarball no local data for for-each@https://registry.npmjs.org/for-each/-/for-each-0.3.5.tgz. Extracting by manifest.
1198 silly tarball no local data for fraction.js@https://registry.npmjs.org/fraction.js/-/fraction.js-5.3.4.tgz. Extracting by manifest.
1199 silly tarball no local data for flatted@https://registry.npmjs.org/flatted/-/flatted-3.4.2.tgz. Extracting by manifest.
1200 silly tarball no local data for flat-cache@https://registry.npmjs.org/flat-cache/-/flat-cache-4.0.1.tgz. Extracting by manifest.
1201 silly tarball no local data for find-up@https://registry.npmjs.org/find-up/-/find-up-5.0.0.tgz. Extracting by manifest.
1202 silly tarball no local data for fill-range@https://registry.npmjs.org/fill-range/-/fill-range-7.1.1.tgz. Extracting by manifest.
1203 silly tarball no local data for file-entry-cache@https://registry.npmjs.org/file-entry-cache/-/file-entry-cache-8.0.0.tgz. Extracting by manifest.
1204 silly tarball no local data for fast-levenshtein@https://registry.npmjs.org/fast-levenshtein/-/fast-levenshtein-2.0.6.tgz. Extracting by manifest.
1205 silly tarball no local data for fastq@https://registry.npmjs.org/fastq/-/fastq-1.20.1.tgz. Extracting by manifest.
1206 silly tarball no local data for fast-json-stable-stringify@https://registry.npmjs.org/fast-json-stable-stringify/-/fast-json-stable-stringify-2.1.0.tgz. Extracting by manifest.
1207 silly tarball no local data for fast-glob@https://registry.npmjs.org/fast-glob/-/fast-glob-3.3.3.tgz. Extracting by manifest.
1208 silly tarball no local data for fast-deep-equal@https://registry.npmjs.org/fast-deep-equal/-/fast-deep-equal-3.1.3.tgz. Extracting by manifest.
1209 silly tarball no local data for esutils@https://registry.npmjs.org/esutils/-/esutils-2.0.3.tgz. Extracting by manifest.
1210 silly tarball no local data for estraverse@https://registry.npmjs.org/estraverse/-/estraverse-5.3.0.tgz. Extracting by manifest.
1211 silly tarball no local data for esrecurse@https://registry.npmjs.org/esrecurse/-/esrecurse-4.3.0.tgz. Extracting by manifest.
1212 silly tarball no local data for esquery@https://registry.npmjs.org/esquery/-/esquery-1.7.0.tgz. Extracting by manifest.
1213 silly tarball no local data for eslint-visitor-keys@https://registry.npmjs.org/eslint-visitor-keys/-/eslint-visitor-keys-3.4.3.tgz. Extracting by manifest.
1214 silly tarball no local data for eslint-scope@https://registry.npmjs.org/eslint-scope/-/eslint-scope-8.4.0.tgz. Extracting by manifest.
1215 silly tarball no local data for eslint-plugin-jsx-a11y@https://registry.npmjs.org/eslint-plugin-jsx-a11y/-/eslint-plugin-jsx-a11y-6.10.2.tgz. Extracting by manifest.
1216 silly tarball no local data for espree@https://registry.npmjs.org/espree/-/espree-10.4.0.tgz. Extracting by manifest.
1217 silly tarball no local data for eslint-plugin-import@https://registry.npmjs.org/eslint-plugin-import/-/eslint-plugin-import-2.32.0.tgz. Extracting by manifest.
1218 silly tarball no local data for eslint-plugin-react-hooks@https://registry.npmjs.org/eslint-plugin-react-hooks/-/eslint-plugin-react-hooks-7.1.1.tgz. Extracting by manifest.
1219 silly tarball no local data for eslint-module-utils@https://registry.npmjs.org/eslint-module-utils/-/eslint-module-utils-2.12.1.tgz. Extracting by manifest.
1220 silly tarball no local data for eslint-import-resolver-typescript@https://registry.npmjs.org/eslint-import-resolver-typescript/-/eslint-import-resolver-typescript-3.10.1.tgz. Extracting by manifest.
1221 silly tarball no local data for eslint-import-resolver-node@https://registry.npmjs.org/eslint-import-resolver-node/-/eslint-import-resolver-node-0.3.10.tgz. Extracting by manifest.
1222 silly tarball no local data for eslint-config-next@https://registry.npmjs.org/eslint-config-next/-/eslint-config-next-16.2.6.tgz. Extracting by manifest.
1223 silly tarball no local data for eslint@https://registry.npmjs.org/eslint/-/eslint-9.39.4.tgz. Extracting by manifest.
1224 silly tarball no local data for escape-string-regexp@https://registry.npmjs.org/escape-string-regexp/-/escape-string-regexp-4.0.0.tgz. Extracting by manifest.
1225 silly tarball no local data for escalade@https://registry.npmjs.org/escalade/-/escalade-3.2.0.tgz. Extracting by manifest.
1226 silly tarball no local data for es-shim-unscopables@https://registry.npmjs.org/es-shim-unscopables/-/es-shim-unscopables-1.1.0.tgz. Extracting by manifest.
1227 silly tarball no local data for es-to-primitive@https://registry.npmjs.org/es-to-primitive/-/es-to-primitive-1.3.0.tgz. Extracting by manifest.
1228 silly tarball no local data for es-set-tostringtag@https://registry.npmjs.org/es-set-tostringtag/-/es-set-tostringtag-2.1.0.tgz. Extracting by manifest.
1229 silly tarball no local data for es-object-atoms@https://registry.npmjs.org/es-object-atoms/-/es-object-atoms-1.1.1.tgz. Extracting by manifest.
1230 silly tarball no local data for es-iterator-helpers@https://registry.npmjs.org/es-iterator-helpers/-/es-iterator-helpers-1.3.2.tgz. Extracting by manifest.
1231 silly tarball no local data for es-abstract@https://registry.npmjs.org/es-abstract/-/es-abstract-1.24.2.tgz. Extracting by manifest.
1232 silly tarball no local data for es-errors@https://registry.npmjs.org/es-errors/-/es-errors-1.3.0.tgz. Extracting by manifest.
1233 silly tarball no local data for emoji-regex@https://registry.npmjs.org/emoji-regex/-/emoji-regex-9.2.2.tgz. Extracting by manifest.
1234 silly tarball no local data for electron-to-chromium@https://registry.npmjs.org/electron-to-chromium/-/electron-to-chromium-1.5.353.tgz. Extracting by manifest.
1235 silly tarball no local data for dunder-proto@https://registry.npmjs.org/dunder-proto/-/dunder-proto-1.0.1.tgz. Extracting by manifest.
1236 silly tarball no local data for doctrine@https://registry.npmjs.org/doctrine/-/doctrine-2.1.0.tgz. Extracting by manifest.
1237 silly tarball no local data for es-define-property@https://registry.npmjs.org/es-define-property/-/es-define-property-1.0.1.tgz. Extracting by manifest.
1238 silly tarball no local data for detect-libc@https://registry.npmjs.org/detect-libc/-/detect-libc-2.1.2.tgz. Extracting by manifest.
1239 silly tarball no local data for dlv@https://registry.npmjs.org/dlv/-/dlv-1.1.3.tgz. Extracting by manifest.
1240 silly tarball no local data for didyoumean@https://registry.npmjs.org/didyoumean/-/didyoumean-1.2.2.tgz. Extracting by manifest.
1241 silly tarball no local data for define-properties@https://registry.npmjs.org/define-properties/-/define-properties-1.2.1.tgz. Extracting by manifest.
1242 silly tarball no local data for define-data-property@https://registry.npmjs.org/define-data-property/-/define-data-property-1.1.4.tgz. Extracting by manifest.
1243 silly tarball no local data for deep-is@https://registry.npmjs.org/deep-is/-/deep-is-0.1.4.tgz. Extracting by manifest.
1244 silly tarball no local data for data-view-byte-offset@https://registry.npmjs.org/data-view-byte-offset/-/data-view-byte-offset-1.0.1.tgz. Extracting by manifest.
1245 silly tarball no local data for debug@https://registry.npmjs.org/debug/-/debug-4.4.3.tgz. Extracting by manifest.
1246 silly tarball no local data for data-view-byte-length@https://registry.npmjs.org/data-view-byte-length/-/data-view-byte-length-1.0.2.tgz. Extracting by manifest.
1247 silly tarball no local data for data-view-buffer@https://registry.npmjs.org/data-view-buffer/-/data-view-buffer-1.0.2.tgz. Extracting by manifest.
1248 silly tarball no local data for csstype@https://registry.npmjs.org/csstype/-/csstype-3.2.3.tgz. Extracting by manifest.
1249 silly tarball no local data for damerau-levenshtein@https://registry.npmjs.org/damerau-levenshtein/-/damerau-levenshtein-1.0.8.tgz. Extracting by manifest.
1250 silly tarball no local data for cssesc@https://registry.npmjs.org/cssesc/-/cssesc-3.0.0.tgz. Extracting by manifest.
1251 silly tarball no local data for cross-spawn@https://registry.npmjs.org/cross-spawn/-/cross-spawn-7.0.6.tgz. Extracting by manifest.
1252 silly tarball no local data for convert-source-map@https://registry.npmjs.org/convert-source-map/-/convert-source-map-2.0.0.tgz. Extracting by manifest.
1253 silly tarball no local data for concat-map@https://registry.npmjs.org/concat-map/-/concat-map-0.0.1.tgz. Extracting by manifest.
1254 silly tarball no local data for color-name@https://registry.npmjs.org/color-name/-/color-name-1.1.4.tgz. Extracting by manifest.
1255 silly tarball no local data for clsx@https://registry.npmjs.org/clsx/-/clsx-2.1.1.tgz. Extracting by manifest.
1256 silly tarball no local data for color-convert@https://registry.npmjs.org/color-convert/-/color-convert-2.0.1.tgz. Extracting by manifest.
1257 silly tarball no local data for client-only@https://registry.npmjs.org/client-only/-/client-only-0.0.1.tgz. Extracting by manifest.
1258 silly tarball no local data for caniuse-lite@https://registry.npmjs.org/caniuse-lite/-/caniuse-lite-1.0.30001792.tgz. Extracting by manifest.
1259 silly tarball no local data for chokidar@https://registry.npmjs.org/chokidar/-/chokidar-3.6.0.tgz. Extracting by manifest.
1260 silly tarball no local data for commander@https://registry.npmjs.org/commander/-/commander-4.1.1.tgz. Extracting by manifest.
1261 silly tarball no local data for chalk@https://registry.npmjs.org/chalk/-/chalk-4.1.2.tgz. Extracting by manifest.
1262 silly tarball no local data for camelcase-css@https://registry.npmjs.org/camelcase-css/-/camelcase-css-2.0.1.tgz. Extracting by manifest.
1263 silly tarball no local data for callsites@https://registry.npmjs.org/callsites/-/callsites-3.1.0.tgz. Extracting by manifest.
1264 silly tarball no local data for call-bind-apply-helpers@https://registry.npmjs.org/call-bind-apply-helpers/-/call-bind-apply-helpers-1.0.2.tgz. Extracting by manifest.
1265 silly tarball no local data for call-bind@https://registry.npmjs.org/call-bind/-/call-bind-1.0.9.tgz. Extracting by manifest.
1266 silly tarball no local data for browserslist@https://registry.npmjs.org/browserslist/-/browserslist-4.28.2.tgz. Extracting by manifest.
1267 silly tarball no local data for binary-extensions@https://registry.npmjs.org/binary-extensions/-/binary-extensions-2.3.0.tgz. Extracting by manifest.
1268 silly tarball no local data for braces@https://registry.npmjs.org/braces/-/braces-3.0.3.tgz. Extracting by manifest.
1269 silly tarball no local data for call-bound@https://registry.npmjs.org/call-bound/-/call-bound-1.0.4.tgz. Extracting by manifest.
1270 silly tarball no local data for brace-expansion@https://registry.npmjs.org/brace-expansion/-/brace-expansion-1.1.14.tgz. Extracting by manifest.
1271 silly tarball no local data for axe-core@https://registry.npmjs.org/axe-core/-/axe-core-4.11.4.tgz. Extracting by manifest.
1272 silly tarball no local data for baseline-browser-mapping@https://registry.npmjs.org/baseline-browser-mapping/-/baseline-browser-mapping-2.10.29.tgz. Extracting by manifest.
1273 silly tarball no local data for balanced-match@https://registry.npmjs.org/balanced-match/-/balanced-match-1.0.2.tgz. Extracting by manifest.
1274 silly tarball no local data for autoprefixer@https://registry.npmjs.org/autoprefixer/-/autoprefixer-10.5.0.tgz. Extracting by manifest.
1275 silly tarball no local data for ast-types-flow@https://registry.npmjs.org/ast-types-flow/-/ast-types-flow-0.0.8.tgz. Extracting by manifest.
1276 silly tarball no local data for async-function@https://registry.npmjs.org/async-function/-/async-function-1.0.0.tgz. Extracting by manifest.
1277 silly tarball no local data for arraybuffer.prototype.slice@https://registry.npmjs.org/arraybuffer.prototype.slice/-/arraybuffer.prototype.slice-1.0.4.tgz. Extracting by manifest.
1278 silly tarball no local data for axobject-query@https://registry.npmjs.org/axobject-query/-/axobject-query-4.1.0.tgz. Extracting by manifest.
1279 silly tarball no local data for array.prototype.flatmap@https://registry.npmjs.org/array.prototype.flatmap/-/array.prototype.flatmap-1.3.3.tgz. Extracting by manifest.
1280 silly tarball no local data for array.prototype.findlastindex@https://registry.npmjs.org/array.prototype.findlastindex/-/array.prototype.findlastindex-1.2.6.tgz. Extracting by manifest.
1281 silly tarball no local data for array.prototype.flat@https://registry.npmjs.org/array.prototype.flat/-/array.prototype.flat-1.3.3.tgz. Extracting by manifest.
1282 silly tarball no local data for array-includes@https://registry.npmjs.org/array-includes/-/array-includes-3.1.9.tgz. Extracting by manifest.
1283 silly tarball no local data for available-typed-arrays@https://registry.npmjs.org/available-typed-arrays/-/available-typed-arrays-1.0.7.tgz. Extracting by manifest.
1284 silly tarball no local data for array.prototype.findlast@https://registry.npmjs.org/array.prototype.findlast/-/array.prototype.findlast-1.2.5.tgz. Extracting by manifest.
1285 silly tarball no local data for array-buffer-byte-length@https://registry.npmjs.org/array-buffer-byte-length/-/array-buffer-byte-length-1.0.2.tgz. Extracting by manifest.
1286 silly tarball no local data for array.prototype.tosorted@https://registry.npmjs.org/array.prototype.tosorted/-/array.prototype.tosorted-1.1.4.tgz. Extracting by manifest.
1287 silly tarball no local data for argparse@https://registry.npmjs.org/argparse/-/argparse-2.0.1.tgz. Extracting by manifest.
1288 silly tarball no local data for arg@https://registry.npmjs.org/arg/-/arg-5.0.2.tgz. Extracting by manifest.
1289 silly tarball no local data for aria-query@https://registry.npmjs.org/aria-query/-/aria-query-5.3.2.tgz. Extracting by manifest.
1290 silly tarball no local data for ajv@https://registry.npmjs.org/ajv/-/ajv-6.15.0.tgz. Extracting by manifest.
1291 silly tarball no local data for anymatch@https://registry.npmjs.org/anymatch/-/anymatch-3.1.3.tgz. Extracting by manifest.
1292 silly tarball no local data for any-promise@https://registry.npmjs.org/any-promise/-/any-promise-1.3.0.tgz. Extracting by manifest.
1293 silly tarball no local data for ansi-styles@https://registry.npmjs.org/ansi-styles/-/ansi-styles-4.3.0.tgz. Extracting by manifest.
1294 silly tarball no local data for acorn-jsx@https://registry.npmjs.org/acorn-jsx/-/acorn-jsx-5.3.2.tgz. Extracting by manifest.
1295 silly tarball no local data for acorn@https://registry.npmjs.org/acorn/-/acorn-8.16.0.tgz. Extracting by manifest.
1296 silly tarball no local data for eslint-visitor-keys@https://registry.npmjs.org/eslint-visitor-keys/-/eslint-visitor-keys-5.0.1.tgz. Extracting by manifest.
1297 silly tarball no local data for minimatch@https://registry.npmjs.org/minimatch/-/minimatch-10.2.5.tgz. Extracting by manifest.
1298 silly tarball no local data for ignore@https://registry.npmjs.org/ignore/-/ignore-7.0.5.tgz. Extracting by manifest.
1299 silly tarball no local data for brace-expansion@https://registry.npmjs.org/brace-expansion/-/brace-expansion-5.0.6.tgz. Extracting by manifest.
1300 silly tarball no local data for balanced-match@https://registry.npmjs.org/balanced-match/-/balanced-match-4.0.4.tgz. Extracting by manifest.
1301 silly tarball no local data for glob-parent@https://registry.npmjs.org/glob-parent/-/glob-parent-5.1.2.tgz. Extracting by manifest.
1302 silly tarball no local data for fast-glob@https://registry.npmjs.org/fast-glob/-/fast-glob-3.3.1.tgz. Extracting by manifest.
1303 silly tarball no local data for semver@https://registry.npmjs.org/semver/-/semver-6.3.1.tgz. Extracting by manifest.
1304 silly tarball no local data for semver@https://registry.npmjs.org/semver/-/semver-6.3.1.tgz. Extracting by manifest.
1305 silly tarball no local data for json5@https://registry.npmjs.org/json5/-/json5-2.2.3.tgz. Extracting by manifest.
1306 silly tarball no local data for resolve@https://registry.npmjs.org/resolve/-/resolve-1.22.12.tgz. Extracting by manifest.
1307 silly tarball no local data for picomatch@https://registry.npmjs.org/picomatch/-/picomatch-4.0.4.tgz. Extracting by manifest.
1308 silly tarball no local data for fdir@https://registry.npmjs.org/fdir/-/fdir-6.5.0.tgz. Extracting by manifest.
1309 silly tarball no local data for resolve@https://registry.npmjs.org/resolve/-/resolve-1.22.12.tgz. Extracting by manifest.
1310 silly tarball no local data for semver@https://registry.npmjs.org/semver/-/semver-6.3.1.tgz. Extracting by manifest.
1311 silly tarball no local data for glob-parent@https://registry.npmjs.org/glob-parent/-/glob-parent-5.1.2.tgz. Extracting by manifest.
1312 silly tarball no local data for postcss@https://registry.npmjs.org/postcss/-/postcss-8.4.31.tgz. Extracting by manifest.
1313 silly tarball no local data for eslint-visitor-keys@https://registry.npmjs.org/eslint-visitor-keys/-/eslint-visitor-keys-4.2.1.tgz. Extracting by manifest.
1314 silly tarball no local data for semver@https://registry.npmjs.org/semver/-/semver-6.3.1.tgz. Extracting by manifest.
1315 silly tarball no local data for debug@https://registry.npmjs.org/debug/-/debug-3.2.7.tgz. Extracting by manifest.
1316 silly tarball no local data for debug@https://registry.npmjs.org/debug/-/debug-3.2.7.tgz. Extracting by manifest.
1317 silly tarball no local data for debug@https://registry.npmjs.org/debug/-/debug-3.2.7.tgz. Extracting by manifest.
1318 silly tarball no local data for eslint-visitor-keys@https://registry.npmjs.org/eslint-visitor-keys/-/eslint-visitor-keys-4.2.1.tgz. Extracting by manifest.
1319 silly tarball no local data for glob-parent@https://registry.npmjs.org/glob-parent/-/glob-parent-5.1.2.tgz. Extracting by manifest.
1320 silly tarball no local data for semver@https://registry.npmjs.org/semver/-/semver-6.3.1.tgz. Extracting by manifest.
1321 silly tarball no local data for globals@https://registry.npmjs.org/globals/-/globals-16.4.0.tgz. Extracting by manifest.
1322 silly tarball no local data for eslint-plugin-react@https://registry.npmjs.org/eslint-plugin-react/-/eslint-plugin-react-7.37.5.tgz. Extracting by manifest.
1323 http fetch POST 200 https://registry.npmjs.org/-/npm/v1/security/advisories/bulk 1051ms
1324 silly audit report {
1324 silly audit report   postcss: [
1324 silly audit report     {
1324 silly audit report       id: 1117015,
1324 silly audit report       url: 'https://github.com/advisories/GHSA-qx2v-qp2m-jg93',
1324 silly audit report       title: 'PostCSS has XSS via Unescaped </style> in its CSS Stringify Output',
1324 silly audit report       severity: 'moderate',
1324 silly audit report       vulnerable_versions: '<8.5.10',
1324 silly audit report       cwe: [Array],
1324 silly audit report       cvss: [Object]
1324 silly audit report     }
1324 silly audit report   ]
1324 silly audit report }
1325 silly packumentCache corgi:https://registry.npmjs.org/postcss cache-miss
1326 http fetch GET 200 https://registry.npmjs.org/@typescript-eslint/parser/-/parser-8.59.2.tgz 931ms (cache miss)
1327 http fetch GET 200 https://registry.npmjs.org/@rtsao/scc/-/scc-1.1.0.tgz 928ms (cache miss)
1328 http fetch GET 200 https://registry.npmjs.org/@types/json5/-/json5-0.0.29.tgz 931ms (cache miss)
1329 http fetch GET 200 https://registry.npmjs.org/@types/json-schema/-/json-schema-7.0.15.tgz 944ms (cache miss)
1330 http fetch GET 200 https://registry.npmjs.org/@typescript-eslint/visitor-keys/-/visitor-keys-8.59.2.tgz 955ms (cache miss)
1331 http fetch GET 200 https://registry.npmjs.org/@types/estree/-/estree-1.0.9.tgz 952ms (cache miss)
1332 http fetch GET 200 https://registry.npmjs.org/@typescript-eslint/tsconfig-utils/-/tsconfig-utils-8.59.2.tgz 962ms (cache miss)
1333 http fetch GET 200 https://registry.npmjs.org/@nolyfill/is-core-module/-/is-core-module-1.0.39.tgz 992ms (cache miss)
1334 http fetch GET 200 https://registry.npmjs.org/@typescript-eslint/project-service/-/project-service-8.59.2.tgz 1041ms (cache miss)
1335 http fetch GET 200 https://registry.npmjs.org/@next/env/-/env-16.2.6.tgz 1082ms (cache miss)
1336 http fetch GET 200 https://registry.npmjs.org/@typescript-eslint/types/-/types-8.59.2.tgz 1104ms (cache miss)
1337 http fetch GET 200 https://registry.npmjs.org/@types/react-dom/-/react-dom-19.2.3.tgz 1167ms (cache miss)
1338 http fetch GET 200 https://registry.npmjs.org/@jridgewell/resolve-uri/-/resolve-uri-3.1.2.tgz 1201ms (cache miss)
1339 http fetch GET 200 https://registry.npmjs.org/@humanfs/types/-/types-0.15.0.tgz 1213ms (cache miss)
1340 http fetch GET 200 https://registry.npmjs.org/@nodelib/fs.stat/-/fs.stat-2.0.5.tgz 1235ms (cache miss)
1341 http fetch GET 200 https://registry.npmjs.org/@img/colour/-/colour-1.1.0.tgz 1300ms (cache miss)
1342 http fetch GET 200 https://registry.npmjs.org/@humanwhocodes/retry/-/retry-0.4.3.tgz 1350ms (cache miss)
1343 http fetch GET 200 https://registry.npmjs.org/@humanwhocodes/module-importer/-/module-importer-1.0.1.tgz 1410ms (cache miss)
1344 http fetch GET 200 https://registry.npmjs.org/@nodelib/fs.walk/-/fs.walk-1.2.8.tgz 1472ms (cache miss)
1345 http fetch GET 200 https://registry.npmjs.org/@types/react/-/react-19.2.14.tgz 1498ms (cache miss)
1346 http fetch GET 200 https://registry.npmjs.org/@eslint/js/-/js-9.39.4.tgz 1496ms (cache miss)
1347 http fetch GET 200 https://registry.npmjs.org/@humanfs/node/-/node-0.16.8.tgz 1510ms (cache miss)
1348 http fetch GET 200 https://registry.npmjs.org/@humanfs/core/-/core-0.19.2.tgz 1559ms (cache miss)
1349 http fetch GET 200 https://registry.npmjs.org/@eslint/object-schema/-/object-schema-2.1.7.tgz 1574ms (cache miss)
1350 http fetch GET 200 https://registry.npmjs.org/@alloc/quick-lru/-/quick-lru-5.2.0.tgz 1599ms (cache miss)
1351 http fetch GET 200 https://registry.npmjs.org/@eslint/plugin-kit/-/plugin-kit-0.4.1.tgz 1606ms (cache miss)
1352 http fetch GET 200 https://registry.npmjs.org/@jridgewell/sourcemap-codec/-/sourcemap-codec-1.5.5.tgz 1613ms (cache miss)
1353 http fetch GET 200 https://registry.npmjs.org/@eslint/config-helpers/-/config-helpers-0.4.2.tgz 1730ms (cache miss)
1354 http fetch GET 200 https://registry.npmjs.org/@eslint/core/-/core-0.17.0.tgz 1753ms (cache miss)
1355 http fetch GET 200 https://registry.npmjs.org/@eslint-community/eslint-utils/-/eslint-utils-4.9.1.tgz 1757ms (cache miss)
1356 http fetch GET 200 https://registry.npmjs.org/@eslint-community/regexpp/-/regexpp-4.12.2.tgz 1763ms (cache miss)
1357 http fetch GET 200 https://registry.npmjs.org/@jridgewell/gen-mapping/-/gen-mapping-0.3.13.tgz 1779ms (cache miss)
1358 http fetch GET 200 https://registry.npmjs.org/@nodelib/fs.scandir/-/fs.scandir-2.1.5.tgz 1820ms (cache miss)
1359 http fetch GET 200 https://registry.npmjs.org/@unrs/resolver-binding-win32-x64-msvc/-/resolver-binding-win32-x64-msvc-1.11.1.tgz 1844ms (cache miss)
1360 http fetch GET 200 https://registry.npmjs.org/@typescript-eslint/type-utils/-/type-utils-8.59.2.tgz 1863ms (cache miss)
1361 http fetch GET 200 https://registry.npmjs.org/@babel/helper-string-parser/-/helper-string-parser-7.27.1.tgz 1843ms (cache miss)
1362 http fetch GET 200 https://registry.npmjs.org/@jridgewell/remapping/-/remapping-2.3.5.tgz 1884ms (cache miss)
1363 http fetch GET 200 https://registry.npmjs.org/@babel/helper-validator-identifier/-/helper-validator-identifier-7.28.5.tgz 1910ms (cache miss)
1364 http fetch GET 200 https://registry.npmjs.org/@emnapi/runtime/-/runtime-1.10.0.tgz 1996ms (cache miss)
1365 http fetch GET 200 https://registry.npmjs.org/@emnapi/wasi-threads/-/wasi-threads-1.2.1.tgz 1996ms (cache miss)
1366 http fetch GET 200 https://registry.npmjs.org/@babel/helper-module-imports/-/helper-module-imports-7.28.6.tgz 2023ms (cache miss)
1367 http fetch GET 200 https://registry.npmjs.org/@tybys/wasm-util/-/wasm-util-0.10.2.tgz 2057ms (cache miss)
1368 http fetch GET 200 https://registry.npmjs.org/@next/eslint-plugin-next/-/eslint-plugin-next-16.2.6.tgz 2076ms (cache miss)
1369 http fetch GET 200 https://registry.npmjs.org/@jridgewell/trace-mapping/-/trace-mapping-0.3.31.tgz 2080ms (cache miss)
1370 http fetch GET 200 https://registry.npmjs.org/@babel/helper-globals/-/helper-globals-7.28.0.tgz 2070ms (cache miss)
1371 http fetch GET 200 https://registry.npmjs.org/@babel/helper-module-transforms/-/helper-module-transforms-7.28.6.tgz 2120ms (cache miss)
1372 http fetch GET 200 https://registry.npmjs.org/@emnapi/core/-/core-1.10.0.tgz 2184ms (cache miss)
1373 http fetch GET 200 https://registry.npmjs.org/@babel/helper-compilation-targets/-/helper-compilation-targets-7.28.6.tgz 2186ms (cache miss)
1374 http fetch GET 200 https://registry.npmjs.org/@typescript-eslint/utils/-/utils-8.59.2.tgz 2245ms (cache miss)
1375 http fetch GET 200 https://registry.npmjs.org/@typescript-eslint/typescript-estree/-/typescript-estree-8.59.2.tgz 2263ms (cache miss)
1376 http fetch GET 200 https://registry.npmjs.org/@babel/traverse/-/traverse-7.29.0.tgz 2297ms (cache miss)
1377 http fetch GET 200 https://registry.npmjs.org/@types/node/-/node-20.19.40.tgz 2391ms (cache miss)
1378 http fetch GET 200 https://registry.npmjs.org/@babel/template/-/template-7.28.6.tgz 2432ms (cache miss)
1379 http fetch GET 200 https://registry.npmjs.org/@babel/compat-data/-/compat-data-7.29.3.tgz 2432ms (cache miss)
1380 http fetch GET 200 https://registry.npmjs.org/word-wrap/-/word-wrap-1.2.5.tgz 2466ms (cache miss)
1381 http fetch GET 200 https://registry.npmjs.org/zod-validation-error/-/zod-validation-error-4.0.2.tgz 2501ms (cache miss)
1382 http fetch GET 200 https://registry.npmjs.org/@napi-rs/wasm-runtime/-/wasm-runtime-0.2.12.tgz 2538ms (cache miss)
1383 http fetch GET 200 https://registry.npmjs.org/@eslint/config-array/-/config-array-0.21.2.tgz 2539ms (cache miss)
1384 http fetch GET 200 https://registry.npmjs.org/yocto-queue/-/yocto-queue-0.1.0.tgz 2533ms (cache miss)
1385 http fetch GET 200 https://registry.npmjs.org/@babel/helper-validator-option/-/helper-validator-option-7.27.1.tgz 2559ms (cache miss)
1386 http fetch GET 200 https://registry.npmjs.org/which-typed-array/-/which-typed-array-1.1.20.tgz 2561ms (cache miss)
1387 http fetch GET 200 https://registry.npmjs.org/yallist/-/yallist-3.1.1.tgz 2620ms (cache miss)
1388 http fetch GET 200 https://registry.npmjs.org/@babel/generator/-/generator-7.29.1.tgz 2635ms (cache miss)
1389 http fetch GET 200 https://registry.npmjs.org/which-collection/-/which-collection-1.0.2.tgz 2635ms (cache miss)
1390 http fetch GET 200 https://registry.npmjs.org/util-deprecate/-/util-deprecate-1.0.2.tgz 2742ms (cache miss)
1391 http fetch GET 200 https://registry.npmjs.org/which/-/which-2.0.2.tgz 2747ms (cache miss)
1392 http fetch GET 200 https://registry.npmjs.org/which-builtin-type/-/which-builtin-type-1.2.1.tgz 2767ms (cache miss)
1393 http fetch GET 200 https://registry.npmjs.org/which-boxed-primitive/-/which-boxed-primitive-1.1.1.tgz 2796ms (cache miss)
1394 http fetch GET 200 https://registry.npmjs.org/update-browserslist-db/-/update-browserslist-db-1.2.3.tgz 2809ms (cache miss)
1395 http fetch GET 200 https://registry.npmjs.org/unbox-primitive/-/unbox-primitive-1.1.0.tgz 2909ms (cache miss)
1396 http fetch GET 200 https://registry.npmjs.org/unrs-resolver/-/unrs-resolver-1.11.1.tgz 2913ms (cache miss)
1397 http fetch GET 200 https://registry.npmjs.org/typescript-eslint/-/typescript-eslint-8.59.2.tgz 2916ms (cache miss)
1398 http fetch GET 200 https://registry.npmjs.org/@babel/parser/-/parser-7.29.3.tgz 2976ms (cache miss)
1399 http fetch GET 200 https://registry.npmjs.org/@eslint/eslintrc/-/eslintrc-3.3.5.tgz 2986ms (cache miss)
1400 http fetch GET 200 https://registry.npmjs.org/typed-array-byte-length/-/typed-array-byte-length-1.0.3.tgz 3004ms (cache miss)
1401 http fetch GET 200 https://registry.npmjs.org/typed-array-byte-offset/-/typed-array-byte-offset-1.0.4.tgz 3017ms (cache miss)
1402 http fetch GET 200 https://registry.npmjs.org/typed-array-buffer/-/typed-array-buffer-1.0.3.tgz 3039ms (cache miss)
1403 http fetch GET 200 https://registry.npmjs.org/typed-array-length/-/typed-array-length-1.0.7.tgz 3042ms (cache miss)
1404 http fetch GET 200 https://registry.npmjs.org/type-check/-/type-check-0.4.0.tgz 3070ms (cache miss)
1405 http fetch GET 200 https://registry.npmjs.org/to-regex-range/-/to-regex-range-5.0.1.tgz 3123ms (cache miss)
1406 http fetch GET 200 https://registry.npmjs.org/@babel/code-frame/-/code-frame-7.29.0.tgz 3139ms (cache miss)
1407 http fetch GET 200 https://registry.npmjs.org/thenify-all/-/thenify-all-1.6.0.tgz 3146ms (cache miss)
1408 http fetch GET 200 https://registry.npmjs.org/tinyglobby/-/tinyglobby-0.2.16.tgz 3154ms (cache miss)
1409 http fetch GET 200 https://registry.npmjs.org/thenify/-/thenify-3.3.1.tgz 3158ms (cache miss)
1410 http fetch GET 200 https://registry.npmjs.org/ts-interface-checker/-/ts-interface-checker-0.1.13.tgz 3185ms (cache miss)
1411 http fetch GET 200 https://registry.npmjs.org/tslib/-/tslib-2.8.1.tgz 3196ms (cache miss)
1412 http fetch GET 200 https://registry.npmjs.org/strip-json-comments/-/strip-json-comments-3.1.1.tgz 3212ms (cache miss)
1413 http fetch GET 200 https://registry.npmjs.org/supports-color/-/supports-color-7.2.0.tgz 3216ms (cache miss)
1414 http fetch GET 200 https://registry.npmjs.org/strip-bom/-/strip-bom-3.0.0.tgz 3221ms (cache miss)
1415 http fetch GET 200 https://registry.npmjs.org/supports-preserve-symlinks-flag/-/supports-preserve-symlinks-flag-1.0.0.tgz 3233ms (cache miss)
1416 http fetch GET 200 https://registry.npmjs.org/ts-api-utils/-/ts-api-utils-2.5.0.tgz 3253ms (cache miss)
1417 http fetch GET 200 https://registry.npmjs.org/string.prototype.trimend/-/string.prototype.trimend-1.0.9.tgz 3261ms (cache miss)
1418 http fetch GET 200 https://registry.npmjs.org/uri-js/-/uri-js-4.4.1.tgz 3285ms (cache miss)
1419 http fetch GET 200 https://registry.npmjs.org/string.prototype.trimstart/-/string.prototype.trimstart-1.0.8.tgz 3280ms (cache miss)
1420 http fetch GET 200 https://registry.npmjs.org/string.prototype.repeat/-/string.prototype.repeat-1.0.0.tgz 3301ms (cache miss)
1421 http fetch GET 200 https://registry.npmjs.org/undici-types/-/undici-types-6.21.0.tgz 3332ms (cache miss)
1422 http fetch GET 200 https://registry.npmjs.org/string.prototype.includes/-/string.prototype.includes-2.0.1.tgz 3356ms (cache miss)
1423 http fetch GET 200 https://registry.npmjs.org/stop-iteration-iterator/-/stop-iteration-iterator-1.1.0.tgz 3404ms (cache miss)
1424 http fetch GET 200 https://registry.npmjs.org/stable-hash/-/stable-hash-0.0.5.tgz 3408ms (cache miss)
1425 http fetch GET 200 https://registry.npmjs.org/side-channel-weakmap/-/side-channel-weakmap-1.0.2.tgz 3451ms (cache miss)
1426 http fetch GET 200 https://registry.npmjs.org/side-channel-map/-/side-channel-map-1.0.1.tgz 3484ms (cache miss)
1427 http fetch GET 200 https://registry.npmjs.org/set-proto/-/set-proto-1.0.0.tgz 3514ms (cache miss)
1428 http fetch GET 200 https://registry.npmjs.org/side-channel-list/-/side-channel-list-1.0.1.tgz 3518ms (cache miss)
1429 http fetch GET 200 https://registry.npmjs.org/shebang-regex/-/shebang-regex-3.0.0.tgz 3526ms (cache miss)
1430 http fetch GET 200 https://registry.npmjs.org/string.prototype.trim/-/string.prototype.trim-1.2.10.tgz 3571ms (cache miss)
1431 http fetch GET 200 https://registry.npmjs.org/set-function-name/-/set-function-name-2.0.2.tgz 3609ms (cache miss)
1432 http fetch GET 200 https://registry.npmjs.org/set-function-length/-/set-function-length-1.2.2.tgz 3674ms (cache miss)
1433 http fetch GET 200 https://registry.npmjs.org/side-channel/-/side-channel-1.1.0.tgz 3684ms (cache miss)
1434 http fetch GET 200 https://registry.npmjs.org/safe-regex-test/-/safe-regex-test-1.1.0.tgz 3684ms (cache miss)
1435 http fetch GET 200 https://registry.npmjs.org/string.prototype.matchall/-/string.prototype.matchall-4.0.12.tgz 3692ms (cache miss)
1436 http fetch GET 200 https://registry.npmjs.org/@babel/types/-/types-7.29.0.tgz 3741ms (cache miss)
1437 http fetch GET 200 https://registry.npmjs.org/resolve-pkg-maps/-/resolve-pkg-maps-1.0.0.tgz 3735ms (cache miss)
1438 http fetch GET 200 https://registry.npmjs.org/safe-array-concat/-/safe-array-concat-1.1.4.tgz 3739ms (cache miss)
1439 http fetch GET 200 https://registry.npmjs.org/run-parallel/-/run-parallel-1.2.0.tgz 3738ms (cache miss)
1440 http fetch GET 200 https://registry.npmjs.org/shebang-command/-/shebang-command-2.0.0.tgz 3747ms (cache miss)
1441 http fetch GET 200 https://registry.npmjs.org/source-map-js/-/source-map-js-1.2.1.tgz 3770ms (cache miss)
1442 http fetch GET 200 https://registry.npmjs.org/resolve-from/-/resolve-from-4.0.0.tgz 3783ms (cache miss)
1443 http fetch GET 200 https://registry.npmjs.org/tailwind-merge/-/tailwind-merge-2.6.1.tgz 3802ms (cache miss)
1444 http fetch GET 200 https://registry.npmjs.org/reusify/-/reusify-1.1.0.tgz 3815ms (cache miss)
1445 http fetch GET 200 https://registry.npmjs.org/safe-push-apply/-/safe-push-apply-1.0.0.tgz 3835ms (cache miss)
1446 http fetch GET 200 https://registry.npmjs.org/read-cache/-/read-cache-1.0.0.tgz 3839ms (cache miss)
1447 http fetch GET 200 https://registry.npmjs.org/readdirp/-/readdirp-3.6.0.tgz 3847ms (cache miss)
1448 http fetch GET 200 https://registry.npmjs.org/scheduler/-/scheduler-0.27.0.tgz 3863ms (cache miss)
1449 http fetch GET 200 https://registry.npmjs.org/styled-jsx/-/styled-jsx-5.1.6.tgz 3904ms (cache miss)
1450 http fetch GET 200 https://registry.npmjs.org/react-is/-/react-is-16.13.1.tgz 3904ms (cache miss)
1451 http fetch GET 200 https://registry.npmjs.org/queue-microtask/-/queue-microtask-1.2.3.tgz 3913ms (cache miss)
1452 http fetch GET 200 https://registry.npmjs.org/punycode/-/punycode-2.3.1.tgz 3949ms (cache miss)
1453 http fetch GET 200 https://registry.npmjs.org/reflect.getprototypeof/-/reflect.getprototypeof-1.0.10.tgz 3982ms (cache miss)
1454 http fetch GET 200 https://registry.npmjs.org/regexp.prototype.flags/-/regexp.prototype.flags-1.5.4.tgz 3990ms (cache miss)
1455 http fetch GET 200 https://registry.npmjs.org/postcss-nested/-/postcss-nested-6.2.0.tgz 3991ms (cache miss)
1456 http fetch GET 200 https://registry.npmjs.org/postcss-js/-/postcss-js-4.1.0.tgz 4007ms (cache miss)
1457 http fetch GET 200 https://registry.npmjs.org/postcss-value-parser/-/postcss-value-parser-4.2.0.tgz 4010ms (cache miss)
1458 http fetch GET 200 https://registry.npmjs.org/postcss-load-config/-/postcss-load-config-6.0.1.tgz 4011ms (cache miss)
1459 http fetch GET 200 https://registry.npmjs.org/prelude-ls/-/prelude-ls-1.2.1.tgz 4028ms (cache miss)
1460 http fetch GET 200 https://registry.npmjs.org/postcss-import/-/postcss-import-15.1.0.tgz 4054ms (cache miss)
1461 http fetch GET 200 https://registry.npmjs.org/possible-typed-array-names/-/possible-typed-array-names-1.1.0.tgz 4109ms (cache miss)
1462 http fetch GET 200 https://registry.npmjs.org/pify/-/pify-2.3.0.tgz 4108ms (cache miss)
1463 http fetch GET 200 https://registry.npmjs.org/prop-types/-/prop-types-15.8.1.tgz 4116ms (cache miss)
1464 http fetch GET 200 https://registry.npmjs.org/pirates/-/pirates-4.0.7.tgz 4129ms (cache miss)
1465 http fetch GET 200 https://registry.npmjs.org/sharp/-/sharp-0.34.5.tgz 4174ms (cache miss)
1466 http fetch GET 200 https://registry.npmjs.org/path-parse/-/path-parse-1.0.7.tgz 4157ms (cache miss)
1467 http fetch GET 200 https://registry.npmjs.org/picocolors/-/picocolors-1.1.1.tgz 4159ms (cache miss)
1468 http fetch GET 200 https://registry.npmjs.org/path-key/-/path-key-3.1.1.tgz 4164ms (cache miss)
1469 http fetch GET 200 https://registry.npmjs.org/@babel/core/-/core-7.29.0.tgz 4220ms (cache miss)
1470 http fetch GET 200 https://registry.npmjs.org/parent-module/-/parent-module-1.0.1.tgz 4189ms (cache miss)
1471 http fetch GET 200 https://registry.npmjs.org/react/-/react-19.2.1.tgz 4199ms (cache miss)
1472 http fetch GET 200 https://registry.npmjs.org/path-exists/-/path-exists-4.0.0.tgz 4191ms (cache miss)
1473 http fetch GET 200 https://registry.npmjs.org/tsconfig-paths/-/tsconfig-paths-3.15.0.tgz 4221ms (cache miss)
1474 http fetch GET 200 https://registry.npmjs.org/picomatch/-/picomatch-2.3.2.tgz 4201ms (cache miss)
1475 http fetch GET 200 https://registry.npmjs.org/p-locate/-/p-locate-5.0.0.tgz 4222ms (cache miss)
1476 http fetch GET 200 https://registry.npmjs.org/p-limit/-/p-limit-3.1.0.tgz 4236ms (cache miss)
1477 http fetch GET 200 https://registry.npmjs.org/semver/-/semver-7.8.0.tgz 4286ms (cache miss)
1478 http fetch GET 200 https://registry.npmjs.org/optionator/-/optionator-0.9.4.tgz 4277ms (cache miss)
1479 http fetch GET 200 https://registry.npmjs.org/object.values/-/object.values-1.2.1.tgz 4286ms (cache miss)
1480 http fetch GET 200 https://registry.npmjs.org/postcss-selector-parser/-/postcss-selector-parser-6.1.2.tgz 4305ms (cache miss)
1481 http fetch GET 200 https://registry.npmjs.org/own-keys/-/own-keys-1.0.1.tgz 4324ms (cache miss)
1482 http fetch GET 200 https://registry.npmjs.org/object.fromentries/-/object.fromentries-2.0.8.tgz 4360ms (cache miss)
1483 http fetch GET 200 https://registry.npmjs.org/object.entries/-/object.entries-1.1.9.tgz 4370ms (cache miss)
1484 http fetch GET 200 https://registry.npmjs.org/object-assign/-/object-assign-4.1.1.tgz 4425ms (cache miss)
1485 http fetch GET 200 https://registry.npmjs.org/normalize-path/-/normalize-path-3.0.0.tgz 4434ms (cache miss)
1486 http fetch GET 200 https://registry.npmjs.org/object-keys/-/object-keys-1.1.1.tgz 4437ms (cache miss)
1487 http fetch GET 200 https://registry.npmjs.org/object-hash/-/object-hash-3.0.0.tgz 4441ms (cache miss)
1488 http fetch GET 200 https://registry.npmjs.org/object.groupby/-/object.groupby-1.0.3.tgz 4449ms (cache miss)
1489 http fetch GET 200 https://registry.npmjs.org/node-releases/-/node-releases-2.0.38.tgz 4450ms (cache miss)
1490 http fetch GET 200 https://registry.npmjs.org/napi-postinstall/-/napi-postinstall-0.3.4.tgz 4466ms (cache miss)
1491 http fetch GET 200 https://registry.npmjs.org/nanoid/-/nanoid-3.3.12.tgz 4494ms (cache miss)
1492 http fetch GET 200 https://registry.npmjs.org/natural-compare/-/natural-compare-1.4.0.tgz 4498ms (cache miss)
1493 http fetch GET 200 https://registry.npmjs.org/object.assign/-/object.assign-4.1.7.tgz 4507ms (cache miss)
1494 http fetch GET 200 https://registry.npmjs.org/postcss/-/postcss-8.5.14.tgz 4520ms (cache miss)
1495 http fetch GET 200 https://registry.npmjs.org/mz/-/mz-2.7.0.tgz 4519ms (cache miss)
1496 http fetch GET 200 https://registry.npmjs.org/ms/-/ms-2.1.3.tgz 4532ms (cache miss)
1497 http fetch GET 200 https://registry.npmjs.org/minimatch/-/minimatch-3.1.5.tgz 4574ms (cache miss)
1498 http fetch GET 200 https://registry.npmjs.org/object-inspect/-/object-inspect-1.13.4.tgz 4583ms (cache miss)
1499 http fetch GET 200 https://registry.npmjs.org/@typescript-eslint/scope-manager/-/scope-manager-8.59.2.tgz 4658ms (cache miss)
1500 http fetch GET 200 https://registry.npmjs.org/merge2/-/merge2-1.4.1.tgz 4588ms (cache miss)
1501 http fetch GET 200 https://registry.npmjs.org/@babel/helpers/-/helpers-7.29.2.tgz 4648ms (cache miss)
1502 http fetch GET 200 https://registry.npmjs.org/micromatch/-/micromatch-4.0.8.tgz 4615ms (cache miss)
1503 http fetch GET 200 https://registry.npmjs.org/lru-cache/-/lru-cache-5.1.1.tgz 4712ms (cache miss)
1504 http fetch GET 200 https://registry.npmjs.org/loose-envify/-/loose-envify-1.4.0.tgz 4725ms (cache miss)
1505 http fetch GET 200 https://registry.npmjs.org/minimist/-/minimist-1.2.8.tgz 4772ms (cache miss)
1506 http fetch GET 200 https://registry.npmjs.org/math-intrinsics/-/math-intrinsics-1.1.0.tgz 4772ms (cache miss)
1507 http fetch GET 200 https://registry.npmjs.org/locate-path/-/locate-path-6.0.0.tgz 4771ms (cache miss)
1508 http fetch GET 200 https://registry.npmjs.org/lines-and-columns/-/lines-and-columns-1.2.4.tgz 4787ms (cache miss)
1509 http fetch GET 200 https://registry.npmjs.org/lodash.merge/-/lodash.merge-4.6.2.tgz 4805ms (cache miss)
1510 http fetch GET 200 https://registry.npmjs.org/lilconfig/-/lilconfig-3.1.3.tgz 4817ms (cache miss)
1511 http fetch GET 200 https://registry.npmjs.org/levn/-/levn-0.4.1.tgz 4858ms (cache miss)
1512 http fetch GET 200 https://registry.npmjs.org/language-tags/-/language-tags-1.0.9.tgz 4900ms (cache miss)
1513 http fetch GET 200 https://registry.npmjs.org/resolve/-/resolve-2.0.0-next.6.tgz 4958ms (cache miss)
1514 http fetch GET 200 https://registry.npmjs.org/keyv/-/keyv-4.5.4.tgz 4937ms (cache miss)
1515 http fetch GET 200 https://registry.npmjs.org/node-exports-info/-/node-exports-info-1.6.0.tgz 4961ms (cache miss)
1516 http fetch GET 200 https://registry.npmjs.org/json-schema-traverse/-/json-schema-traverse-0.4.1.tgz 4955ms (cache miss)
1517 http fetch GET 200 https://registry.npmjs.org/json-buffer/-/json-buffer-3.0.1.tgz 4966ms (cache miss)
1518 http fetch GET 200 https://registry.npmjs.org/jsesc/-/jsesc-3.1.0.tgz 4996ms (cache miss)
1519 http fetch GET 200 https://registry.npmjs.org/js-tokens/-/js-tokens-4.0.0.tgz 5019ms (cache miss)
1520 http fetch GET 200 https://registry.npmjs.org/iterator.prototype/-/iterator.prototype-1.1.5.tgz 5032ms (cache miss)
1521 http fetch GET 200 https://registry.npmjs.org/isexe/-/isexe-2.0.0.tgz 5104ms (cache miss)
1522 http fetch GET 200 https://registry.npmjs.org/isarray/-/isarray-2.0.5.tgz 5125ms (cache miss)
1523 http fetch GET 200 https://registry.npmjs.org/is-weakset/-/is-weakset-2.0.4.tgz 5138ms (cache miss)
1524 http fetch GET 200 https://registry.npmjs.org/is-weakref/-/is-weakref-1.1.1.tgz 5195ms (cache miss)
1525 http fetch GET 200 https://registry.npmjs.org/sucrase/-/sucrase-3.35.1.tgz 5255ms (cache miss)
1526 http fetch GET 200 https://registry.npmjs.org/is-weakmap/-/is-weakmap-2.0.2.tgz 5227ms (cache miss)
1527 http fetch GET 200 https://registry.npmjs.org/json-stable-stringify-without-jsonify/-/json-stable-stringify-without-jsonify-1.0.1.tgz 5238ms (cache miss)
1528 http fetch GET 200 https://registry.npmjs.org/is-typed-array/-/is-typed-array-1.1.15.tgz 5258ms (cache miss)
1529 http fetch GET 200 https://registry.npmjs.org/@swc/helpers/-/helpers-0.5.15.tgz 5390ms (cache miss)
1530 http fetch GET 200 https://registry.npmjs.org/is-symbol/-/is-symbol-1.1.1.tgz 5305ms (cache miss)
1531 http fetch GET 200 https://registry.npmjs.org/is-string/-/is-string-1.1.1.tgz 5325ms (cache miss)
1532 http fetch GET 200 https://registry.npmjs.org/jsx-ast-utils/-/jsx-ast-utils-3.3.5.tgz 5356ms (cache miss)
1533 http fetch GET 200 https://registry.npmjs.org/is-set/-/is-set-2.0.3.tgz 5359ms (cache miss)
1534 http fetch GET 200 https://registry.npmjs.org/@typescript-eslint/eslint-plugin/-/eslint-plugin-8.59.2.tgz 5456ms (cache miss)
1535 http fetch GET 200 https://registry.npmjs.org/is-number-object/-/is-number-object-1.1.1.tgz 5417ms (cache miss)
1536 http fetch GET 200 https://registry.npmjs.org/is-regex/-/is-regex-1.2.1.tgz 5425ms (cache miss)
1537 http fetch GET 200 https://registry.npmjs.org/is-negative-zero/-/is-negative-zero-2.0.3.tgz 5437ms (cache miss)
1538 http fetch GET 200 https://registry.npmjs.org/js-yaml/-/js-yaml-4.1.1.tgz 5491ms (cache miss)
1539 http fetch GET 200 https://registry.npmjs.org/is-number/-/is-number-7.0.0.tgz 5490ms (cache miss)
1540 http fetch GET 200 https://registry.npmjs.org/is-glob/-/is-glob-4.0.3.tgz 5494ms (cache miss)
1541 http fetch GET 200 https://registry.npmjs.org/is-map/-/is-map-2.0.3.tgz 5521ms (cache miss)
1542 http fetch GET 200 https://registry.npmjs.org/is-extglob/-/is-extglob-2.1.1.tgz 5576ms (cache miss)
1543 http fetch GET 200 https://registry.npmjs.org/is-finalizationregistry/-/is-finalizationregistry-1.1.1.tgz 5594ms (cache miss)
1544 http fetch GET 200 https://registry.npmjs.org/is-generator-function/-/is-generator-function-1.1.2.tgz 5611ms (cache miss)
1545 http fetch GET 200 https://registry.npmjs.org/is-date-object/-/is-date-object-1.1.0.tgz 5619ms (cache miss)
1546 http fetch GET 200 https://registry.npmjs.org/is-data-view/-/is-data-view-1.0.2.tgz 5654ms (cache miss)
1547 http fetch GET 200 https://registry.npmjs.org/is-core-module/-/is-core-module-2.16.2.tgz 5681ms (cache miss)
1548 http fetch GET 200 https://registry.npmjs.org/is-bun-module/-/is-bun-module-2.0.0.tgz 5704ms (cache miss)
1549 http fetch GET 200 https://registry.npmjs.org/is-binary-path/-/is-binary-path-2.1.0.tgz 5732ms (cache miss)
1550 http fetch GET 200 https://registry.npmjs.org/is-callable/-/is-callable-1.2.7.tgz 5739ms (cache miss)
1551 http fetch GET 200 https://registry.npmjs.org/is-boolean-object/-/is-boolean-object-1.2.2.tgz 5784ms (cache miss)
1552 http fetch GET 200 https://registry.npmjs.org/is-bigint/-/is-bigint-1.1.0.tgz 5809ms (cache miss)
1553 http fetch GET 200 https://registry.npmjs.org/is-async-function/-/is-async-function-2.1.1.tgz 5841ms (cache miss)
1554 http fetch GET 200 https://registry.npmjs.org/is-array-buffer/-/is-array-buffer-3.0.5.tgz 5852ms (cache miss)
1555 http fetch GET 200 https://registry.npmjs.org/jiti/-/jiti-1.21.7.tgz 5885ms (cache miss)
1556 http fetch GET 200 https://registry.npmjs.org/internal-slot/-/internal-slot-1.1.0.tgz 5890ms (cache miss)
1557 http fetch GET 200 https://registry.npmjs.org/imurmurhash/-/imurmurhash-0.1.4.tgz 5891ms (cache miss)
1558 http fetch GET 200 https://registry.npmjs.org/language-subtag-registry/-/language-subtag-registry-0.3.23.tgz 5944ms (cache miss)
1559 http fetch GET 200 https://registry.npmjs.org/import-fresh/-/import-fresh-3.3.1.tgz 5929ms (cache miss)
1560 http fetch GET 200 https://registry.npmjs.org/ignore/-/ignore-5.3.2.tgz 5942ms (cache miss)
1561 http fetch GET 200 https://registry.npmjs.org/hasown/-/hasown-2.0.3.tgz 5977ms (cache miss)
1562 http fetch GET 200 https://registry.npmjs.org/has-symbols/-/has-symbols-1.1.0.tgz 6022ms (cache miss)
1563 http fetch GET 200 https://registry.npmjs.org/has-tostringtag/-/has-tostringtag-1.0.2.tgz 6030ms (cache miss)
1564 http fetch GET 200 https://registry.npmjs.org/has-property-descriptors/-/has-property-descriptors-1.0.2.tgz 6030ms (cache miss)
1565 http fetch GET 200 https://registry.npmjs.org/hermes-estree/-/hermes-estree-0.25.1.tgz 6038ms (cache miss)
1566 http fetch GET 200 https://registry.npmjs.org/zod/-/zod-4.4.3.tgz 6139ms (cache miss)
1567 http fetch GET 200 https://registry.npmjs.org/has-proto/-/has-proto-1.2.0.tgz 6072ms (cache miss)
1568 http fetch GET 200 https://registry.npmjs.org/has-bigints/-/has-bigints-1.1.0.tgz 6087ms (cache miss)
1569 http fetch GET 200 https://registry.npmjs.org/has-flag/-/has-flag-4.0.0.tgz 6097ms (cache miss)
1570 http fetch GET 200 https://registry.npmjs.org/globalthis/-/globalthis-1.0.4.tgz 6115ms (cache miss)
1571 http fetch GET 200 https://registry.npmjs.org/globals/-/globals-14.0.0.tgz 6147ms (cache miss)
1572 http fetch GET 200 https://registry.npmjs.org/glob-parent/-/glob-parent-6.0.2.tgz 6182ms (cache miss)
1573 http fetch GET 200 https://registry.npmjs.org/gopd/-/gopd-1.2.0.tgz 6194ms (cache miss)
1574 http fetch GET 200 https://registry.npmjs.org/get-symbol-description/-/get-symbol-description-1.1.0.tgz 6221ms (cache miss)
1575 http fetch GET 200 https://registry.npmjs.org/get-proto/-/get-proto-1.0.1.tgz 6238ms (cache miss)
1576 http fetch GET 200 https://registry.npmjs.org/get-intrinsic/-/get-intrinsic-1.3.0.tgz 6300ms (cache miss)
1577 http fetch GET 200 https://registry.npmjs.org/get-tsconfig/-/get-tsconfig-4.14.0.tgz 6312ms (cache miss)
1578 http fetch GET 200 https://registry.npmjs.org/gensync/-/gensync-1.0.0-beta.2.tgz 6334ms (cache miss)
1579 http fetch GET 200 https://registry.npmjs.org/generator-function/-/generator-function-2.0.1.tgz 6343ms (cache miss)
1580 http fetch GET 200 https://registry.npmjs.org/functions-have-names/-/functions-have-names-1.2.3.tgz 6379ms (cache miss)
1581 http fetch GET 200 https://registry.npmjs.org/function.prototype.name/-/function.prototype.name-1.1.8.tgz 6410ms (cache miss)
1582 http fetch GET 200 https://registry.npmjs.org/tailwindcss/-/tailwindcss-3.4.19.tgz 6492ms (cache miss)
1583 http fetch GET 200 https://registry.npmjs.org/function-bind/-/function-bind-1.1.2.tgz 6447ms (cache miss)
1584 http fetch GET 200 https://registry.npmjs.org/for-each/-/for-each-0.3.5.tgz 6484ms (cache miss)
1585 http fetch GET 200 https://registry.npmjs.org/flat-cache/-/flat-cache-4.0.1.tgz 6522ms (cache miss)
1586 http fetch GET 200 https://registry.npmjs.org/flatted/-/flatted-3.4.2.tgz 6534ms (cache miss)
1587 http fetch GET 200 https://registry.npmjs.org/find-up/-/find-up-5.0.0.tgz 6541ms (cache miss)
1588 http fetch GET 200 https://registry.npmjs.org/fraction.js/-/fraction.js-5.3.4.tgz 6543ms (cache miss)
1589 http fetch GET 200 https://registry.npmjs.org/fill-range/-/fill-range-7.1.1.tgz 6587ms (cache miss)
1590 http fetch GET 200 https://registry.npmjs.org/is-shared-array-buffer/-/is-shared-array-buffer-1.0.4.tgz 6611ms (cache miss)
1591 http fetch GET 200 https://registry.npmjs.org/react-dom/-/react-dom-19.2.1.tgz 6679ms (cache miss)
1592 http fetch GET 200 https://registry.npmjs.org/file-entry-cache/-/file-entry-cache-8.0.0.tgz 6633ms (cache miss)
1593 http fetch GET 200 https://registry.npmjs.org/fast-levenshtein/-/fast-levenshtein-2.0.6.tgz 6642ms (cache miss)
1594 http fetch GET 200 https://registry.npmjs.org/fast-json-stable-stringify/-/fast-json-stable-stringify-2.1.0.tgz 6686ms (cache miss)
1595 http fetch GET 200 https://registry.npmjs.org/fastq/-/fastq-1.20.1.tgz 6693ms (cache miss)
1596 http fetch GET 200 https://registry.npmjs.org/esutils/-/esutils-2.0.3.tgz 6750ms (cache miss)
1597 http fetch GET 200 https://registry.npmjs.org/estraverse/-/estraverse-5.3.0.tgz 6750ms (cache miss)
1598 http fetch GET 200 https://registry.npmjs.org/esrecurse/-/esrecurse-4.3.0.tgz 6785ms (cache miss)
1599 http fetch GET 200 https://registry.npmjs.org/fast-glob/-/fast-glob-3.3.3.tgz 6800ms (cache miss)
1600 http fetch GET 200 https://registry.npmjs.org/eslint-visitor-keys/-/eslint-visitor-keys-3.4.3.tgz 6843ms (cache miss)
1601 http fetch GET 200 https://registry.npmjs.org/eslint-scope/-/eslint-scope-8.4.0.tgz 6916ms (cache miss)
1602 http fetch GET 200 https://registry.npmjs.org/espree/-/espree-10.4.0.tgz 6980ms (cache miss)
1603 http fetch GET 200 https://registry.npmjs.org/eslint-import-resolver-node/-/eslint-import-resolver-node-0.3.10.tgz 7160ms (cache miss)
1604 http fetch GET 200 https://registry.npmjs.org/eslint-config-next/-/eslint-config-next-16.2.6.tgz 7341ms (cache miss)
1605 http fetch GET 200 https://registry.npmjs.org/escape-string-regexp/-/escape-string-regexp-4.0.0.tgz 7351ms (cache miss)
1606 http fetch GET 200 https://registry.npmjs.org/esquery/-/esquery-1.7.0.tgz 7357ms (cache miss)
1607 http fetch GET 200 https://registry.npmjs.org/eslint-import-resolver-typescript/-/eslint-import-resolver-typescript-3.10.1.tgz 7375ms (cache miss)
1608 http fetch GET 200 https://registry.npmjs.org/escalade/-/escalade-3.2.0.tgz 7412ms (cache miss)
1609 http fetch GET 200 https://registry.npmjs.org/eslint-module-utils/-/eslint-module-utils-2.12.1.tgz 7448ms (cache miss)
1610 http fetch GET 200 https://registry.npmjs.org/json5/-/json5-1.0.2.tgz 7504ms (cache miss)
1611 http fetch GET 200 https://registry.npmjs.org/hermes-parser/-/hermes-parser-0.25.1.tgz 7491ms (cache miss)
1612 http fetch GET 200 https://registry.npmjs.org/es-set-tostringtag/-/es-set-tostringtag-2.1.0.tgz 7492ms (cache miss)
1613 http fetch GET 200 https://registry.npmjs.org/es-object-atoms/-/es-object-atoms-1.1.1.tgz 7496ms (cache miss)
1614 http fetch GET 200 https://registry.npmjs.org/es-to-primitive/-/es-to-primitive-1.3.0.tgz 7506ms (cache miss)
1615 http fetch GET 200 https://registry.npmjs.org/eslint-plugin-jsx-a11y/-/eslint-plugin-jsx-a11y-6.10.2.tgz 7593ms (cache miss)
1616 http fetch GET 200 https://registry.npmjs.org/es-shim-unscopables/-/es-shim-unscopables-1.1.0.tgz 7627ms (cache miss)
1617 http fetch GET 200 https://registry.npmjs.org/es-errors/-/es-errors-1.3.0.tgz 7649ms (cache miss)
1618 http fetch GET 200 https://registry.npmjs.org/fast-deep-equal/-/fast-deep-equal-3.1.3.tgz 7666ms (cache miss)
1619 http fetch GET 200 https://registry.npmjs.org/emoji-regex/-/emoji-regex-9.2.2.tgz 7702ms (cache miss)
1620 http fetch GET 200 https://registry.npmjs.org/doctrine/-/doctrine-2.1.0.tgz 7866ms (cache miss)
1621 http fetch GET 200 https://registry.npmjs.org/detect-libc/-/detect-libc-2.1.2.tgz 7868ms (cache miss)
1622 http fetch GET 200 https://registry.npmjs.org/electron-to-chromium/-/electron-to-chromium-1.5.353.tgz 7903ms (cache miss)
1623 http fetch GET 200 https://registry.npmjs.org/es-iterator-helpers/-/es-iterator-helpers-1.3.2.tgz 7991ms (cache miss)
1624 http fetch GET 200 https://registry.npmjs.org/dunder-proto/-/dunder-proto-1.0.1.tgz 7992ms (cache miss)
1625 http fetch GET 200 https://registry.npmjs.org/dlv/-/dlv-1.1.3.tgz 8026ms (cache miss)
1626 http fetch GET 200 https://registry.npmjs.org/didyoumean/-/didyoumean-1.2.2.tgz 8029ms (cache miss)
1627 http fetch GET 200 https://registry.npmjs.org/define-properties/-/define-properties-1.2.1.tgz 8059ms (cache miss)
1628 http fetch GET 200 https://registry.npmjs.org/define-data-property/-/define-data-property-1.1.4.tgz 8088ms (cache miss)
1629 http fetch GET 200 https://registry.npmjs.org/data-view-byte-offset/-/data-view-byte-offset-1.0.1.tgz 8216ms (cache miss)
1630 http fetch GET 200 https://registry.npmjs.org/data-view-byte-length/-/data-view-byte-length-1.0.2.tgz 8226ms (cache miss)
1631 http fetch GET 200 https://registry.npmjs.org/debug/-/debug-4.4.3.tgz 8232ms (cache miss)
1632 http fetch GET 200 https://registry.npmjs.org/data-view-buffer/-/data-view-buffer-1.0.2.tgz 8265ms (cache miss)
1633 http fetch GET 200 https://registry.npmjs.org/deep-is/-/deep-is-0.1.4.tgz 8288ms (cache miss)
1634 http fetch GET 200 https://registry.npmjs.org/es-define-property/-/es-define-property-1.0.1.tgz 8291ms (cache miss)
1635 http fetch GET 200 https://registry.npmjs.org/damerau-levenshtein/-/damerau-levenshtein-1.0.8.tgz 8401ms (cache miss)
1636 http fetch GET 200 https://registry.npmjs.org/cssesc/-/cssesc-3.0.0.tgz 8436ms (cache miss)
1637 http fetch GET 200 https://registry.npmjs.org/concat-map/-/concat-map-0.0.1.tgz 8536ms (cache miss)
1638 http fetch GET 200 https://registry.npmjs.org/color-name/-/color-name-1.1.4.tgz 8555ms (cache miss)
1639 http fetch GET 200 https://registry.npmjs.org/eslint-plugin-import/-/eslint-plugin-import-2.32.0.tgz 8584ms (cache miss)
1640 http fetch GET 200 https://registry.npmjs.org/clsx/-/clsx-2.1.1.tgz 8594ms (cache miss)
1641 http fetch GET 200 https://registry.npmjs.org/cross-spawn/-/cross-spawn-7.0.6.tgz 8597ms (cache miss)
1642 http fetch GET 200 https://registry.npmjs.org/client-only/-/client-only-0.0.1.tgz 8681ms (cache miss)
1643 http fetch GET 200 https://registry.npmjs.org/color-convert/-/color-convert-2.0.1.tgz 8698ms (cache miss)
1644 http fetch GET 200 https://registry.npmjs.org/csstype/-/csstype-3.2.3.tgz 8722ms (cache miss)
1645 http fetch GET 200 https://registry.npmjs.org/eslint/-/eslint-9.39.4.tgz 8831ms (cache miss)
1646 http fetch GET 200 https://registry.npmjs.org/convert-source-map/-/convert-source-map-2.0.0.tgz 8834ms (cache miss)
1647 http fetch GET 200 https://registry.npmjs.org/chokidar/-/chokidar-3.6.0.tgz 8834ms (cache miss)
1648 http fetch GET 200 https://registry.npmjs.org/commander/-/commander-4.1.1.tgz 8844ms (cache miss)
1649 http fetch GET 200 https://registry.npmjs.org/camelcase-css/-/camelcase-css-2.0.1.tgz 8859ms (cache miss)
1650 http fetch GET 200 https://registry.npmjs.org/callsites/-/callsites-3.1.0.tgz 8887ms (cache miss)
1651 http fetch GET 200 https://registry.npmjs.org/call-bind-apply-helpers/-/call-bind-apply-helpers-1.0.2.tgz 8970ms (cache miss)
1652 http fetch GET 200 https://registry.npmjs.org/binary-extensions/-/binary-extensions-2.3.0.tgz 8996ms (cache miss)
1653 http fetch GET 200 https://registry.npmjs.org/call-bound/-/call-bound-1.0.4.tgz 9037ms (cache miss)
1654 http fetch GET 200 https://registry.npmjs.org/braces/-/braces-3.0.3.tgz 9039ms (cache miss)
1655 http fetch GET 200 https://registry.npmjs.org/browserslist/-/browserslist-4.28.2.tgz 9040ms (cache miss)
1656 http fetch GET 200 https://registry.npmjs.org/brace-expansion/-/brace-expansion-1.1.14.tgz 9115ms (cache miss)
1657 http fetch GET 200 https://registry.npmjs.org/balanced-match/-/balanced-match-1.0.2.tgz 9178ms (cache miss)
1658 http fetch GET 200 https://registry.npmjs.org/chalk/-/chalk-4.1.2.tgz 9234ms (cache miss)
1659 http fetch GET 200 https://registry.npmjs.org/ast-types-flow/-/ast-types-flow-0.0.8.tgz 9268ms (cache miss)
1660 http fetch GET 200 https://registry.npmjs.org/async-function/-/async-function-1.0.0.tgz 9331ms (cache miss)
1661 http fetch GET 200 https://registry.npmjs.org/baseline-browser-mapping/-/baseline-browser-mapping-2.10.29.tgz 9365ms (cache miss)
1662 http fetch GET 200 https://registry.npmjs.org/autoprefixer/-/autoprefixer-10.5.0.tgz 9366ms (cache miss)
1663 http fetch GET 200 https://registry.npmjs.org/eslint-plugin-react-hooks/-/eslint-plugin-react-hooks-7.1.1.tgz 9394ms (cache miss)
1664 http fetch GET 200 https://registry.npmjs.org/array.prototype.findlastindex/-/array.prototype.findlastindex-1.2.6.tgz 9513ms (cache miss)
1665 http fetch GET 200 https://registry.npmjs.org/array.prototype.flatmap/-/array.prototype.flatmap-1.3.3.tgz 9517ms (cache miss)
1666 http fetch GET 200 https://registry.npmjs.org/array-includes/-/array-includes-3.1.9.tgz 9576ms (cache miss)
1667 http fetch GET 200 https://registry.npmjs.org/axobject-query/-/axobject-query-4.1.0.tgz 9623ms (cache miss)
1668 http fetch GET 200 https://registry.npmjs.org/available-typed-arrays/-/available-typed-arrays-1.0.7.tgz 9634ms (cache miss)
1669 http fetch GET 200 https://registry.npmjs.org/arraybuffer.prototype.slice/-/arraybuffer.prototype.slice-1.0.4.tgz 9647ms (cache miss)
1670 http fetch GET 200 https://registry.npmjs.org/array-buffer-byte-length/-/array-buffer-byte-length-1.0.2.tgz 9676ms (cache miss)
1671 http fetch GET 200 https://registry.npmjs.org/array.prototype.findlast/-/array.prototype.findlast-1.2.5.tgz 9690ms (cache miss)
1672 http fetch GET 200 https://registry.npmjs.org/call-bind/-/call-bind-1.0.9.tgz 9710ms (cache miss)
1673 http fetch GET 200 https://registry.npmjs.org/array.prototype.tosorted/-/array.prototype.tosorted-1.1.4.tgz 9742ms (cache miss)
1674 http fetch GET 200 https://registry.npmjs.org/array.prototype.flat/-/array.prototype.flat-1.3.3.tgz 9764ms (cache miss)
1675 http fetch GET 200 https://registry.npmjs.org/argparse/-/argparse-2.0.1.tgz 9885ms (cache miss)
1676 http fetch GET 200 https://registry.npmjs.org/any-promise/-/any-promise-1.3.0.tgz 9915ms (cache miss)
1677 http fetch GET 200 https://registry.npmjs.org/ansi-styles/-/ansi-styles-4.3.0.tgz 9936ms (cache miss)
1678 http fetch GET 200 https://registry.npmjs.org/arg/-/arg-5.0.2.tgz 9965ms (cache miss)
1679 http fetch GET 200 https://registry.npmjs.org/acorn-jsx/-/acorn-jsx-5.3.2.tgz 10005ms (cache miss)
1680 http fetch GET 200 https://registry.npmjs.org/eslint-visitor-keys/-/eslint-visitor-keys-5.0.1.tgz 10015ms (cache miss)
1681 http fetch GET 200 https://registry.npmjs.org/brace-expansion/-/brace-expansion-5.0.6.tgz 10057ms (cache miss)
1682 http fetch GET 200 https://registry.npmjs.org/anymatch/-/anymatch-3.1.3.tgz 10101ms (cache miss)
1683 http fetch GET 200 https://registry.npmjs.org/glob-parent/-/glob-parent-5.1.2.tgz 10098ms (cache miss)
1684 http fetch GET 200 https://registry.npmjs.org/ignore/-/ignore-7.0.5.tgz 10102ms (cache miss)
1685 http fetch GET 200 https://registry.npmjs.org/balanced-match/-/balanced-match-4.0.4.tgz 10182ms (cache miss)
1686 http fetch GET 200 https://registry.npmjs.org/semver/-/semver-6.3.1.tgz 10194ms (cache miss)
1687 http fetch GET 200 https://registry.npmjs.org/semver/-/semver-6.3.1.tgz 10245ms (cache miss)
1688 http fetch GET 200 https://registry.npmjs.org/fdir/-/fdir-6.5.0.tgz 10259ms (cache miss)
1689 http fetch GET 200 https://registry.npmjs.org/picomatch/-/picomatch-4.0.4.tgz 10293ms (cache miss)
1690 http fetch GET 200 https://registry.npmjs.org/glob-parent/-/glob-parent-5.1.2.tgz 10300ms (cache miss)
1691 http fetch GET 200 https://registry.npmjs.org/aria-query/-/aria-query-5.3.2.tgz 10314ms (cache miss)
1692 http fetch GET 200 https://registry.npmjs.org/acorn/-/acorn-8.16.0.tgz 10326ms (cache miss)
1693 http fetch GET 200 https://registry.npmjs.org/fast-glob/-/fast-glob-3.3.1.tgz 10331ms (cache miss)
1694 http fetch GET 200 https://registry.npmjs.org/eslint-visitor-keys/-/eslint-visitor-keys-4.2.1.tgz 10371ms (cache miss)
1695 http fetch GET 200 https://registry.npmjs.org/minimatch/-/minimatch-10.2.5.tgz 10412ms (cache miss)
1696 http fetch GET 200 https://registry.npmjs.org/ajv/-/ajv-6.15.0.tgz 10417ms (cache miss)
1697 http fetch GET 200 https://registry.npmjs.org/semver/-/semver-6.3.1.tgz 10410ms (cache miss)
1698 http fetch GET 200 https://registry.npmjs.org/debug/-/debug-3.2.7.tgz 10419ms (cache miss)
1699 http fetch GET 200 https://registry.npmjs.org/glob-parent/-/glob-parent-5.1.2.tgz 10467ms (cache miss)
1700 http fetch GET 200 https://registry.npmjs.org/debug/-/debug-3.2.7.tgz 10484ms (cache miss)
1701 http fetch GET 200 https://registry.npmjs.org/eslint-visitor-keys/-/eslint-visitor-keys-4.2.1.tgz 10485ms (cache miss)
1702 http fetch GET 200 https://registry.npmjs.org/postcss/-/postcss-8.4.31.tgz 10492ms (cache miss)
1703 http fetch GET 200 https://registry.npmjs.org/caniuse-lite/-/caniuse-lite-1.0.30001792.tgz 10525ms (cache miss)
1704 http fetch GET 200 https://registry.npmjs.org/resolve/-/resolve-1.22.12.tgz 10535ms (cache miss)
1705 http fetch GET 200 https://registry.npmjs.org/semver/-/semver-6.3.1.tgz 10529ms (cache miss)
1706 http fetch GET 200 https://registry.npmjs.org/globals/-/globals-16.4.0.tgz 10550ms (cache miss)
1707 http fetch GET 200 https://registry.npmjs.org/semver/-/semver-6.3.1.tgz 10605ms (cache miss)
1708 http fetch GET 200 https://registry.npmjs.org/debug/-/debug-3.2.7.tgz 10625ms (cache miss)
1709 http fetch GET 200 https://registry.npmjs.org/postcss 10302ms (cache miss)
1710 silly packumentCache corgi:https://registry.npmjs.org/postcss set size:undefined disposed:false
1711 silly packumentCache corgi:https://registry.npmjs.org/next cache-miss
1712 http fetch GET 200 https://registry.npmjs.org/resolve/-/resolve-1.22.12.tgz 11103ms (cache miss)
1713 http fetch GET 200 https://registry.npmjs.org/axe-core/-/axe-core-4.11.4.tgz 11431ms (cache miss)
1714 http fetch GET 200 https://registry.npmjs.org/lucide-react/-/lucide-react-0.468.0.tgz 11648ms (cache miss)
1715 http fetch GET 200 https://registry.npmjs.org/json5/-/json5-2.2.3.tgz 11703ms (cache miss)
1716 http fetch GET 200 https://registry.npmjs.org/eslint-plugin-react/-/eslint-plugin-react-7.37.5.tgz 11699ms (cache miss)
1717 http fetch GET 200 https://registry.npmjs.org/@img/sharp-win32-x64/-/sharp-win32-x64-0.34.5.tgz 11889ms (cache miss)
1718 http fetch GET 200 https://registry.npmjs.org/next 2701ms (cache miss)
1719 silly packumentCache corgi:https://registry.npmjs.org/next set size:undefined disposed:false
1720 http fetch GET 200 https://registry.npmjs.org/typescript/-/typescript-5.9.3.tgz 15381ms (cache miss)
1721 http fetch GET 200 https://registry.npmjs.org/es-abstract/-/es-abstract-1.24.2.tgz 15599ms (cache miss)
1722 http fetch GET 200 https://registry.npmjs.org/@next/swc-win32-x64-msvc/-/swc-win32-x64-msvc-16.2.6.tgz 24206ms (cache miss)
1723 http fetch GET 200 https://registry.npmjs.org/next/-/next-16.2.6.tgz 35144ms (cache miss)
1724 info run sharp@0.34.5 install node_modules/sharp node install/check.js || npm run build
1725 info run sharp@0.34.5 install { code: 0, signal: null }
1726 info run unrs-resolver@1.11.1 postinstall node_modules/unrs-resolver napi-postinstall unrs-resolver 1.11.1 check
1727 info run unrs-resolver@1.11.1 postinstall { code: 0, signal: null }
1728 silly CHANGE node_modules/@unrs/resolver-binding-win32-x64-msvc
1729 silly CHANGE node_modules/@unrs/resolver-binding-win32-ia32-msvc
1730 silly CHANGE node_modules/@unrs/resolver-binding-win32-arm64-msvc
1731 silly CHANGE node_modules/@unrs/resolver-binding-wasm32-wasi
1732 silly CHANGE node_modules/@unrs/resolver-binding-linux-x64-musl
1733 silly CHANGE node_modules/@unrs/resolver-binding-linux-x64-gnu
1734 silly CHANGE node_modules/@unrs/resolver-binding-linux-s390x-gnu
1735 silly CHANGE node_modules/@unrs/resolver-binding-linux-riscv64-musl
1736 silly CHANGE node_modules/@unrs/resolver-binding-linux-riscv64-gnu
1737 silly CHANGE node_modules/@unrs/resolver-binding-linux-ppc64-gnu
1738 silly CHANGE node_modules/@unrs/resolver-binding-linux-arm64-musl
1739 silly CHANGE node_modules/@unrs/resolver-binding-linux-arm64-gnu
1740 silly CHANGE node_modules/@unrs/resolver-binding-linux-arm-musleabihf
1741 silly CHANGE node_modules/@unrs/resolver-binding-linux-arm-gnueabihf
1742 silly CHANGE node_modules/@unrs/resolver-binding-freebsd-x64
1743 silly CHANGE node_modules/@unrs/resolver-binding-darwin-arm64
1744 silly CHANGE node_modules/@unrs/resolver-binding-darwin-x64
1745 silly CHANGE node_modules/@unrs/resolver-binding-android-arm64
1746 silly CHANGE node_modules/@unrs/resolver-binding-android-arm-eabi
1747 silly CHANGE node_modules/@typescript-eslint/visitor-keys
1748 silly CHANGE node_modules/@typescript-eslint/visitor-keys/node_modules/eslint-visitor-keys
1749 silly CHANGE node_modules/@typescript-eslint/utils
1750 silly CHANGE node_modules/@typescript-eslint/typescript-estree
1751 silly CHANGE node_modules/@typescript-eslint/typescript-estree/node_modules/minimatch
1752 silly CHANGE node_modules/@typescript-eslint/typescript-estree/node_modules/brace-expansion
1753 silly CHANGE node_modules/@typescript-eslint/typescript-estree/node_modules/balanced-match
1754 silly CHANGE node_modules/@typescript-eslint/types
1755 silly CHANGE node_modules/@typescript-eslint/type-utils
1756 silly CHANGE node_modules/@typescript-eslint/tsconfig-utils
1757 silly CHANGE node_modules/@typescript-eslint/scope-manager
1758 silly CHANGE node_modules/@typescript-eslint/project-service
1759 silly CHANGE node_modules/@typescript-eslint/parser
1760 silly CHANGE node_modules/@typescript-eslint/eslint-plugin
1761 silly CHANGE node_modules/@typescript-eslint/eslint-plugin/node_modules/ignore
1762 silly CHANGE node_modules/@types/react-dom
1763 silly CHANGE node_modules/@types/react
1764 silly CHANGE node_modules/@types/node
1765 silly CHANGE node_modules/@types/json5
1766 silly CHANGE node_modules/@types/json-schema
1767 silly CHANGE node_modules/@types/estree
1768 silly CHANGE node_modules/@tybys/wasm-util
1769 silly CHANGE node_modules/@swc/helpers
1770 silly CHANGE node_modules/@rtsao/scc
1771 silly CHANGE node_modules/@nolyfill/is-core-module
1772 silly CHANGE node_modules/@nodelib/fs.stat
1773 silly CHANGE node_modules/@nodelib/fs.walk
1774 silly CHANGE node_modules/@nodelib/fs.scandir
1775 silly CHANGE node_modules/@napi-rs/wasm-runtime
1776 silly CHANGE node_modules/@next/swc-win32-x64-msvc
1777 silly CHANGE node_modules/@next/swc-win32-arm64-msvc
1778 silly CHANGE node_modules/@next/swc-linux-x64-musl
1779 silly CHANGE node_modules/@next/swc-linux-x64-gnu
1780 silly CHANGE node_modules/@next/swc-linux-arm64-musl
1781 silly CHANGE node_modules/@next/swc-linux-arm64-gnu
1782 silly CHANGE node_modules/@next/swc-darwin-x64
1783 silly CHANGE node_modules/@next/swc-darwin-arm64
1784 silly CHANGE node_modules/@next/eslint-plugin-next
1785 silly CHANGE node_modules/@next/eslint-plugin-next/node_modules/glob-parent
1786 silly CHANGE node_modules/@next/eslint-plugin-next/node_modules/fast-glob
1787 silly CHANGE node_modules/@next/env
1788 silly CHANGE node_modules/@jridgewell/trace-mapping
1789 silly CHANGE node_modules/@jridgewell/sourcemap-codec
1790 silly CHANGE node_modules/@jridgewell/resolve-uri
1791 silly CHANGE node_modules/@jridgewell/remapping
1792 silly CHANGE node_modules/@jridgewell/gen-mapping
1793 silly CHANGE node_modules/@img/sharp-win32-x64
1794 silly CHANGE node_modules/@img/sharp-win32-ia32
1795 silly CHANGE node_modules/@img/sharp-wasm32
1796 silly CHANGE node_modules/@img/sharp-win32-arm64
1797 silly CHANGE node_modules/@img/sharp-linuxmusl-x64
1798 silly CHANGE node_modules/@img/sharp-linux-x64
1799 silly CHANGE node_modules/@img/sharp-linuxmusl-arm64
1800 silly CHANGE node_modules/@img/sharp-linux-s390x
1801 silly CHANGE node_modules/@img/sharp-linux-riscv64
1802 silly CHANGE node_modules/@img/sharp-linux-ppc64
1803 silly CHANGE node_modules/@img/sharp-linux-arm64
1804 silly CHANGE node_modules/@img/sharp-linux-arm
1805 silly CHANGE node_modules/@img/sharp-libvips-linuxmusl-x64
1806 silly CHANGE node_modules/@img/sharp-libvips-linuxmusl-arm64
1807 silly CHANGE node_modules/@img/sharp-libvips-linux-x64
1808 silly CHANGE node_modules/@img/sharp-libvips-linux-s390x
1809 silly CHANGE node_modules/@img/sharp-libvips-linux-riscv64
1810 silly CHANGE node_modules/@img/sharp-libvips-linux-ppc64
1811 silly CHANGE node_modules/@img/sharp-libvips-linux-arm64
1812 silly CHANGE node_modules/@img/sharp-libvips-darwin-x64
1813 silly CHANGE node_modules/@img/sharp-libvips-linux-arm
1814 silly CHANGE node_modules/@img/sharp-libvips-darwin-arm64
1815 silly CHANGE node_modules/@img/sharp-darwin-x64
1816 silly CHANGE node_modules/@img/sharp-darwin-arm64
1817 silly CHANGE node_modules/@img/colour
1818 silly CHANGE node_modules/@humanwhocodes/retry
1819 silly CHANGE node_modules/@humanwhocodes/module-importer
1820 silly CHANGE node_modules/@humanfs/types
1821 silly CHANGE node_modules/@humanfs/node
1822 silly CHANGE node_modules/@humanfs/core
1823 silly CHANGE node_modules/@eslint-community/regexpp
1824 silly CHANGE node_modules/@eslint-community/eslint-utils
1825 silly CHANGE node_modules/@eslint/plugin-kit
1826 silly CHANGE node_modules/@eslint/object-schema
1827 silly CHANGE node_modules/@eslint/js
1828 silly CHANGE node_modules/@eslint/eslintrc
1829 silly CHANGE node_modules/@eslint/core
1830 silly CHANGE node_modules/@eslint/config-helpers
1831 silly CHANGE node_modules/@eslint/config-array
1832 silly CHANGE node_modules/@emnapi/wasi-threads
1833 silly CHANGE node_modules/@emnapi/runtime
1834 silly CHANGE node_modules/@emnapi/core
1835 silly CHANGE node_modules/@alloc/quick-lru
1836 silly CHANGE node_modules/@babel/types
1837 silly CHANGE node_modules/@babel/traverse
1838 silly CHANGE node_modules/@babel/template
1839 silly CHANGE node_modules/@babel/parser
1840 silly CHANGE node_modules/@babel/helpers
1841 silly CHANGE node_modules/@babel/helper-validator-identifier
1842 silly CHANGE node_modules/@babel/helper-validator-option
1843 silly CHANGE node_modules/@babel/helper-string-parser
1844 silly CHANGE node_modules/@babel/helper-module-transforms
1845 silly CHANGE node_modules/@babel/helper-module-imports
1846 silly CHANGE node_modules/@babel/helper-globals
1847 silly CHANGE node_modules/@babel/helper-compilation-targets
1848 silly CHANGE node_modules/@babel/helper-compilation-targets/node_modules/semver
1849 silly CHANGE node_modules/@babel/generator
1850 silly CHANGE node_modules/@babel/core
1851 silly CHANGE node_modules/@babel/core/node_modules/json5
1852 silly CHANGE node_modules/@babel/core/node_modules/semver
1853 silly CHANGE node_modules/@babel/compat-data
1854 silly CHANGE node_modules/@babel/code-frame
1855 silly CHANGE node_modules/zod-validation-error
1856 silly CHANGE node_modules/zod
1857 silly CHANGE node_modules/yocto-queue
1858 silly CHANGE node_modules/word-wrap
1859 silly CHANGE node_modules/yallist
1860 silly CHANGE node_modules/which-typed-array
1861 silly CHANGE node_modules/which-collection
1862 silly CHANGE node_modules/which-builtin-type
1863 silly CHANGE node_modules/which-boxed-primitive
1864 silly CHANGE node_modules/which
1865 silly CHANGE node_modules/util-deprecate
1866 silly CHANGE node_modules/uri-js
1867 silly CHANGE node_modules/update-browserslist-db
1868 silly CHANGE node_modules/unrs-resolver
1869 silly CHANGE node_modules/undici-types
1870 silly CHANGE node_modules/unbox-primitive
1871 silly CHANGE node_modules/typescript-eslint
1872 silly CHANGE node_modules/typescript
1873 silly CHANGE node_modules/typed-array-length
1874 silly CHANGE node_modules/typed-array-byte-offset
1875 silly CHANGE node_modules/typed-array-byte-length
1876 silly CHANGE node_modules/typed-array-buffer
1877 silly CHANGE node_modules/type-check
1878 silly CHANGE node_modules/tslib
1879 silly CHANGE node_modules/tsconfig-paths
1880 silly CHANGE node_modules/ts-interface-checker
1881 silly CHANGE node_modules/ts-api-utils
1882 silly CHANGE node_modules/to-regex-range
1883 silly CHANGE node_modules/tinyglobby
1884 silly CHANGE node_modules/tinyglobby/node_modules/picomatch
1885 silly CHANGE node_modules/tinyglobby/node_modules/fdir
1886 silly CHANGE node_modules/thenify-all
1887 silly CHANGE node_modules/thenify
1888 silly CHANGE node_modules/tailwindcss
1889 silly CHANGE node_modules/tailwindcss/node_modules/resolve
1890 silly CHANGE node_modules/tailwind-merge
1891 silly CHANGE node_modules/supports-preserve-symlinks-flag
1892 silly CHANGE node_modules/supports-color
1893 silly CHANGE node_modules/styled-jsx
1894 silly CHANGE node_modules/sucrase
1895 silly CHANGE node_modules/strip-json-comments
1896 silly CHANGE node_modules/strip-bom
1897 silly CHANGE node_modules/string.prototype.trimstart
1898 silly CHANGE node_modules/string.prototype.trimend
1899 silly CHANGE node_modules/string.prototype.trim
1900 silly CHANGE node_modules/string.prototype.repeat
1901 silly CHANGE node_modules/string.prototype.matchall
1902 silly CHANGE node_modules/string.prototype.includes
1903 silly CHANGE node_modules/stop-iteration-iterator
1904 silly CHANGE node_modules/stable-hash
1905 silly CHANGE node_modules/source-map-js
1906 silly CHANGE node_modules/side-channel-weakmap
1907 silly CHANGE node_modules/side-channel-map
1908 silly CHANGE node_modules/side-channel-list
1909 silly CHANGE node_modules/side-channel
1910 silly CHANGE node_modules/shebang-regex
1911 silly CHANGE node_modules/shebang-command
1912 silly CHANGE node_modules/sharp
1913 silly CHANGE node_modules/set-proto
1914 silly CHANGE node_modules/set-function-length
1915 silly CHANGE node_modules/set-function-name
1916 silly CHANGE node_modules/semver
1917 silly CHANGE node_modules/scheduler
1918 silly CHANGE node_modules/safe-regex-test
1919 silly CHANGE node_modules/safe-push-apply
1920 silly CHANGE node_modules/safe-array-concat
1921 silly CHANGE node_modules/run-parallel
1922 silly CHANGE node_modules/resolve-pkg-maps
1923 silly CHANGE node_modules/reusify
1924 silly CHANGE node_modules/resolve-from
1925 silly CHANGE node_modules/resolve
1926 silly CHANGE node_modules/regexp.prototype.flags
1927 silly CHANGE node_modules/reflect.getprototypeof
1928 silly CHANGE node_modules/readdirp
1929 silly CHANGE node_modules/read-cache
1930 silly CHANGE node_modules/react-is
1931 silly CHANGE node_modules/react-dom
1932 silly CHANGE node_modules/react
1933 silly CHANGE node_modules/queue-microtask
1934 silly CHANGE node_modules/punycode
1935 silly CHANGE node_modules/prop-types
1936 silly CHANGE node_modules/prelude-ls
1937 silly CHANGE node_modules/postcss-value-parser
1938 silly CHANGE node_modules/postcss-selector-parser
1939 silly CHANGE node_modules/postcss-nested
1940 silly CHANGE node_modules/postcss-load-config
1941 silly CHANGE node_modules/postcss-js
1942 silly CHANGE node_modules/postcss-import
1943 silly CHANGE node_modules/postcss-import/node_modules/resolve
1944 silly CHANGE node_modules/postcss
1945 silly CHANGE node_modules/possible-typed-array-names
1946 silly CHANGE node_modules/pirates
1947 silly CHANGE node_modules/pify
1948 silly CHANGE node_modules/picomatch
1949 silly CHANGE node_modules/picocolors
1950 silly CHANGE node_modules/path-parse
1951 silly CHANGE node_modules/path-key
1952 silly CHANGE node_modules/path-exists
1953 silly CHANGE node_modules/parent-module
1954 silly CHANGE node_modules/p-locate
1955 silly CHANGE node_modules/p-limit
1956 silly CHANGE node_modules/own-keys
1957 silly CHANGE node_modules/optionator
1958 silly CHANGE node_modules/object.values
1959 silly CHANGE node_modules/object.fromentries
1960 silly CHANGE node_modules/object.groupby
1961 silly CHANGE node_modules/object.entries
1962 silly CHANGE node_modules/object.assign
1963 silly CHANGE node_modules/object-keys
1964 silly CHANGE node_modules/object-inspect
1965 silly CHANGE node_modules/object-hash
1966 silly CHANGE node_modules/object-assign
1967 silly CHANGE node_modules/normalize-path
1968 silly CHANGE node_modules/node-releases
1969 silly CHANGE node_modules/node-exports-info
1970 silly CHANGE node_modules/node-exports-info/node_modules/semver
1971 silly CHANGE node_modules/next
1972 silly CHANGE node_modules/next/node_modules/postcss
1973 silly CHANGE node_modules/napi-postinstall
1974 silly CHANGE node_modules/natural-compare
1975 silly CHANGE node_modules/nanoid
1976 silly CHANGE node_modules/mz
1977 silly CHANGE node_modules/ms
1978 silly CHANGE node_modules/minimist
1979 silly CHANGE node_modules/minimatch
1980 silly CHANGE node_modules/micromatch
1981 silly CHANGE node_modules/merge2
1982 silly CHANGE node_modules/math-intrinsics
1983 silly CHANGE node_modules/lru-cache
1984 silly CHANGE node_modules/lucide-react
1985 silly CHANGE node_modules/loose-envify
1986 silly CHANGE node_modules/lodash.merge
1987 silly CHANGE node_modules/locate-path
1988 silly CHANGE node_modules/lines-and-columns
1989 silly CHANGE node_modules/levn
1990 silly CHANGE node_modules/lilconfig
1991 silly CHANGE node_modules/language-tags
1992 silly CHANGE node_modules/language-subtag-registry
1993 silly CHANGE node_modules/keyv
1994 silly CHANGE node_modules/jsx-ast-utils
1995 silly CHANGE node_modules/json5
1996 silly CHANGE node_modules/json-stable-stringify-without-jsonify
1997 silly CHANGE node_modules/json-schema-traverse
1998 silly CHANGE node_modules/json-buffer
1999 silly CHANGE node_modules/jsesc
2000 silly CHANGE node_modules/js-tokens
2001 silly CHANGE node_modules/js-yaml
2002 silly CHANGE node_modules/iterator.prototype
2003 silly CHANGE node_modules/jiti
2004 silly CHANGE node_modules/isexe
2005 silly CHANGE node_modules/isarray
2006 silly CHANGE node_modules/is-weakset
2007 silly CHANGE node_modules/is-weakref
2008 silly CHANGE node_modules/is-weakmap
2009 silly CHANGE node_modules/is-typed-array
2010 silly CHANGE node_modules/is-symbol
2011 silly CHANGE node_modules/is-string
2012 silly CHANGE node_modules/is-shared-array-buffer
2013 silly CHANGE node_modules/is-set
2014 silly CHANGE node_modules/is-regex
2015 silly CHANGE node_modules/is-number-object
2016 silly CHANGE node_modules/is-number
2017 silly CHANGE node_modules/is-negative-zero
2018 silly CHANGE node_modules/is-glob
2019 silly CHANGE node_modules/is-map
2020 silly CHANGE node_modules/is-generator-function
2021 silly CHANGE node_modules/is-finalizationregistry
2022 silly CHANGE node_modules/is-extglob
2023 silly CHANGE node_modules/is-date-object
2024 silly CHANGE node_modules/is-data-view
2025 silly CHANGE node_modules/is-core-module
2026 silly CHANGE node_modules/is-callable
2027 silly CHANGE node_modules/is-bun-module
2028 silly CHANGE node_modules/is-boolean-object
2029 silly CHANGE node_modules/is-binary-path
2030 silly CHANGE node_modules/is-bigint
2031 silly CHANGE node_modules/is-async-function
2032 silly CHANGE node_modules/is-array-buffer
2033 silly CHANGE node_modules/internal-slot
2034 silly CHANGE node_modules/imurmurhash
2035 silly CHANGE node_modules/import-fresh
2036 silly CHANGE node_modules/ignore
2037 silly CHANGE node_modules/hermes-parser
2038 silly CHANGE node_modules/hermes-estree
2039 silly CHANGE node_modules/hasown
2040 silly CHANGE node_modules/has-tostringtag
2041 silly CHANGE node_modules/has-symbols
2042 silly CHANGE node_modules/has-proto
2043 silly CHANGE node_modules/has-property-descriptors
2044 silly CHANGE node_modules/has-flag
2045 silly CHANGE node_modules/has-bigints
2046 silly CHANGE node_modules/globalthis
2047 silly CHANGE node_modules/gopd
2048 silly CHANGE node_modules/globals
2049 silly CHANGE node_modules/glob-parent
2050 silly CHANGE node_modules/get-tsconfig
2051 silly CHANGE node_modules/get-symbol-description
2052 silly CHANGE node_modules/get-proto
2053 silly CHANGE node_modules/get-intrinsic
2054 silly CHANGE node_modules/gensync
2055 silly CHANGE node_modules/generator-function
2056 silly CHANGE node_modules/functions-have-names
2057 silly CHANGE node_modules/function.prototype.name
2058 silly CHANGE node_modules/function-bind
2059 silly CHANGE node_modules/fsevents
2060 silly CHANGE node_modules/fraction.js
2061 silly CHANGE node_modules/for-each
2062 silly CHANGE node_modules/flatted
2063 silly CHANGE node_modules/flat-cache
2064 silly CHANGE node_modules/find-up
2065 silly CHANGE node_modules/fill-range
2066 silly CHANGE node_modules/file-entry-cache
2067 silly CHANGE node_modules/fastq
2068 silly CHANGE node_modules/fast-levenshtein
2069 silly CHANGE node_modules/fast-json-stable-stringify
2070 silly CHANGE node_modules/fast-glob
2071 silly CHANGE node_modules/fast-glob/node_modules/glob-parent
2072 silly CHANGE node_modules/fast-deep-equal
2073 silly CHANGE node_modules/esutils
2074 silly CHANGE node_modules/estraverse
2075 silly CHANGE node_modules/esrecurse
2076 silly CHANGE node_modules/esquery
2077 silly CHANGE node_modules/eslint-visitor-keys
2078 silly CHANGE node_modules/eslint-scope
2079 silly CHANGE node_modules/espree
2080 silly CHANGE node_modules/espree/node_modules/eslint-visitor-keys
2081 silly CHANGE node_modules/eslint-plugin-jsx-a11y
2082 silly CHANGE node_modules/eslint-plugin-react-hooks
2083 silly CHANGE node_modules/eslint-plugin-import
2084 silly CHANGE node_modules/eslint-plugin-import/node_modules/semver
2085 silly CHANGE node_modules/eslint-plugin-import/node_modules/debug
2086 silly CHANGE node_modules/eslint-module-utils
2087 silly CHANGE node_modules/eslint-module-utils/node_modules/debug
2088 silly CHANGE node_modules/eslint-import-resolver-typescript
2089 silly CHANGE node_modules/eslint-import-resolver-node
2090 silly CHANGE node_modules/eslint-import-resolver-node/node_modules/debug
2091 silly CHANGE node_modules/eslint-config-next
2092 silly CHANGE node_modules/eslint-config-next/node_modules/semver
2093 silly CHANGE node_modules/eslint-config-next/node_modules/globals
2094 silly CHANGE node_modules/eslint-config-next/node_modules/eslint-plugin-react
2095 silly CHANGE node_modules/eslint
2096 silly CHANGE node_modules/eslint/node_modules/eslint-visitor-keys
2097 silly CHANGE node_modules/escape-string-regexp
2098 silly CHANGE node_modules/escalade
2099 silly CHANGE node_modules/es-shim-unscopables
2100 silly CHANGE node_modules/es-to-primitive
2101 silly CHANGE node_modules/es-set-tostringtag
2102 silly CHANGE node_modules/es-object-atoms
2103 silly CHANGE node_modules/es-iterator-helpers
2104 silly CHANGE node_modules/es-define-property
2105 silly CHANGE node_modules/es-errors
2106 silly CHANGE node_modules/es-abstract
2107 silly CHANGE node_modules/emoji-regex
2108 silly CHANGE node_modules/electron-to-chromium
2109 silly CHANGE node_modules/dunder-proto
2110 silly CHANGE node_modules/doctrine
2111 silly CHANGE node_modules/detect-libc
2112 silly CHANGE node_modules/dlv
2113 silly CHANGE node_modules/didyoumean
2114 silly CHANGE node_modules/define-properties
2115 silly CHANGE node_modules/define-data-property
2116 silly CHANGE node_modules/deep-is
2117 silly CHANGE node_modules/data-view-byte-offset
2118 silly CHANGE node_modules/debug
2119 silly CHANGE node_modules/data-view-byte-length
2120 silly CHANGE node_modules/data-view-buffer
2121 silly CHANGE node_modules/damerau-levenshtein
2122 silly CHANGE node_modules/csstype
2123 silly CHANGE node_modules/cssesc
2124 silly CHANGE node_modules/cross-spawn
2125 silly CHANGE node_modules/convert-source-map
2126 silly CHANGE node_modules/concat-map
2127 silly CHANGE node_modules/commander
2128 silly CHANGE node_modules/color-name
2129 silly CHANGE node_modules/color-convert
2130 silly CHANGE node_modules/clsx
2131 silly CHANGE node_modules/client-only
2132 silly CHANGE node_modules/caniuse-lite
2133 silly CHANGE node_modules/chokidar
2134 silly CHANGE node_modules/chokidar/node_modules/glob-parent
2135 silly CHANGE node_modules/chalk
2136 silly CHANGE node_modules/camelcase-css
2137 silly CHANGE node_modules/callsites
2138 silly CHANGE node_modules/call-bound
2139 silly CHANGE node_modules/call-bind-apply-helpers
2140 silly CHANGE node_modules/call-bind
2141 silly CHANGE node_modules/braces
2142 silly CHANGE node_modules/browserslist
2143 silly CHANGE node_modules/binary-extensions
2144 silly CHANGE node_modules/brace-expansion
2145 silly CHANGE node_modules/baseline-browser-mapping
2146 silly CHANGE node_modules/balanced-match
2147 silly CHANGE node_modules/axobject-query
2148 silly CHANGE node_modules/axe-core
2149 silly CHANGE node_modules/available-typed-arrays
2150 silly CHANGE node_modules/autoprefixer
2151 silly CHANGE node_modules/async-function
2152 silly CHANGE node_modules/ast-types-flow
2153 silly CHANGE node_modules/arraybuffer.prototype.slice
2154 silly CHANGE node_modules/array.prototype.tosorted
2155 silly CHANGE node_modules/array.prototype.flatmap
2156 silly CHANGE node_modules/array.prototype.findlastindex
2157 silly CHANGE node_modules/array.prototype.flat
2158 silly CHANGE node_modules/array.prototype.findlast
2159 silly CHANGE node_modules/array-includes
2160 silly CHANGE node_modules/array-buffer-byte-length
2161 silly CHANGE node_modules/aria-query
2162 silly CHANGE node_modules/argparse
2163 silly CHANGE node_modules/arg
2164 silly CHANGE node_modules/anymatch
2165 silly CHANGE node_modules/any-promise
2166 silly CHANGE node_modules/ansi-styles
2167 silly CHANGE node_modules/ajv
2168 silly CHANGE node_modules/acorn-jsx
2169 silly CHANGE node_modules/acorn
2170 verbose cwd C:\Users\kemo1\OneDrive\Documenten\wts\Frontend-main\Frontend-main
2171 verbose os Windows_NT 10.0.26100
2172 verbose node v22.19.0
2173 verbose npm  v10.9.3
2174 verbose exit 0
2175 info ok
